src,dst,rel,match_score,area_ha,producao_t,n_campos,safras
crop:c_14477,crop:c_8174,BROADER,,,,,
crop:c_9786,crop:c_8174,BROADER,,,,,
crop:c_3376,crop:c_8174,BROADER,,,,,
crop:c_12151,crop:c_3376,BROADER,,,,,
crop:c_779f4094,crop:c_12151,BROADER,,,,,
crop:c_934c0772,crop:c_12151,BROADER,,,,,
crop:c_53379b65,crop:c_12151,BROADER,,,,,
crop:c_10596,crop:c_3376,BROADER,,,,,
crop:c_1127,crop:c_3376,BROADER,,,,,
crop:c_1173,crop:c_3376,BROADER,,,,,
crop:c_4070,crop:c_3376,BROADER,,,,,
crop:c_1bd94c09,crop:c_4070,BROADER,,,,,
crop:c_9804,crop:c_3376,BROADER,,,,,
crop:c_14508,crop:c_3376,BROADER,,,,,
crop:c_15275,crop:c_3376,BROADER,,,,,
crop:c_331477,crop:c_3376,BROADER,,,,,
crop:c_7303,crop:c_3376,BROADER,,,,,
crop:c_b9d885f6,crop:c_3376,BROADER,,,,,
crop:c_c32f344d,crop:c_3376,BROADER,,,,,
crop:c_5f3deb25,crop:c_3376,BROADER,,,,,
crop:c_5c9e76bc,crop:c_3376,BROADER,,,,,
crop:c_3f9d5fa9,crop:c_3376,BROADER,,,,,
crop:c_bee45268,crop:c_3376,BROADER,,,,,
crop:c_d83a24a2,crop:c_3376,BROADER,,,,,
crop:c_7552,crop:c_8174,BROADER,,,,,
crop:c_3129,crop:c_8174,BROADER,,,,,
crop:c_7805,crop:c_3129,BROADER,,,,,
crop:c_36700,crop:c_7805,BROADER,,,,,
crop:c_8998,crop:c_3129,BROADER,,,,,
crop:c_12920,crop:c_3129,BROADER,,,,,
crop:c_14727,crop:c_3129,BROADER,,,,,
crop:c_2006,crop:c_8174,BROADER,,,,,
crop:c_10195,crop:c_2006,BROADER,,,,,
crop:c_11141,crop:c_10195,BROADER,,,,,
crop:c_37735,crop:c_2006,BROADER,,,,,
crop:c_8411,crop:c_37735,BROADER,,,,,
crop:c_6369,crop:c_37735,BROADER,,,,,
crop:c_12414,crop:c_37735,BROADER,,,,,
crop:c_35856,crop:c_37735,BROADER,,,,,
crop:c_1a58779c,crop:c_37735,BROADER,,,,,
crop:c_670,crop:c_8174,BROADER,,,,,
crop:c_3666,crop:c_8174,BROADER,,,,,
crop:c_4988,crop:c_8174,BROADER,,,,,
crop:c_8089,crop:c_8174,BROADER,,,,,
crop:c_8632,crop:c_8174,BROADER,,,,,
crop:c_9631,crop:c_8174,BROADER,,,,,
crop:c_9785,crop:c_8174,BROADER,,,,,
crop:c_12140,crop:c_8174,BROADER,,,,,
crop:c_13177,crop:c_8174,BROADER,,,,,
crop:c_10722,crop:c_8174,BROADER,,,,,
crop:c_331566,crop:c_8174,BROADER,,,,,
crop:c_4098,crop:c_331566,BROADER,,,,,
crop:c_f461a9d7,crop:c_4098,BROADER,,,,,
crop:c_04e08adc,crop:c_4098,BROADER,,,,,
crop:c_94046467,crop:c_331566,BROADER,,,,,
crop:c_801,crop:c_8174,BROADER,,,,,
crop:c_6647,crop:c_8174,BROADER,,,,,
crop:c_9649,crop:c_6647,BROADER,,,,,
crop:c_867,crop:c_6647,BROADER,,,,,
crop:c_1411,crop:c_6647,BROADER,,,,,
crop:c_8019,crop:c_6647,BROADER,,,,,
crop:c_14791,crop:c_6647,BROADER,,,,,
crop:c_6713,crop:c_6647,BROADER,,,,,
crop:c_8478,crop:c_6647,BROADER,,,,,
crop:c_8639,crop:c_8478,BROADER,,,,,
crop:c_b62580dc,crop:c_8478,BROADER,,,,,
crop:c_4ad84693,crop:c_8478,BROADER,,,,,
crop:c_68ded8bf,crop:c_8478,BROADER,,,,,
crop:c_f4f7b60f,crop:c_8478,BROADER,,,,,
crop:c_54e79c40,crop:c_8478,BROADER,,,,,
crop:c_ac086db8,crop:c_8478,BROADER,,,,,
crop:c_6060d12c,crop:c_8478,BROADER,,,,,
crop:c_bd43049a,crop:c_8478,BROADER,,,,,
crop:c_33c5958f,crop:c_8478,BROADER,,,,,
crop:c_38c2b537,crop:c_8478,BROADER,,,,,
crop:c_2a17f2e0,crop:c_8478,BROADER,,,,,
crop:c_9640,crop:c_6647,BROADER,,,,,
crop:c_11903,crop:c_6647,BROADER,,,,,
crop:c_13122,crop:c_6647,BROADER,,,,,
crop:c_13551,crop:c_6647,BROADER,,,,,
crop:c_10081,crop:c_13551,BROADER,,,,,
crop:c_13735,crop:c_6647,BROADER,,,,,
crop:c_14055,crop:c_6647,BROADER,,,,,
crop:c_14729,crop:c_6647,BROADER,,,,,
crop:c_8c81ebbc,crop:c_14729,BROADER,,,,,
crop:c_11614,crop:c_6647,BROADER,,,,,
crop:c_0f628632,crop:c_6647,BROADER,,,,,
crop:c_1af96a53,crop:c_6647,BROADER,,,,,
crop:c_7f40dbdf,crop:c_6647,BROADER,,,,,
crop:c_d1c9cfce,crop:c_6647,BROADER,,,,,
crop:c_700f9441,crop:c_6647,BROADER,,,,,
crop:c_1143,crop:c_8174,BROADER,,,,,
crop:c_4040,crop:c_1143,BROADER,,,,,
crop:c_12128,crop:c_1143,BROADER,,,,,
crop:c_12934,crop:c_1143,BROADER,,,,,
crop:c_14233,crop:c_1143,BROADER,,,,,
crop:c_9813,crop:c_1143,BROADER,,,,,
crop:c_11091,crop:c_1143,BROADER,,,,,
crop:c_ffd65b9e,crop:c_1143,BROADER,,,,,
crop:c_2487,crop:c_8174,BROADER,,,,,
crop:c_221f3324,crop:c_2487,BROADER,,,,,
crop:c_7388,crop:c_8174,BROADER,,,,,
crop:c_1412,crop:c_7388,BROADER,,,,,
crop:c_4114,crop:c_7388,BROADER,,,,,
crop:c_11089,crop:c_7388,BROADER,,,,,
crop:c_5989,crop:c_8174,BROADER,,,,,
crop:c_9623,crop:c_8174,BROADER,,,,,
crop:c_11766,crop:c_8174,BROADER,,,,,
crop:c_11171,crop:c_11766,BROADER,,,,,
crop:c_1394,crop:c_11766,BROADER,,,,,
crop:c_7339,crop:c_11766,BROADER,,,,,
crop:c_15889,crop:c_8174,BROADER,,,,,
crop:c_17156,crop:c_8174,BROADER,,,,,
crop:c_28302,crop:c_8174,BROADER,,,,,
crop:c_32502,crop:c_8174,BROADER,,,,,
crop:c_330156,crop:c_8174,BROADER,,,,,
crop:c_10789,crop:c_8174,BROADER,,,,,
crop:c_87057e4f,crop:c_8174,BROADER,,,,,
crop:c_a8b0f9a7,crop:c_8174,BROADER,,,,,
cropfamily:brassica,trait:co_348_2000001,HAS_TRAIT,,,,,
cropfamily:brassica,trait:co_348_2000002,HAS_TRAIT,,,,,
cropfamily:brassica,trait:co_348_2000003,HAS_TRAIT,,,,,
cropfamily:brassica,trait:co_348_2100125,HAS_TRAIT,,,,,
cropfamily:brassica,trait:co_348_2000004,HAS_TRAIT,,,,,
cropfamily:brassica,trait:co_348_2000005,HAS_TRAIT,,,,,
cropfamily:brassica,trait:co_348_2000006,HAS_TRAIT,,,,,
cropfamily:brassica,trait:co_348_2000007,HAS_TRAIT,,,,,
cropfamily:brassica,trait:co_348_2000008,HAS_TRAIT,,,,,
cropfamily:brassica,trait:co_348_2000009,HAS_TRAIT,,,,,
cropfamily:brassica,trait:co_348_2000010,HAS_TRAIT,,,,,
cropfamily:brassica,trait:co_348_2000011,HAS_TRAIT,,,,,
cropfamily:brassica,trait:co_348_2000012,HAS_TRAIT,,,,,
cropfamily:brassica,trait:co_348_2000013,HAS_TRAIT,,,,,
cropfamily:brassica,trait:co_348_2000014,HAS_TRAIT,,,,,
cropfamily:brassica,trait:co_348_2000015,HAS_TRAIT,,,,,
cropfamily:brassica,trait:co_348_2000016,HAS_TRAIT,,,,,
cropfamily:brassica,trait:co_348_2000017,HAS_TRAIT,,,,,
cropfamily:brassica,trait:co_348_2000018,HAS_TRAIT,,,,,
cropfamily:brassica,trait:co_348_2000019,HAS_TRAIT,,,,,
cropfamily:brassica,trait:co_348_2000020,HAS_TRAIT,,,,,
cropfamily:brassica,trait:co_348_2000021,HAS_TRAIT,,,,,
cropfamily:brassica,trait:co_348_2000022,HAS_TRAIT,,,,,
cropfamily:brassica,trait:co_348_2000023,HAS_TRAIT,,,,,
cropfamily:brassica,trait:co_348_2000024,HAS_TRAIT,,,,,
cropfamily:brassica,trait:co_348_2000025,HAS_TRAIT,,,,,
cropfamily:brassica,trait:co_348_2000026,HAS_TRAIT,,,,,
cropfamily:brassica,trait:co_348_2000027,HAS_TRAIT,,,,,
cropfamily:brassica,trait:co_348_2000028,HAS_TRAIT,,,,,
cropfamily:brassica,trait:co_348_2000029,HAS_TRAIT,,,,,
cropfamily:brassica,trait:co_348_2000030,HAS_TRAIT,,,,,
cropfamily:brassica,trait:co_348_2000031,HAS_TRAIT,,,,,
cropfamily:brassica,trait:co_348_2000032,HAS_TRAIT,,,,,
cropfamily:brassica,trait:co_348_2000033,HAS_TRAIT,,,,,
cropfamily:brassica,trait:co_348_2000034,HAS_TRAIT,,,,,
cropfamily:brassica,trait:co_348_2000035,HAS_TRAIT,,,,,
cropfamily:brassica,trait:co_348_2000036,HAS_TRAIT,,,,,
cropfamily:brassica,trait:co_348_2000037,HAS_TRAIT,,,,,
cropfamily:brassica,trait:co_348_2000038,HAS_TRAIT,,,,,
cropfamily:brassica,trait:co_348_2000039,HAS_TRAIT,,,,,
cropfamily:brassica,trait:co_348_2000040,HAS_TRAIT,,,,,
cropfamily:brassica,trait:co_348_2000041,HAS_TRAIT,,,,,
cropfamily:brassica,trait:co_348_2100001,HAS_TRAIT,,,,,
cropfamily:brassica,trait:co_348_2100002,HAS_TRAIT,,,,,
cropfamily:brassica,trait:co_348_2100003,HAS_TRAIT,,,,,
cropfamily:brassica,trait:co_348_2100004,HAS_TRAIT,,,,,
cropfamily:brassica,trait:co_348_2100005,HAS_TRAIT,,,,,
cropfamily:brassica,trait:co_348_2100006,HAS_TRAIT,,,,,
cropfamily:brassica,trait:co_348_2100007,HAS_TRAIT,,,,,
cropfamily:brassica,trait:co_348_2100008,HAS_TRAIT,,,,,
cropfamily:brassica,trait:co_348_2100009,HAS_TRAIT,,,,,
cropfamily:brassica,trait:co_348_2100010,HAS_TRAIT,,,,,
cropfamily:brassica,trait:co_348_2100011,HAS_TRAIT,,,,,
cropfamily:brassica,trait:co_348_2100012,HAS_TRAIT,,,,,
cropfamily:brassica,trait:co_348_2100013,HAS_TRAIT,,,,,
cropfamily:brassica,trait:co_348_2100014,HAS_TRAIT,,,,,
cropfamily:brassica,trait:co_348_2100015,HAS_TRAIT,,,,,
cropfamily:brassica,trait:co_348_2100016,HAS_TRAIT,,,,,
cropfamily:brassica,trait:co_348_2100017,HAS_TRAIT,,,,,
cropfamily:brassica,trait:co_348_2100018,HAS_TRAIT,,,,,
cropfamily:brassica,trait:co_348_2100019,HAS_TRAIT,,,,,
cropfamily:brassica,trait:co_348_2100020,HAS_TRAIT,,,,,
cropfamily:brassica,trait:co_348_2100021,HAS_TRAIT,,,,,
cropfamily:brassica,trait:co_348_2100022,HAS_TRAIT,,,,,
cropfamily:brassica,trait:co_348_2100023,HAS_TRAIT,,,,,
cropfamily:brassica,trait:co_348_2100024,HAS_TRAIT,,,,,
cropfamily:brassica,trait:co_348_2100025,HAS_TRAIT,,,,,
cropfamily:brassica,trait:co_348_2100026,HAS_TRAIT,,,,,
cropfamily:brassica,trait:co_348_2100027,HAS_TRAIT,,,,,
cropfamily:brassica,trait:co_348_2100028,HAS_TRAIT,,,,,
cropfamily:brassica,trait:co_348_2100029,HAS_TRAIT,,,,,
cropfamily:brassica,trait:co_348_2100030,HAS_TRAIT,,,,,
cropfamily:brassica,trait:co_348_2100031,HAS_TRAIT,,,,,
cropfamily:brassica,trait:co_348_2100032,HAS_TRAIT,,,,,
cropfamily:brassica,trait:co_348_2100033,HAS_TRAIT,,,,,
cropfamily:brassica,trait:co_348_2100034,HAS_TRAIT,,,,,
cropfamily:brassica,trait:co_348_2100035,HAS_TRAIT,,,,,
cropfamily:brassica,trait:co_348_2100036,HAS_TRAIT,,,,,
cropfamily:brassica,trait:co_348_2100037,HAS_TRAIT,,,,,
cropfamily:brassica,trait:co_348_2100038,HAS_TRAIT,,,,,
cropfamily:brassica,trait:co_348_2100039,HAS_TRAIT,,,,,
cropfamily:brassica,trait:co_348_2100040,HAS_TRAIT,,,,,
cropfamily:brassica,trait:co_348_2100041,HAS_TRAIT,,,,,
cropfamily:brassica,trait:co_348_2100042,HAS_TRAIT,,,,,
cropfamily:brassica,trait:co_348_2100043,HAS_TRAIT,,,,,
cropfamily:brassica,trait:co_348_2100044,HAS_TRAIT,,,,,
cropfamily:brassica,trait:co_348_2100045,HAS_TRAIT,,,,,
cropfamily:brassica,trait:co_348_2100046,HAS_TRAIT,,,,,
cropfamily:brassica,trait:co_348_2100047,HAS_TRAIT,,,,,
cropfamily:brassica,trait:co_348_2100048,HAS_TRAIT,,,,,
cropfamily:brassica,trait:co_348_2100049,HAS_TRAIT,,,,,
cropfamily:brassica,trait:co_348_2100050,HAS_TRAIT,,,,,
cropfamily:brassica,trait:co_348_2100051,HAS_TRAIT,,,,,
cropfamily:brassica,trait:co_348_2100052,HAS_TRAIT,,,,,
cropfamily:brassica,trait:co_348_2100053,HAS_TRAIT,,,,,
cropfamily:brassica,trait:co_348_2100054,HAS_TRAIT,,,,,
cropfamily:brassica,trait:co_348_2100055,HAS_TRAIT,,,,,
cropfamily:brassica,trait:co_348_2100056,HAS_TRAIT,,,,,
cropfamily:brassica,trait:co_348_2100057,HAS_TRAIT,,,,,
cropfamily:brassica,trait:co_348_2100058,HAS_TRAIT,,,,,
cropfamily:common_bean,trait:co_335_0000920,HAS_TRAIT,,,,,
cropfamily:common_bean,trait:co_335_0000921,HAS_TRAIT,,,,,
cropfamily:common_bean,trait:co_335_0000922,HAS_TRAIT,,,,,
cropfamily:common_bean,trait:co_335_0000923,HAS_TRAIT,,,,,
cropfamily:common_bean,trait:co_335_0000924,HAS_TRAIT,,,,,
cropfamily:common_bean,trait:co_335_0000925,HAS_TRAIT,,,,,
cropfamily:common_bean,trait:co_335_0000926,HAS_TRAIT,,,,,
cropfamily:common_bean,trait:co_335_0000927,HAS_TRAIT,,,,,
cropfamily:common_bean,trait:co_335_0000928,HAS_TRAIT,,,,,
cropfamily:common_bean,trait:co_335_0000929,HAS_TRAIT,,,,,
cropfamily:common_bean,trait:co_335_0000930,HAS_TRAIT,,,,,
cropfamily:common_bean,trait:co_335_0000931,HAS_TRAIT,,,,,
cropfamily:common_bean,trait:co_335_0000932,HAS_TRAIT,,,,,
cropfamily:common_bean,trait:co_335_0000933,HAS_TRAIT,,,,,
cropfamily:common_bean,trait:co_335_0000934,HAS_TRAIT,,,,,
cropfamily:common_bean,trait:co_335_0000935,HAS_TRAIT,,,,,
cropfamily:common_bean,trait:co_335_0000936,HAS_TRAIT,,,,,
cropfamily:common_bean,trait:co_335_0000937,HAS_TRAIT,,,,,
cropfamily:common_bean,trait:co_335_0000938,HAS_TRAIT,,,,,
cropfamily:common_bean,trait:co_335_0000939,HAS_TRAIT,,,,,
cropfamily:common_bean,trait:co_335_0000940,HAS_TRAIT,,,,,
cropfamily:common_bean,trait:co_335_0000941,HAS_TRAIT,,,,,
cropfamily:common_bean,trait:co_335_0000942,HAS_TRAIT,,,,,
cropfamily:common_bean,trait:co_335_0000943,HAS_TRAIT,,,,,
cropfamily:common_bean,trait:co_335_0000944,HAS_TRAIT,,,,,
cropfamily:common_bean,trait:co_335_0000945,HAS_TRAIT,,,,,
cropfamily:common_bean,trait:co_335_0000946,HAS_TRAIT,,,,,
cropfamily:common_bean,trait:co_335_0000947,HAS_TRAIT,,,,,
cropfamily:common_bean,trait:co_335_0000948,HAS_TRAIT,,,,,
cropfamily:common_bean,trait:co_335_0000949,HAS_TRAIT,,,,,
cropfamily:common_bean,trait:co_335_0000950,HAS_TRAIT,,,,,
cropfamily:common_bean,trait:co_335_0000951,HAS_TRAIT,,,,,
cropfamily:common_bean,trait:co_335_0000952,HAS_TRAIT,,,,,
cropfamily:common_bean,trait:co_335_0000953,HAS_TRAIT,,,,,
cropfamily:common_bean,trait:co_335_0000954,HAS_TRAIT,,,,,
cropfamily:common_bean,trait:co_335_0000955,HAS_TRAIT,,,,,
cropfamily:common_bean,trait:co_335_0000799,HAS_TRAIT,,,,,
cropfamily:common_bean,trait:co_335_0000956,HAS_TRAIT,,,,,
cropfamily:common_bean,trait:co_335_0000800,HAS_TRAIT,,,,,
cropfamily:common_bean,trait:co_335_0000957,HAS_TRAIT,,,,,
cropfamily:common_bean,trait:co_335_0000958,HAS_TRAIT,,,,,
cropfamily:common_bean,trait:co_335_0000959,HAS_TRAIT,,,,,
cropfamily:common_bean,trait:co_335_0000960,HAS_TRAIT,,,,,
cropfamily:common_bean,trait:co_335_0000961,HAS_TRAIT,,,,,
cropfamily:common_bean,trait:co_335_0000962,HAS_TRAIT,,,,,
cropfamily:common_bean,trait:co_335_0000963,HAS_TRAIT,,,,,
cropfamily:common_bean,trait:co_335_0000964,HAS_TRAIT,,,,,
cropfamily:common_bean,trait:co_335_0000965,HAS_TRAIT,,,,,
cropfamily:common_bean,trait:co_335_0000966,HAS_TRAIT,,,,,
cropfamily:common_bean,trait:co_335_0000967,HAS_TRAIT,,,,,
cropfamily:common_bean,trait:co_335_0000968,HAS_TRAIT,,,,,
cropfamily:common_bean,trait:co_335_0000969,HAS_TRAIT,,,,,
cropfamily:common_bean,trait:co_335_0000970,HAS_TRAIT,,,,,
cropfamily:common_bean,trait:co_335_0000971,HAS_TRAIT,,,,,
cropfamily:common_bean,trait:co_335_0000972,HAS_TRAIT,,,,,
cropfamily:common_bean,trait:co_335_0000973,HAS_TRAIT,,,,,
cropfamily:common_bean,trait:co_335_0000974,HAS_TRAIT,,,,,
cropfamily:common_bean,trait:co_335_0000975,HAS_TRAIT,,,,,
cropfamily:common_bean,trait:co_335_0000976,HAS_TRAIT,,,,,
cropfamily:common_bean,trait:co_335_0000977,HAS_TRAIT,,,,,
cropfamily:common_bean,trait:co_335_0000978,HAS_TRAIT,,,,,
cropfamily:common_bean,trait:co_335_0000979,HAS_TRAIT,,,,,
cropfamily:common_bean,trait:co_335_0000980,HAS_TRAIT,,,,,
cropfamily:common_bean,trait:co_335_0000981,HAS_TRAIT,,,,,
cropfamily:common_bean,trait:co_335_0000982,HAS_TRAIT,,,,,
cropfamily:common_bean,trait:co_335_0000983,HAS_TRAIT,,,,,
cropfamily:common_bean,trait:co_335_0000984,HAS_TRAIT,,,,,
cropfamily:common_bean,trait:co_335_0000985,HAS_TRAIT,,,,,
cropfamily:common_bean,trait:co_335_0000986,HAS_TRAIT,,,,,
cropfamily:common_bean,trait:co_335_0000987,HAS_TRAIT,,,,,
cropfamily:common_bean,trait:co_335_0000988,HAS_TRAIT,,,,,
cropfamily:common_bean,trait:co_335_0000989,HAS_TRAIT,,,,,
cropfamily:common_bean,trait:co_335_0000990,HAS_TRAIT,,,,,
cropfamily:common_bean,trait:co_335_0000991,HAS_TRAIT,,,,,
cropfamily:common_bean,trait:co_335_0000992,HAS_TRAIT,,,,,
cropfamily:common_bean,trait:co_335_0000993,HAS_TRAIT,,,,,
cropfamily:common_bean,trait:co_335_0000994,HAS_TRAIT,,,,,
cropfamily:common_bean,trait:co_335_0000995,HAS_TRAIT,,,,,
cropfamily:common_bean,trait:co_335_0000996,HAS_TRAIT,,,,,
cropfamily:common_bean,trait:co_335_0000997,HAS_TRAIT,,,,,
cropfamily:common_bean,trait:co_335_0000998,HAS_TRAIT,,,,,
cropfamily:common_bean,trait:co_335_0000999,HAS_TRAIT,,,,,
cropfamily:common_bean,trait:co_335_0001000,HAS_TRAIT,,,,,
cropfamily:common_bean,trait:co_335_0001001,HAS_TRAIT,,,,,
cropfamily:common_bean,trait:co_335_0001002,HAS_TRAIT,,,,,
cropfamily:common_bean,trait:co_335_0001003,HAS_TRAIT,,,,,
cropfamily:common_bean,trait:co_335_0001004,HAS_TRAIT,,,,,
cropfamily:common_bean,trait:co_335_0001005,HAS_TRAIT,,,,,
cropfamily:common_bean,trait:co_335_0001006,HAS_TRAIT,,,,,
cropfamily:common_bean,trait:co_335_0001007,HAS_TRAIT,,,,,
cropfamily:common_bean,trait:co_335_0001008,HAS_TRAIT,,,,,
cropfamily:common_bean,trait:co_335_0001009,HAS_TRAIT,,,,,
cropfamily:common_bean,trait:co_335_0001010,HAS_TRAIT,,,,,
cropfamily:common_bean,trait:co_335_0001011,HAS_TRAIT,,,,,
cropfamily:common_bean,trait:co_335_0001012,HAS_TRAIT,,,,,
cropfamily:common_bean,trait:co_335_0001013,HAS_TRAIT,,,,,
cropfamily:common_bean,trait:co_335_0001014,HAS_TRAIT,,,,,
cropfamily:common_bean,trait:co_335_0001015,HAS_TRAIT,,,,,
cropfamily:common_bean,trait:co_335_0001016,HAS_TRAIT,,,,,
cropfamily:common_bean,trait:co_335_0001017,HAS_TRAIT,,,,,
cropfamily:potato,trait:co_330_0000000,HAS_TRAIT,,,,,
cropfamily:potato,trait:co_330_0000003,HAS_TRAIT,,,,,
cropfamily:potato,trait:co_330_0000006,HAS_TRAIT,,,,,
cropfamily:potato,trait:co_330_0000009,HAS_TRAIT,,,,,
cropfamily:potato,trait:co_330_0000012,HAS_TRAIT,,,,,
cropfamily:potato,trait:co_330_0000015,HAS_TRAIT,,,,,
cropfamily:potato,trait:co_330_0000018,HAS_TRAIT,,,,,
cropfamily:potato,trait:co_330_0000021,HAS_TRAIT,,,,,
cropfamily:potato,trait:co_330_0000024,HAS_TRAIT,,,,,
cropfamily:potato,trait:co_330_0000027,HAS_TRAIT,,,,,
cropfamily:potato,trait:co_330_0000030,HAS_TRAIT,,,,,
cropfamily:potato,trait:co_330_0000033,HAS_TRAIT,,,,,
cropfamily:potato,trait:co_330_0000036,HAS_TRAIT,,,,,
cropfamily:potato,trait:co_330_0000039,HAS_TRAIT,,,,,
cropfamily:potato,trait:co_330_0000042,HAS_TRAIT,,,,,
cropfamily:potato,trait:co_330_0000045,HAS_TRAIT,,,,,
cropfamily:potato,trait:co_330_0000048,HAS_TRAIT,,,,,
cropfamily:potato,trait:co_330_0000051,HAS_TRAIT,,,,,
cropfamily:potato,trait:co_330_0000054,HAS_TRAIT,,,,,
cropfamily:potato,trait:co_330_0000057,HAS_TRAIT,,,,,
cropfamily:potato,trait:co_330_0000060,HAS_TRAIT,,,,,
cropfamily:potato,trait:co_330_0000063,HAS_TRAIT,,,,,
cropfamily:potato,trait:co_330_0000066,HAS_TRAIT,,,,,
cropfamily:potato,trait:co_330_0000069,HAS_TRAIT,,,,,
cropfamily:potato,trait:co_330_0000072,HAS_TRAIT,,,,,
cropfamily:potato,trait:co_330_0000075,HAS_TRAIT,,,,,
cropfamily:potato,trait:co_330_0000078,HAS_TRAIT,,,,,
cropfamily:potato,trait:co_330_0000081,HAS_TRAIT,,,,,
cropfamily:potato,trait:co_330_0000084,HAS_TRAIT,,,,,
cropfamily:potato,trait:co_330_0000087,HAS_TRAIT,,,,,
cropfamily:potato,trait:co_330_0000090,HAS_TRAIT,,,,,
cropfamily:potato,trait:co_330_0000093,HAS_TRAIT,,,,,
cropfamily:potato,trait:co_330_0000096,HAS_TRAIT,,,,,
cropfamily:potato,trait:co_330_0000099,HAS_TRAIT,,,,,
cropfamily:potato,trait:co_330_0000102,HAS_TRAIT,,,,,
cropfamily:potato,trait:co_330_0000105,HAS_TRAIT,,,,,
cropfamily:potato,trait:co_330_0000111,HAS_TRAIT,,,,,
cropfamily:potato,trait:co_330_0000114,HAS_TRAIT,,,,,
cropfamily:potato,trait:co_330_0000117,HAS_TRAIT,,,,,
cropfamily:potato,trait:co_330_0000120,HAS_TRAIT,,,,,
cropfamily:potato,trait:co_330_0000263,HAS_TRAIT,,,,,
cropfamily:potato,trait:co_330_0000266,HAS_TRAIT,,,,,
cropfamily:potato,trait:co_330_0000269,HAS_TRAIT,,,,,
cropfamily:potato,trait:co_330_0000273,HAS_TRAIT,,,,,
cropfamily:potato,trait:co_330_0000277,HAS_TRAIT,,,,,
cropfamily:potato,trait:co_330_0000281,HAS_TRAIT,,,,,
cropfamily:potato,trait:co_330_0000284,HAS_TRAIT,,,,,
cropfamily:potato,trait:co_330_0000288,HAS_TRAIT,,,,,
cropfamily:potato,trait:co_330_0000291,HAS_TRAIT,,,,,
cropfamily:potato,trait:co_330_0000294,HAS_TRAIT,,,,,
cropfamily:potato,trait:co_330_0000298,HAS_TRAIT,,,,,
cropfamily:potato,trait:co_330_0000301,HAS_TRAIT,,,,,
cropfamily:potato,trait:co_330_0000108,HAS_TRAIT,,,,,
cropfamily:potato,trait:co_330_0000306,HAS_TRAIT,,,,,
cropfamily:potato,trait:co_330_0000309,HAS_TRAIT,,,,,
cropfamily:potato,trait:co_330_0000312,HAS_TRAIT,,,,,
cropfamily:potato,trait:co_330_0000315,HAS_TRAIT,,,,,
cropfamily:potato,trait:co_330_0000318,HAS_TRAIT,,,,,
cropfamily:potato,trait:co_330_0000144,HAS_TRAIT,,,,,
cropfamily:potato,trait:co_330_0000325,HAS_TRAIT,,,,,
cropfamily:potato,trait:co_330_0000328,HAS_TRAIT,,,,,
cropfamily:potato,trait:co_330_0000331,HAS_TRAIT,,,,,
cropfamily:potato,trait:co_330_0000334,HAS_TRAIT,,,,,
cropfamily:potato,trait:co_330_0000337,HAS_TRAIT,,,,,
cropfamily:potato,trait:co_330_0000341,HAS_TRAIT,,,,,
cropfamily:potato,trait:co_330_0000345,HAS_TRAIT,,,,,
cropfamily:potato,trait:co_330_0000349,HAS_TRAIT,,,,,
cropfamily:potato,trait:co_330_0000353,HAS_TRAIT,,,,,
cropfamily:potato,trait:co_330_0000357,HAS_TRAIT,,,,,
cropfamily:potato,trait:co_330_0000360,HAS_TRAIT,,,,,
cropfamily:potato,trait:co_330_0000364,HAS_TRAIT,,,,,
cropfamily:potato,trait:co_330_0000368,HAS_TRAIT,,,,,
cropfamily:potato,trait:co_330_0000123,HAS_TRAIT,,,,,
cropfamily:potato,trait:co_330_0000126,HAS_TRAIT,,,,,
cropfamily:potato,trait:co_330_0000129,HAS_TRAIT,,,,,
cropfamily:potato,trait:co_330_0000132,HAS_TRAIT,,,,,
cropfamily:potato,trait:co_330_0000135,HAS_TRAIT,,,,,
cropfamily:potato,trait:co_330_0000138,HAS_TRAIT,,,,,
cropfamily:potato,trait:co_330_0000141,HAS_TRAIT,,,,,
cropfamily:potato,trait:co_330_0000171,HAS_TRAIT,,,,,
cropfamily:potato,trait:co_330_0000174,HAS_TRAIT,,,,,
cropfamily:potato,trait:co_330_0000180,HAS_TRAIT,,,,,
cropfamily:potato,trait:co_330_0000183,HAS_TRAIT,,,,,
cropfamily:potato,trait:co_330_0000186,HAS_TRAIT,,,,,
cropfamily:potato,trait:co_330_0000189,HAS_TRAIT,,,,,
cropfamily:potato,trait:co_330_0000385,HAS_TRAIT,,,,,
cropfamily:potato,trait:co_330_0000195,HAS_TRAIT,,,,,
cropfamily:potato,trait:co_330_0000192,HAS_TRAIT,,,,,
cropfamily:potato,trait:co_330_0000391,HAS_TRAIT,,,,,
cropfamily:potato,trait:co_330_0000177,HAS_TRAIT,,,,,
cropfamily:potato,trait:co_330_0000147,HAS_TRAIT,,,,,
cropfamily:potato,trait:co_330_0000153,HAS_TRAIT,,,,,
cropfamily:potato,trait:co_330_0000159,HAS_TRAIT,,,,,
cropfamily:potato,trait:co_330_0000162,HAS_TRAIT,,,,,
cropfamily:potato,trait:co_330_0000165,HAS_TRAIT,,,,,
cropfamily:potato,trait:co_330_0000168,HAS_TRAIT,,,,,
cropfamily:potato,trait:co_330_0000201,HAS_TRAIT,,,,,
cropfamily:potato,trait:co_330_0000405,HAS_TRAIT,,,,,
cropfamily:potato,trait:co_330_0000204,HAS_TRAIT,,,,,
cropfamily:potato,trait:co_330_0000410,HAS_TRAIT,,,,,
cropfamily:potato,trait:co_330_0000413,HAS_TRAIT,,,,,
cropfamily:potato,trait:co_330_0000415,HAS_TRAIT,,,,,
cropfamily:potato,trait:co_330_0000210,HAS_TRAIT,,,,,
cropfamily:potato,trait:co_330_0000419,HAS_TRAIT,,,,,
cropfamily:potato,trait:co_330_0000213,HAS_TRAIT,,,,,
cropfamily:potato,trait:co_330_0000423,HAS_TRAIT,,,,,
cropfamily:potato,trait:co_330_0000198,HAS_TRAIT,,,,,
cropfamily:potato,trait:co_330_0000427,HAS_TRAIT,,,,,
cropfamily:potato,trait:co_330_0000430,HAS_TRAIT,,,,,
cropfamily:potato,trait:co_330_0000433,HAS_TRAIT,,,,,
cropfamily:potato,trait:co_330_0000436,HAS_TRAIT,,,,,
cropfamily:potato,trait:co_330_0000439,HAS_TRAIT,,,,,
cropfamily:potato,trait:co_330_0000442,HAS_TRAIT,,,,,
cropfamily:potato,trait:co_330_0000445,HAS_TRAIT,,,,,
cropfamily:potato,trait:co_330_0000448,HAS_TRAIT,,,,,
cropfamily:potato,trait:co_330_0000451,HAS_TRAIT,,,,,
cropfamily:potato,trait:co_330_0000452,HAS_TRAIT,,,,,
cropfamily:potato,trait:co_330_0000453,HAS_TRAIT,,,,,
cropfamily:potato,trait:co_330_0000454,HAS_TRAIT,,,,,
cropfamily:potato,trait:co_330_0000456,HAS_TRAIT,,,,,
cropfamily:potato,trait:co_330_0000457,HAS_TRAIT,,,,,
cropfamily:potato,trait:co_330_0000458,HAS_TRAIT,,,,,
cropfamily:potato,trait:co_330_0000459,HAS_TRAIT,,,,,
cropfamily:potato,trait:co_330_0000460,HAS_TRAIT,,,,,
cropfamily:potato,trait:co_330_0000461,HAS_TRAIT,,,,,
cropfamily:potato,trait:co_330_0000462,HAS_TRAIT,,,,,
cropfamily:potato,trait:co_330_0000463,HAS_TRAIT,,,,,
cropfamily:potato,trait:co_330_0000464,HAS_TRAIT,,,,,
cropfamily:potato,trait:co_330_0000465,HAS_TRAIT,,,,,
cropfamily:potato,trait:co_330_0000466,HAS_TRAIT,,,,,
cropfamily:potato,trait:co_330_0000467,HAS_TRAIT,,,,,
cropfamily:potato,trait:co_330_0000468,HAS_TRAIT,,,,,
cropfamily:potato,trait:co_330_0000469,HAS_TRAIT,,,,,
cropfamily:potato,trait:co_330_0000470,HAS_TRAIT,,,,,
cropfamily:potato,trait:co_330_0000471,HAS_TRAIT,,,,,
cropfamily:potato,trait:co_330_0000472,HAS_TRAIT,,,,,
cropfamily:potato,trait:co_330_0000474,HAS_TRAIT,,,,,
cropfamily:potato,trait:co_330_0000475,HAS_TRAIT,,,,,
cropfamily:potato,trait:co_330_0000476,HAS_TRAIT,,,,,
cropfamily:potato,trait:co_330_0000477,HAS_TRAIT,,,,,
cropfamily:potato,trait:co_330_0000478,HAS_TRAIT,,,,,
cropfamily:potato,trait:co_330_0000479,HAS_TRAIT,,,,,
cropfamily:potato,trait:co_330_0000480,HAS_TRAIT,,,,,
cropfamily:potato,trait:co_330_0000481,HAS_TRAIT,,,,,
cropfamily:potato,trait:co_330_0000482,HAS_TRAIT,,,,,
cropfamily:potato,trait:co_330_0000483,HAS_TRAIT,,,,,
cropfamily:potato,trait:co_330_0000484,HAS_TRAIT,,,,,
cropfamily:potato,trait:co_330_0000485,HAS_TRAIT,,,,,
cropfamily:potato,trait:co_330_0000486,HAS_TRAIT,,,,,
cropfamily:potato,trait:co_330_0000487,HAS_TRAIT,,,,,
cropfamily:potato,trait:co_330_0000488,HAS_TRAIT,,,,,
cropfamily:potato,trait:co_330_0000489,HAS_TRAIT,,,,,
cropfamily:potato,trait:co_330_0000490,HAS_TRAIT,,,,,
cropfamily:potato,trait:co_330_0000491,HAS_TRAIT,,,,,
cropfamily:potato,trait:co_330_0000492,HAS_TRAIT,,,,,
cropfamily:potato,trait:co_330_0000493,HAS_TRAIT,,,,,
cropfamily:potato,trait:co_330_0000494,HAS_TRAIT,,,,,
cropfamily:potato,trait:co_330_0000495,HAS_TRAIT,,,,,
cropfamily:potato,trait:co_330_0000496,HAS_TRAIT,,,,,
cropfamily:potato,trait:co_330_0000703,HAS_TRAIT,,,,,
cropfamily:potato,trait:co_330_0000733,HAS_TRAIT,,,,,
cropfamily:potato,trait:co_330_0000739,HAS_TRAIT,,,,,
cropfamily:potato,trait:co_330_0000707,HAS_TRAIT,,,,,
cropfamily:potato,trait:co_330_0000705,HAS_TRAIT,,,,,
cropfamily:potato,trait:co_330_0000706,HAS_TRAIT,,,,,
cropfamily:potato,trait:co_330_0000756,HAS_TRAIT,,,,,
cropfamily:potato,trait:co_330_0000759,HAS_TRAIT,,,,,
cropfamily:potato,trait:co_330_0000762,HAS_TRAIT,,,,,
cropfamily:potato,trait:co_330_0000709,HAS_TRAIT,,,,,
cropfamily:potato,trait:co_330_0000767,HAS_TRAIT,,,,,
cropfamily:potato,trait:co_330_0000770,HAS_TRAIT,,,,,
cropfamily:potato,trait:co_330_0000774,HAS_TRAIT,,,,,
cropfamily:potato,trait:co_330_0000777,HAS_TRAIT,,,,,
cropfamily:potato,trait:co_330_0000782,HAS_TRAIT,,,,,
cropfamily:potato,trait:co_330_0000787,HAS_TRAIT,,,,,
cropfamily:potato,trait:co_330_0000700,HAS_TRAIT,,,,,
cropfamily:potato,trait:co_330_0000701,HAS_TRAIT,,,,,
cropfamily:potato,trait:co_330_0000702,HAS_TRAIT,,,,,
cropfamily:potato,trait:co_330_0000708,HAS_TRAIT,,,,,
cropfamily:potato,trait:co_330_0000711,HAS_TRAIT,,,,,
cropfamily:potato,trait:co_330_0000815,HAS_TRAIT,,,,,
cropfamily:potato,trait:co_330_0000819,HAS_TRAIT,,,,,
cropfamily:potato,trait:co_330_0000823,HAS_TRAIT,,,,,
cropfamily:potato,trait:co_330_0000831,HAS_TRAIT,,,,,
cropfamily:potato,trait:co_330_0000710,HAS_TRAIT,,,,,
cropfamily:potato,trait:co_330_0000844,HAS_TRAIT,,,,,
cropfamily:potato,trait:co_330_0000848,HAS_TRAIT,,,,,
cropfamily:potato,trait:co_330_0000704,HAS_TRAIT,,,,,
cropfamily:potato,trait:co_330_0000869,HAS_TRAIT,,,,,
cropfamily:potato,trait:co_330_0000873,HAS_TRAIT,,,,,
cropfamily:potato,trait:co_330_0000875,HAS_TRAIT,,,,,
cropfamily:potato,trait:co_330_0000877,HAS_TRAIT,,,,,
cropfamily:potato,trait:co_330_0000879,HAS_TRAIT,,,,,
cropfamily:potato,trait:co_330_0000903,HAS_TRAIT,,,,,
cropfamily:potato,trait:co_330_0000904,HAS_TRAIT,,,,,
cropfamily:potato,trait:co_330_0000905,HAS_TRAIT,,,,,
cropfamily:potato,trait:co_330_0000906,HAS_TRAIT,,,,,
cropfamily:potato,trait:co_330_0000907,HAS_TRAIT,,,,,
cropfamily:potato,trait:co_330_0000908,HAS_TRAIT,,,,,
cropfamily:potato,trait:co_330_0000909,HAS_TRAIT,,,,,
cropfamily:sweet_potato,trait:co_331_0000001,HAS_TRAIT,,,,,
cropfamily:sweet_potato,trait:co_331_0000004,HAS_TRAIT,,,,,
cropfamily:sweet_potato,trait:co_331_0000007,HAS_TRAIT,,,,,
cropfamily:sweet_potato,trait:co_331_0000010,HAS_TRAIT,,,,,
cropfamily:sweet_potato,trait:co_331_0000013,HAS_TRAIT,,,,,
cropfamily:sweet_potato,trait:co_331_0000016,HAS_TRAIT,,,,,
cropfamily:sweet_potato,trait:co_331_0000153,HAS_TRAIT,,,,,
cropfamily:sweet_potato,trait:co_331_0000157,HAS_TRAIT,,,,,
cropfamily:sweet_potato,trait:co_331_0000019,HAS_TRAIT,,,,,
cropfamily:sweet_potato,trait:co_331_0000022,HAS_TRAIT,,,,,
cropfamily:sweet_potato,trait:co_331_0000025,HAS_TRAIT,,,,,
cropfamily:sweet_potato,trait:co_331_0000028,HAS_TRAIT,,,,,
cropfamily:sweet_potato,trait:co_331_0000031,HAS_TRAIT,,,,,
cropfamily:sweet_potato,trait:co_331_0000034,HAS_TRAIT,,,,,
cropfamily:sweet_potato,trait:co_331_0000037,HAS_TRAIT,,,,,
cropfamily:sweet_potato,trait:co_331_0000040,HAS_TRAIT,,,,,
cropfamily:sweet_potato,trait:co_331_0000043,HAS_TRAIT,,,,,
cropfamily:sweet_potato,trait:co_331_0000170,HAS_TRAIT,,,,,
cropfamily:sweet_potato,trait:co_331_0000046,HAS_TRAIT,,,,,
cropfamily:sweet_potato,trait:co_331_0000049,HAS_TRAIT,,,,,
cropfamily:sweet_potato,trait:co_331_0000052,HAS_TRAIT,,,,,
cropfamily:sweet_potato,trait:co_331_0000055,HAS_TRAIT,,,,,
cropfamily:sweet_potato,trait:co_331_0000058,HAS_TRAIT,,,,,
cropfamily:sweet_potato,trait:co_331_0000061,HAS_TRAIT,,,,,
cropfamily:sweet_potato,trait:co_331_0000064,HAS_TRAIT,,,,,
cropfamily:sweet_potato,trait:co_331_0000067,HAS_TRAIT,,,,,
cropfamily:sweet_potato,trait:co_331_0000070,HAS_TRAIT,,,,,
cropfamily:sweet_potato,trait:co_331_0000073,HAS_TRAIT,,,,,
cropfamily:sweet_potato,trait:co_331_0000076,HAS_TRAIT,,,,,
cropfamily:sweet_potato,trait:co_331_0000189,HAS_TRAIT,,,,,
cropfamily:sweet_potato,trait:co_331_0000094,HAS_TRAIT,,,,,
cropfamily:sweet_potato,trait:co_331_0000194,HAS_TRAIT,,,,,
cropfamily:sweet_potato,trait:co_331_0000091,HAS_TRAIT,,,,,
cropfamily:sweet_potato,trait:co_331_0000199,HAS_TRAIT,,,,,
cropfamily:sweet_potato,trait:co_331_0000203,HAS_TRAIT,,,,,
cropfamily:sweet_potato,trait:co_331_0000088,HAS_TRAIT,,,,,
cropfamily:sweet_potato,trait:co_331_0000208,HAS_TRAIT,,,,,
cropfamily:sweet_potato,trait:co_331_0000212,HAS_TRAIT,,,,,
cropfamily:sweet_potato,trait:co_331_0000215,HAS_TRAIT,,,,,
cropfamily:sweet_potato,trait:co_331_0000218,HAS_TRAIT,,,,,
cropfamily:sweet_potato,trait:co_331_0000221,HAS_TRAIT,,,,,
cropfamily:sweet_potato,trait:co_331_0000224,HAS_TRAIT,,,,,
cropfamily:sweet_potato,trait:co_331_0000079,HAS_TRAIT,,,,,
cropfamily:sweet_potato,trait:co_331_0000234,HAS_TRAIT,,,,,
cropfamily:sweet_potato,trait:co_331_0000097,HAS_TRAIT,,,,,
cropfamily:sweet_potato,trait:co_331_0000240,HAS_TRAIT,,,,,
cropfamily:sweet_potato,trait:co_331_0000244,HAS_TRAIT,,,,,
cropfamily:sweet_potato,trait:co_331_0000248,HAS_TRAIT,,,,,
cropfamily:sweet_potato,trait:co_331_0000252,HAS_TRAIT,,,,,
cropfamily:sweet_potato,trait:co_331_0000256,HAS_TRAIT,,,,,
cropfamily:sweet_potato,trait:co_331_0000130,HAS_TRAIT,,,,,
cropfamily:sweet_potato,trait:co_331_0000139,HAS_TRAIT,,,,,
cropfamily:sweet_potato,trait:co_331_0000136,HAS_TRAIT,,,,,
cropfamily:sweet_potato,trait:co_331_0000266,HAS_TRAIT,,,,,
cropfamily:sweet_potato,trait:co_331_0000270,HAS_TRAIT,,,,,
cropfamily:sweet_potato,trait:co_331_0000274,HAS_TRAIT,,,,,
cropfamily:sweet_potato,trait:co_331_0000100,HAS_TRAIT,,,,,
cropfamily:sweet_potato,trait:co_331_0002079,HAS_TRAIT,,,,,
cropfamily:sweet_potato,trait:co_331_0002054,HAS_TRAIT,,,,,
cropfamily:sweet_potato,trait:co_331_0002053,HAS_TRAIT,,,,,
cropfamily:sweet_potato,trait:co_331_0002057,HAS_TRAIT,,,,,
cropfamily:sweet_potato,trait:co_331_0002051,HAS_TRAIT,,,,,
cropfamily:sweet_potato,trait:co_331_0002052,HAS_TRAIT,,,,,
cropfamily:sweet_potato,trait:co_331_0000115,HAS_TRAIT,,,,,
cropfamily:sweet_potato,trait:co_331_0000118,HAS_TRAIT,,,,,
cropfamily:sweet_potato,trait:co_331_0000121,HAS_TRAIT,,,,,
cropfamily:sweet_potato,trait:co_331_0000124,HAS_TRAIT,,,,,
cropfamily:sweet_potato,trait:co_331_0000127,HAS_TRAIT,,,,,
cropfamily:sweet_potato,trait:co_331_0000082,HAS_TRAIT,,,,,
cropfamily:sweet_potato,trait:co_331_0000142,HAS_TRAIT,,,,,
cropfamily:sweet_potato,trait:co_331_0000298,HAS_TRAIT,,,,,
cropfamily:sweet_potato,trait:co_331_0000085,HAS_TRAIT,,,,,
cropfamily:sweet_potato,trait:co_331_0002056,HAS_TRAIT,,,,,
cropfamily:sweet_potato,trait:co_331_0000601,HAS_TRAIT,,,,,
cropfamily:sweet_potato,trait:co_331_0000602,HAS_TRAIT,,,,,
cropfamily:sweet_potato,trait:co_331_0000603,HAS_TRAIT,,,,,
cropfamily:sweet_potato,trait:co_331_0000604,HAS_TRAIT,,,,,
cropfamily:sweet_potato,trait:co_331_0000605,HAS_TRAIT,,,,,
cropfamily:sweet_potato,trait:co_331_0000606,HAS_TRAIT,,,,,
cropfamily:sweet_potato,trait:co_331_0000607,HAS_TRAIT,,,,,
cropfamily:sweet_potato,trait:co_331_0000608,HAS_TRAIT,,,,,
cropfamily:sweet_potato,trait:co_331_0000303,HAS_TRAIT,,,,,
cropfamily:sweet_potato,trait:co_331_0000304,HAS_TRAIT,,,,,
cropfamily:sweet_potato,trait:co_331_0000308,HAS_TRAIT,,,,,
cropfamily:sweet_potato,trait:co_331_0000309,HAS_TRAIT,,,,,
cropfamily:sweet_potato,trait:co_331_0000310,HAS_TRAIT,,,,,
cropfamily:sweet_potato,trait:co_331_0000311,HAS_TRAIT,,,,,
cropfamily:sweet_potato,trait:co_331_0000312,HAS_TRAIT,,,,,
cropfamily:sweet_potato,trait:co_331_0000103,HAS_TRAIT,,,,,
cropfamily:sweet_potato,trait:co_331_0000106,HAS_TRAIT,,,,,
cropfamily:sweet_potato,trait:co_331_0000281,HAS_TRAIT,,,,,
cropfamily:sweet_potato,trait:co_331_0000285,HAS_TRAIT,,,,,
cropfamily:sweet_potato,trait:co_331_0000133,HAS_TRAIT,,,,,
cropfamily:sweet_potato,trait:co_331_0000423,HAS_TRAIT,,,,,
cropfamily:sweet_potato,trait:co_331_0000327,HAS_TRAIT,,,,,
cropfamily:sweet_potato,trait:co_331_0000328,HAS_TRAIT,,,,,
cropfamily:sweet_potato,trait:co_331_0000329,HAS_TRAIT,,,,,
cropfamily:sweet_potato,trait:co_331_0000330,HAS_TRAIT,,,,,
cropfamily:sweet_potato,trait:co_331_0000331,HAS_TRAIT,,,,,
cropfamily:sweet_potato,trait:co_331_0000332,HAS_TRAIT,,,,,
cropfamily:sweet_potato,trait:co_331_0000333,HAS_TRAIT,,,,,
cropfamily:sweet_potato,trait:co_331_0000334,HAS_TRAIT,,,,,
cropfamily:sweet_potato,trait:co_331_0000335,HAS_TRAIT,,,,,
cropfamily:sweet_potato,trait:co_331_0000336,HAS_TRAIT,,,,,
cropfamily:sweet_potato,trait:co_331_0000337,HAS_TRAIT,,,,,
cropfamily:sweet_potato,trait:co_331_0000338,HAS_TRAIT,,,,,
cropfamily:sweet_potato,trait:co_331_0000339,HAS_TRAIT,,,,,
cropfamily:sweet_potato,trait:co_331_0000340,HAS_TRAIT,,,,,
cropfamily:sweet_potato,trait:co_331_0000341,HAS_TRAIT,,,,,
cropfamily:sweet_potato,trait:co_331_0000409,HAS_TRAIT,,,,,
cropfamily:sweet_potato,trait:co_331_0000344,HAS_TRAIT,,,,,
cropfamily:sweet_potato,trait:co_331_0000345,HAS_TRAIT,,,,,
cropfamily:sweet_potato,trait:co_331_0000346,HAS_TRAIT,,,,,
cropfamily:sweet_potato,trait:co_331_0000347,HAS_TRAIT,,,,,
cropfamily:sweet_potato,trait:co_331_0000348,HAS_TRAIT,,,,,
cropfamily:sweet_potato,trait:co_331_0000349,HAS_TRAIT,,,,,
cropfamily:sweet_potato,trait:co_331_0000350,HAS_TRAIT,,,,,
cropfamily:sweet_potato,trait:co_331_0000351,HAS_TRAIT,,,,,
cropfamily:sweet_potato,trait:co_331_0000352,HAS_TRAIT,,,,,
cropfamily:sweet_potato,trait:co_331_0000353,HAS_TRAIT,,,,,
cropfamily:sweet_potato,trait:co_331_0000354,HAS_TRAIT,,,,,
cropfamily:sweet_potato,trait:co_331_0000355,HAS_TRAIT,,,,,
cropfamily:sweet_potato,trait:co_331_0000356,HAS_TRAIT,,,,,
cropfamily:sweet_potato,trait:co_331_0000357,HAS_TRAIT,,,,,
cropfamily:sweet_potato,trait:co_331_0000358,HAS_TRAIT,,,,,
cropfamily:sweet_potato,trait:co_331_0000359,HAS_TRAIT,,,,,
cropfamily:sweet_potato,trait:co_331_0000360,HAS_TRAIT,,,,,
cropfamily:sweet_potato,trait:co_331_0000361,HAS_TRAIT,,,,,
cropfamily:sweet_potato,trait:co_331_0000362,HAS_TRAIT,,,,,
cropfamily:sweet_potato,trait:co_331_0000363,HAS_TRAIT,,,,,
cropfamily:sweet_potato,trait:co_331_0000364,HAS_TRAIT,,,,,
cropfamily:sweet_potato,trait:co_331_0000365,HAS_TRAIT,,,,,
cropfamily:sweet_potato,trait:co_331_0000366,HAS_TRAIT,,,,,
cropfamily:sweet_potato,trait:co_331_0000367,HAS_TRAIT,,,,,
cropfamily:sweet_potato,trait:co_331_0000368,HAS_TRAIT,,,,,
cropfamily:sweet_potato,trait:co_331_0000369,HAS_TRAIT,,,,,
cropfamily:sweet_potato,trait:co_331_0000370,HAS_TRAIT,,,,,
cropfamily:sweet_potato,trait:co_331_0000371,HAS_TRAIT,,,,,
cropfamily:sweet_potato,trait:co_331_0000372,HAS_TRAIT,,,,,
cropfamily:sweet_potato,trait:co_331_0000373,HAS_TRAIT,,,,,
cropfamily:sweet_potato,trait:co_331_0000374,HAS_TRAIT,,,,,
cropfamily:sweet_potato,trait:co_331_0000375,HAS_TRAIT,,,,,
cropfamily:sweet_potato,trait:co_331_0000376,HAS_TRAIT,,,,,
cropfamily:sweet_potato,trait:co_331_0000377,HAS_TRAIT,,,,,
cropfamily:sweet_potato,trait:co_331_0000378,HAS_TRAIT,,,,,
cropfamily:sweet_potato,trait:co_331_0000379,HAS_TRAIT,,,,,
cropfamily:sweet_potato,trait:co_331_0000380,HAS_TRAIT,,,,,
cropfamily:sweet_potato,trait:co_331_0000381,HAS_TRAIT,,,,,
cropfamily:sweet_potato,trait:co_331_0000382,HAS_TRAIT,,,,,
cropfamily:sweet_potato,trait:co_331_0000383,HAS_TRAIT,,,,,
cropfamily:sweet_potato,trait:co_331_0000384,HAS_TRAIT,,,,,
cropfamily:sweet_potato,trait:co_331_0000385,HAS_TRAIT,,,,,
cropfamily:sweet_potato,trait:co_331_0000386,HAS_TRAIT,,,,,
cropfamily:sweet_potato,trait:co_331_0000387,HAS_TRAIT,,,,,
cropfamily:sweet_potato,trait:co_331_0000388,HAS_TRAIT,,,,,
cropfamily:sweet_potato,trait:co_331_0000389,HAS_TRAIT,,,,,
cropfamily:sweet_potato,trait:co_331_0000390,HAS_TRAIT,,,,,
cropfamily:sweet_potato,trait:co_331_0000391,HAS_TRAIT,,,,,
cropfamily:sweet_potato,trait:co_331_0000392,HAS_TRAIT,,,,,
cropfamily:sweet_potato,trait:co_331_0000393,HAS_TRAIT,,,,,
cropfamily:sweet_potato,trait:co_331_0000394,HAS_TRAIT,,,,,
cropfamily:sweet_potato,trait:co_331_0000395,HAS_TRAIT,,,,,
cropfamily:sweet_potato,trait:co_331_0000396,HAS_TRAIT,,,,,
cropfamily:sweet_potato,trait:co_331_0000397,HAS_TRAIT,,,,,
cropfamily:sweet_potato,trait:co_331_0000398,HAS_TRAIT,,,,,
cropfamily:sweet_potato,trait:co_331_0000399,HAS_TRAIT,,,,,
cropfamily:sweet_potato,trait:co_331_0000400,HAS_TRAIT,,,,,
cropfamily:sweet_potato,trait:co_331_0000401,HAS_TRAIT,,,,,
cropfamily:sweet_potato,trait:co_331_0000402,HAS_TRAIT,,,,,
cropfamily:sweet_potato,trait:co_331_0000441,HAS_TRAIT,,,,,
cropfamily:sweet_potato,trait:co_331_0000410,HAS_TRAIT,,,,,
cropfamily:sweet_potato,trait:co_331_0000411,HAS_TRAIT,,,,,
cropfamily:sweet_potato,trait:co_331_0000412,HAS_TRAIT,,,,,
cropfamily:sweet_potato,trait:co_331_0000414,HAS_TRAIT,,,,,
cropfamily:sweet_potato,trait:co_331_0000415,HAS_TRAIT,,,,,
cropfamily:sweet_potato,trait:co_331_0000416,HAS_TRAIT,,,,,
cropfamily:sweet_potato,trait:co_331_0000417,HAS_TRAIT,,,,,
cropfamily:sweet_potato,trait:co_331_0000418,HAS_TRAIT,,,,,
cropfamily:sweet_potato,trait:co_331_0000419,HAS_TRAIT,,,,,
cropfamily:sweet_potato,trait:co_331_0000420,HAS_TRAIT,,,,,
cropfamily:sweet_potato,trait:co_331_0000421,HAS_TRAIT,,,,,
cropfamily:sweet_potato,trait:co_331_0000422,HAS_TRAIT,,,,,
cropfamily:sweet_potato,trait:co_331_0000424,HAS_TRAIT,,,,,
cropfamily:sweet_potato,trait:co_331_0000425,HAS_TRAIT,,,,,
cropfamily:sweet_potato,trait:co_331_0000427,HAS_TRAIT,,,,,
cropfamily:sweet_potato,trait:co_331_0000428,HAS_TRAIT,,,,,
cropfamily:sweet_potato,trait:co_331_0000429,HAS_TRAIT,,,,,
cropfamily:sweet_potato,trait:co_331_0000430,HAS_TRAIT,,,,,
cropfamily:sweet_potato,trait:co_331_0000431,HAS_TRAIT,,,,,
cropfamily:sweet_potato,trait:co_331_0000432,HAS_TRAIT,,,,,
cropfamily:sweet_potato,trait:co_331_0000433,HAS_TRAIT,,,,,
cropfamily:sweet_potato,trait:co_331_0000434,HAS_TRAIT,,,,,
cropfamily:sweet_potato,trait:co_331_0000435,HAS_TRAIT,,,,,
cropfamily:sweet_potato,trait:co_331_0000436,HAS_TRAIT,,,,,
cropfamily:sweet_potato,trait:co_331_0000438,HAS_TRAIT,,,,,
cropfamily:sweet_potato,trait:co_331_0000439,HAS_TRAIT,,,,,
cropfamily:sweet_potato,trait:co_331_0000440,HAS_TRAIT,,,,,
cropfamily:sweet_potato,trait:co_331_0000307,HAS_TRAIT,,,,,
cropfamily:sweet_potato,trait:co_331_0000811,HAS_TRAIT,,,,,
cropfamily:sweet_potato,trait:co_331_0001068,HAS_TRAIT,,,,,
species:abelmoschus_esculentus,crop:c_12920,IS_A,100.0,,,,
cultivar:af_119|abelmoschus_esculentus,species:abelmoschus_esculentus,OF_SPECIES,,,,,
cultivar:af_119|abelmoschus_esculentus,region:mg,PRODUCED_IN,,35.67,23.05,3.0,3.0
cultivar:af_119|abelmoschus_esculentus,region:pi,PRODUCED_IN,,2.5,2.5,3.0,1.0
cultivar:af_119|abelmoschus_esculentus,region:sp,PRODUCED_IN,,97.65,73.6,12.0,9.0
cultivar:af631|abelmoschus_esculentus,species:abelmoschus_esculentus,OF_SPECIES,,,,,
cultivar:af631|abelmoschus_esculentus,region:mg,PRODUCED_IN,,0.17,0.02,1.0,1.0
cultivar:amarelinho|abelmoschus_esculentus,species:abelmoschus_esculentus,OF_SPECIES,,,,,
cultivar:amarelinho|abelmoschus_esculentus,region:rs,PRODUCED_IN,,2.0,1.0,1.0,1.0
cultivar:apuim|abelmoschus_esculentus,species:abelmoschus_esculentus,OF_SPECIES,,,,,
cultivar:apuim|abelmoschus_esculentus,region:mg,PRODUCED_IN,,17.0,14.3,12.0,4.0
cultivar:apuim|abelmoschus_esculentus,region:rs,PRODUCED_IN,,4.2,2.14,5.0,3.0
cultivar:clemson_americano|abelmoschus_esculentus,species:abelmoschus_esculentus,OF_SPECIES,,,,,
cultivar:clemson_americano|abelmoschus_esculentus,region:rs,PRODUCED_IN,,3.0,1.4,3.0,2.0
cultivar:colhe_bem|abelmoschus_esculentus,species:abelmoschus_esculentus,OF_SPECIES,,,,,
cultivar:colhe_bem|abelmoschus_esculentus,region:mg,PRODUCED_IN,,33.0,33.0,4.0,3.0
cultivar:colhe_bem|abelmoschus_esculentus,region:sp,PRODUCED_IN,,163.5,163.5,22.0,11.0
cultivar:coronel|abelmoschus_esculentus,species:abelmoschus_esculentus,OF_SPECIES,,,,,
cultivar:coronel|abelmoschus_esculentus,region:mg,PRODUCED_IN,,1.33,1.35,2.0,2.0
cultivar:coronel|abelmoschus_esculentus,region:sp,PRODUCED_IN,,0.95,0.95,4.0,2.0
cultivar:ht_209|abelmoschus_esculentus,species:abelmoschus_esculentus,OF_SPECIES,,,,,
cultivar:ht_209|abelmoschus_esculentus,region:mg,PRODUCED_IN,,1.0,1.0,1.0,1.0
cultivar:ht_209|abelmoschus_esculentus,region:sp,PRODUCED_IN,,1.05,1.05,5.0,3.0
cultivar:iac_midori|abelmoschus_esculentus,species:abelmoschus_esculentus,OF_SPECIES,,,,,
cultivar:iac_midori|abelmoschus_esculentus,region:ba,PRODUCED_IN,,15.79,16.2,10.0,8.0
cultivar:iac_midori|abelmoschus_esculentus,region:mg,PRODUCED_IN,,4.0,4.0,2.0,1.0
cultivar:iac_midori|abelmoschus_esculentus,region:pe,PRODUCED_IN,,1.01,1.21,2.0,2.0
cultivar:imperador|abelmoschus_esculentus,species:abelmoschus_esculentus,OF_SPECIES,,,,,
cultivar:imperador|abelmoschus_esculentus,region:ba,PRODUCED_IN,,0.5,0.35,2.0,1.0
cultivar:imperador|abelmoschus_esculentus,region:rs,PRODUCED_IN,,0.5,0.05,1.0,1.0
cultivar:is_217|abelmoschus_esculentus,species:abelmoschus_esculentus,OF_SPECIES,,,,,
cultivar:is_217|abelmoschus_esculentus,region:rs,PRODUCED_IN,,0.8,0.32,1.0,1.0
cultivar:martin|abelmoschus_esculentus,species:abelmoschus_esculentus,OF_SPECIES,,,,,
cultivar:martin|abelmoschus_esculentus,region:mg,PRODUCED_IN,,0.15,0.05,1.0,1.0
cultivar:martin|abelmoschus_esculentus,region:sp,PRODUCED_IN,,0.08,0.05,1.0,1.0
cultivar:santa_cruz|abelmoschus_esculentus,species:abelmoschus_esculentus,OF_SPECIES,,,,,
cultivar:santa_cruz|abelmoschus_esculentus,region:mg,PRODUCED_IN,,163.95,167.5,52.0,13.0
cultivar:santa_cruz|abelmoschus_esculentus,region:rs,PRODUCED_IN,,3.8,2.5,24.0,3.0
cultivar:santa_cruz|abelmoschus_esculentus,region:sp,PRODUCED_IN,,92.34,82.43,21.0,12.0
cultivar:santa_cruz_47|abelmoschus_esculentus,species:abelmoschus_esculentus,OF_SPECIES,,,,,
cultivar:santa_cruz_47|abelmoschus_esculentus,region:ba,PRODUCED_IN,,140.25,142.15,22.0,12.0
cultivar:santa_cruz_47|abelmoschus_esculentus,region:go,PRODUCED_IN,,35.7,11.98,7.0,7.0
cultivar:santa_cruz_47|abelmoschus_esculentus,region:mg,PRODUCED_IN,,1015.13,23709.36,262.0,26.0
cultivar:santa_cruz_47|abelmoschus_esculentus,region:pe,PRODUCED_IN,,6.5,6.3,4.0,3.0
cultivar:santa_cruz_47|abelmoschus_esculentus,region:pi,PRODUCED_IN,,108.5,127.98,17.0,6.0
cultivar:santa_cruz_47|abelmoschus_esculentus,region:rs,PRODUCED_IN,,659.09,463.51,347.0,22.0
cultivar:santa_cruz_47|abelmoschus_esculentus,region:se,PRODUCED_IN,,5.5,8.5,5.0,1.0
cultivar:santa_cruz_47|abelmoschus_esculentus,region:sp,PRODUCED_IN,,319.12,302.72,37.0,14.0
cultivar:speedy|abelmoschus_esculentus,species:abelmoschus_esculentus,OF_SPECIES,,,,,
cultivar:speedy|abelmoschus_esculentus,region:mg,PRODUCED_IN,,0.51,0.33,2.0,1.0
cultivar:tropical|abelmoschus_esculentus,species:abelmoschus_esculentus,OF_SPECIES,,,,,
cultivar:tropical|abelmoschus_esculentus,region:rs,PRODUCED_IN,,5.9,5.1,5.0,1.0
cultivar:ufu_mc_erasmo|abelmoschus_esculentus,species:abelmoschus_esculentus,OF_SPECIES,,,,,
cultivar:ufu_mc_erasmo|abelmoschus_esculentus,region:mg,PRODUCED_IN,,0.4,0.14,2.0,1.0
cultivar:ufu_mc_qb3_antony|abelmoschus_esculentus,species:abelmoschus_esculentus,OF_SPECIES,,,,,
cultivar:ufu_mc_qb3_antony|abelmoschus_esculentus,region:mg,PRODUCED_IN,,0.06,0.02,1.0,1.0
cultivar:ufu_mc_qb4_brutus|abelmoschus_esculentus,species:abelmoschus_esculentus,OF_SPECIES,,,,,
cultivar:ufu_mc_qb4_brutus|abelmoschus_esculentus,region:mg,PRODUCED_IN,,5.16,1.91,8.0,6.0
cultivar:ufu_mc_qb4_brutus|abelmoschus_esculentus,region:sp,PRODUCED_IN,,0.13,0.05,2.0,2.0
cultivar:ufu_mc_qb5_veloster|abelmoschus_esculentus,species:abelmoschus_esculentus,OF_SPECIES,,,,,
cultivar:ufu_mc_qb5_veloster|abelmoschus_esculentus,region:mg,PRODUCED_IN,,0.12,0.02,1.0,1.0
cultivar:ufu_mc_ravi|abelmoschus_esculentus,species:abelmoschus_esculentus,OF_SPECIES,,,,,
cultivar:ufu_mc_ravi|abelmoschus_esculentus,region:mg,PRODUCED_IN,,0.07,0.02,1.0,1.0
cultivar:vok_501|abelmoschus_esculentus,species:abelmoschus_esculentus,OF_SPECIES,,,,,
cultivar:vok_501|abelmoschus_esculentus,region:mg,PRODUCED_IN,,5.88,4.44,14.0,7.0
cultivar:vok_501|abelmoschus_esculentus,region:pi,PRODUCED_IN,,0.1,0.05,1.0,1.0
cultivar:vok_501|abelmoschus_esculentus,region:sp,PRODUCED_IN,,0.03,0.01,1.0,1.0
cultivar:valenaa|abelmoschus_esculentus,species:abelmoschus_esculentus,OF_SPECIES,,,,,
cultivar:valenaa|abelmoschus_esculentus,region:mg,PRODUCED_IN,,50.14,60.94,30.0,11.0
cultivar:valenaa|abelmoschus_esculentus,region:rs,PRODUCED_IN,,0.2,0.05,1.0,1.0
cultivar:valenaa|abelmoschus_esculentus,region:sp,PRODUCED_IN,,0.49,0.16,3.0,3.0
cultivar:veloce|abelmoschus_esculentus,species:abelmoschus_esculentus,OF_SPECIES,,,,,
cultivar:veloce|abelmoschus_esculentus,region:rs,PRODUCED_IN,,0.2,0.1,2.0,1.0
cultivar:veloce|abelmoschus_esculentus,region:sp,PRODUCED_IN,,0.2,0.3,2.0,1.0
species:allium_cepa,crop:c_12934,IS_A,100.0,,,,
cultivar:absolut|allium_cepa,species:allium_cepa,OF_SPECIES,,,,,
cultivar:absolut|allium_cepa,region:rs,PRODUCED_IN,,7.0,31.9,3.0,3.0
cultivar:absolut|allium_cepa,region:sc,PRODUCED_IN,,3.0,105.0,4.0,4.0
cultivar:af_3696|allium_cepa,species:allium_cepa,OF_SPECIES,,,,,
cultivar:af_3696|allium_cepa,region:rs,PRODUCED_IN,,0.0,0.0,1.0,1.0
cultivar:af3838|allium_cepa,species:allium_cepa,OF_SPECIES,,,,,
cultivar:af3838|allium_cepa,region:rs,PRODUCED_IN,,0.0,0.0,1.0,1.0
cultivar:af4989|allium_cepa,species:allium_cepa,OF_SPECIES,,,,,
cultivar:af4989|allium_cepa,region:mg,PRODUCED_IN,,0.24,16.0,3.0,1.0
cultivar:af4989|allium_cepa,region:sp,PRODUCED_IN,,0.17,0.07,6.0,2.0
cultivar:agroney|allium_cepa,species:allium_cepa,OF_SPECIES,,,,,
cultivar:agroney|allium_cepa,region:rs,PRODUCED_IN,,0.5,2.0,1.0,1.0
cultivar:alfa_tropical|allium_cepa,species:allium_cepa,OF_SPECIES,,,,,
cultivar:alfa_tropical|allium_cepa,region:mg,PRODUCED_IN,,1.0,1.2,1.0,1.0
cultivar:alvorada|allium_cepa,species:allium_cepa,OF_SPECIES,,,,,
cultivar:alvorada|allium_cepa,region:rs,PRODUCED_IN,,36.16,15.62,19.0,9.0
cultivar:alvorada|allium_cepa,region:sc,PRODUCED_IN,,26.58,989.58,41.0,19.0
cultivar:athena|allium_cepa,species:allium_cepa,OF_SPECIES,,,,,
cultivar:athena|allium_cepa,region:rs,PRODUCED_IN,,6.71,24.2,7.0,4.0
cultivar:belasul|allium_cepa,species:allium_cepa,OF_SPECIES,,,,,
cultivar:belasul|allium_cepa,region:rs,PRODUCED_IN,,6.6,46.36,4.0,4.0
cultivar:belasul|allium_cepa,region:sc,PRODUCED_IN,,1.0,30.0,1.0,1.0
cultivar:br_25|allium_cepa,species:allium_cepa,OF_SPECIES,,,,,
cultivar:br_25|allium_cepa,region:go,PRODUCED_IN,,0.11,0.55,2.0,2.0
cultivar:br_29_crioula|allium_cepa,species:allium_cepa,OF_SPECIES,,,,,
cultivar:br_29_crioula|allium_cepa,region:go,PRODUCED_IN,,0.1,0.05,1.0,1.0
cultivar:brs_alfa_sao_francisco|allium_cepa,species:allium_cepa,OF_SPECIES,,,,,
cultivar:brs_alfa_sao_francisco|allium_cepa,region:ba,PRODUCED_IN,,15.77,162.22,15.0,9.0
cultivar:brs_alfa_sao_francisco|allium_cepa,region:pe,PRODUCED_IN,,3.47,41.55,8.0,6.0
cultivar:brs_alfa_sao_francisco|allium_cepa,region:rs,PRODUCED_IN,,0.1,0.1,1.0,1.0
cultivar:brs_alfa_sao_francisco|allium_cepa,region:se,PRODUCED_IN,,1.4,0.8,2.0,1.0
cultivar:brs_carrancas|allium_cepa,species:allium_cepa,OF_SPECIES,,,,,
cultivar:brs_carrancas|allium_cepa,region:ba,PRODUCED_IN,,0.1,9.6,1.0,1.0
cultivar:brs_carrancas|allium_cepa,region:pe,PRODUCED_IN,,0.08,0.04,3.0,3.0
cultivar:brs_cascata|allium_cepa,species:allium_cepa,OF_SPECIES,,,,,
cultivar:brs_cascata|allium_cepa,region:rs,PRODUCED_IN,,0.0,0.0,1.0,1.0
cultivar:brs_cascata|allium_cepa,region:sc,PRODUCED_IN,,0.06,0.91,2.0,2.0
cultivar:brs_prima|allium_cepa,species:allium_cepa,OF_SPECIES,,,,,
cultivar:brs_prima|allium_cepa,region:rs,PRODUCED_IN,,3.62,10.49,14.0,12.0
cultivar:brs_prima|allium_cepa,region:sc,PRODUCED_IN,,4.18,120.92,9.0,5.0
cultivar:brs_riovale|allium_cepa,species:allium_cepa,OF_SPECIES,,,,,
cultivar:brs_riovale|allium_cepa,region:ba,PRODUCED_IN,,0.12,9.6,1.0,1.0
cultivar:brs_riovale|allium_cepa,region:pe,PRODUCED_IN,,0.1,0.05,3.0,3.0
cultivar:brs_sustentare|allium_cepa,species:allium_cepa,OF_SPECIES,,,,,
cultivar:brs_sustentare|allium_cepa,region:df,PRODUCED_IN,,0.0,0.0,1.0,1.0
cultivar:baia_herval|allium_cepa,species:allium_cepa,OF_SPECIES,,,,,
cultivar:baia_herval|allium_cepa,region:rs,PRODUCED_IN,,17.6,75.22,11.0,9.0
cultivar:baia_periforme|allium_cepa,species:allium_cepa,OF_SPECIES,,,,,
cultivar:baia_periforme|allium_cepa,region:go,PRODUCED_IN,,0.01,0.5,1.0,1.0
cultivar:baia_periforme|allium_cepa,region:rs,PRODUCED_IN,,37.83,121.21,29.0,14.0
cultivar:baia_periforme|allium_cepa,region:sc,PRODUCED_IN,,2.5,65.0,3.0,3.0
cultivar:baia_periforme_crioula|allium_cepa,species:allium_cepa,OF_SPECIES,,,,,
cultivar:baia_periforme_crioula|allium_cepa,region:rs,PRODUCED_IN,,1.1,0.36,2.0,2.0
cultivar:baia_periforme_crioula|allium_cepa,region:sc,PRODUCED_IN,,2.0,15.0,1.0,1.0
cultivar:baia_periforme_crioula|allium_cepa,region:sp,PRODUCED_IN,,2.0,2.0,1.0,1.0
cultivar:baia_periforme_precoce|allium_cepa,species:allium_cepa,OF_SPECIES,,,,,
cultivar:baia_periforme_precoce|allium_cepa,region:rs,PRODUCED_IN,,6.0,1.75,2.0,2.0
cultivar:baia_super_precoce|allium_cepa,species:allium_cepa,OF_SPECIES,,,,,
cultivar:baia_super_precoce|allium_cepa,region:sp,PRODUCED_IN,,0.03,0.01,1.0,1.0
cultivar:bella_catarina|allium_cepa,species:allium_cepa,OF_SPECIES,,,,,
cultivar:bella_catarina|allium_cepa,region:mg,PRODUCED_IN,,0.09,0.09,2.0,1.0
cultivar:bella_dura|allium_cepa,species:allium_cepa,OF_SPECIES,,,,,
cultivar:bella_dura|allium_cepa,region:mg,PRODUCED_IN,,0.22,100.05,5.0,3.0
cultivar:bella_dura|allium_cepa,region:rs,PRODUCED_IN,,3.0,1.5,1.0,1.0
cultivar:bella_dura|allium_cepa,region:sp,PRODUCED_IN,,1.15,0.21,5.0,3.0
cultivar:bola_suprema|allium_cepa,species:allium_cepa,OF_SPECIES,,,,,
cultivar:bola_suprema|allium_cepa,region:go,PRODUCED_IN,,0.0,0.01,1.0,1.0
cultivar:bola_suprema|allium_cepa,region:pr,PRODUCED_IN,,1.5,1.5,1.0,1.0
cultivar:bola_suprema|allium_cepa,region:rs,PRODUCED_IN,,20.65,67.51,14.0,5.0
cultivar:bola_suprema|allium_cepa,region:sc,PRODUCED_IN,,11.0,240.0,8.0,7.0
cultivar:bola_de_ouro|allium_cepa,species:allium_cepa,OF_SPECIES,,,,,
cultivar:bola_de_ouro|allium_cepa,region:mg,PRODUCED_IN,,0.1,51.6,3.0,3.0
cultivar:bola_de_ouro|allium_cepa,region:rs,PRODUCED_IN,,1.5,0.35,2.0,2.0
cultivar:bola_de_ouro|allium_cepa,region:sp,PRODUCED_IN,,0.55,3.71,9.0,7.0
cultivar:boreal|allium_cepa,species:allium_cepa,OF_SPECIES,,,,,
cultivar:boreal|allium_cepa,region:rs,PRODUCED_IN,,9.15,18.51,7.0,5.0
cultivar:boreal|allium_cepa,region:sc,PRODUCED_IN,,3.5,39.0,3.0,3.0
cultivar:boreal|allium_cepa,region:sp,PRODUCED_IN,,0.15,0.52,4.0,4.0
cultivar:brasa_crioula|allium_cepa,species:allium_cepa,OF_SPECIES,,,,,
cultivar:brasa_crioula|allium_cepa,region:sc,PRODUCED_IN,,0.5,15000.0,1.0,1.0
cultivar:brasalia|allium_cepa,species:allium_cepa,OF_SPECIES,,,,,
cultivar:brasalia|allium_cepa,region:rs,PRODUCED_IN,,0.13,0.11,3.0,3.0
cultivar:brasalia|allium_cepa,region:sc,PRODUCED_IN,,0.12,5.06,7.0,7.0
cultivar:brisaverao_ipa_13|allium_cepa,species:allium_cepa,OF_SPECIES,,,,,
cultivar:brisaverao_ipa_13|allium_cepa,region:ba,PRODUCED_IN,,3.1,21.25,3.0,2.0
cultivar:brisaverao_ipa_13|allium_cepa,region:pe,PRODUCED_IN,,8.01,155.5,16.0,9.0
cultivar:campera|allium_cepa,species:allium_cepa,OF_SPECIES,,,,,
cultivar:campera|allium_cepa,region:rs,PRODUCED_IN,,30.5,265.87,17.0,17.0
cultivar:campera|allium_cepa,region:sc,PRODUCED_IN,,4.5,135.0,5.0,5.0
cultivar:cr_020|allium_cepa,species:allium_cepa,OF_SPECIES,,,,,
cultivar:cr_020|allium_cepa,region:rs,PRODUCED_IN,,1.8,30.09,3.0,2.0
cultivar:cr_020|allium_cepa,region:sc,PRODUCED_IN,,1.5,30.0,1.0,1.0
cultivar:caeta|allium_cepa,species:allium_cepa,OF_SPECIES,,,,,
cultivar:caeta|allium_cepa,region:rs,PRODUCED_IN,,30.28,17.11,25.0,13.0
cultivar:caeta|allium_cepa,region:sc,PRODUCED_IN,,26.3,1138.08,42.0,19.0
cultivar:camponesa|allium_cepa,species:allium_cepa,OF_SPECIES,,,,,
cultivar:camponesa|allium_cepa,region:rs,PRODUCED_IN,,0.5,0.12,1.0,1.0
cultivar:camponesa|allium_cepa,region:sc,PRODUCED_IN,,1.0,5.0,1.0,1.0
cultivar:camponesa|allium_cepa,region:sp,PRODUCED_IN,,0.24,0.02,2.0,2.0
cultivar:catarina|allium_cepa,species:allium_cepa,OF_SPECIES,,,,,
cultivar:catarina|allium_cepa,region:rs,PRODUCED_IN,,10.34,4.67,9.0,8.0
cultivar:catarina|allium_cepa,region:sc,PRODUCED_IN,,14.36,582.76,30.0,18.0
cultivar:clarabela_10|allium_cepa,species:allium_cepa,OF_SPECIES,,,,,
cultivar:clarabela_10|allium_cepa,region:rs,PRODUCED_IN,,0.85,0.27,1.0,1.0
cultivar:clarabela_10|allium_cepa,region:sc,PRODUCED_IN,,0.28,11.96,6.0,6.0
cultivar:claudia|allium_cepa,species:allium_cepa,OF_SPECIES,,,,,
cultivar:claudia|allium_cepa,region:sp,PRODUCED_IN,,0.02,0.01,1.0,1.0
cultivar:clover|allium_cepa,species:allium_cepa,OF_SPECIES,,,,,
cultivar:clover|allium_cepa,region:rs,PRODUCED_IN,,4.81,10009.0,5.0,4.0
cultivar:colorada|allium_cepa,species:allium_cepa,OF_SPECIES,,,,,
cultivar:colorada|allium_cepa,region:rs,PRODUCED_IN,,74.24,331.75,31.0,17.0
cultivar:crioula|allium_cepa,species:allium_cepa,OF_SPECIES,,,,,
cultivar:crioula|allium_cepa,region:rs,PRODUCED_IN,,30.6,244.45,19.0,12.0
cultivar:crioula|allium_cepa,region:sc,PRODUCED_IN,,3.5,90.0,3.0,3.0
cultivar:crioula_conesul|allium_cepa,species:allium_cepa,OF_SPECIES,,,,,
cultivar:crioula_conesul|allium_cepa,region:rs,PRODUCED_IN,,7.74,20.24,8.0,5.0
cultivar:crioula_gl|allium_cepa,species:allium_cepa,OF_SPECIES,,,,,
cultivar:crioula_gl|allium_cepa,region:rs,PRODUCED_IN,,16.0,186.53,11.0,11.0
cultivar:crioula_roxa|allium_cepa,species:allium_cepa,OF_SPECIES,,,,,
cultivar:crioula_roxa|allium_cepa,region:rs,PRODUCED_IN,,33.73,15087.91,24.0,16.0
cultivar:crioula_roxa|allium_cepa,region:sc,PRODUCED_IN,,2.5,21.0,2.0,2.0
cultivar:crioula_roxa|allium_cepa,region:sp,PRODUCED_IN,,0.14,0.52,3.0,3.0
cultivar:crioula_salto_grande|allium_cepa,species:allium_cepa,OF_SPECIES,,,,,
cultivar:crioula_salto_grande|allium_cepa,region:rs,PRODUCED_IN,,100.0,50.06,46.0,13.0
cultivar:crioula_salto_grande|allium_cepa,region:sc,PRODUCED_IN,,53.93,2292.32,54.0,21.0
cultivar:diva|allium_cepa,species:allium_cepa,OF_SPECIES,,,,,
cultivar:diva|allium_cepa,region:rs,PRODUCED_IN,,0.5,10.0,1.0,1.0
cultivar:dallas|allium_cepa,species:allium_cepa,OF_SPECIES,,,,,
cultivar:dallas|allium_cepa,region:sp,PRODUCED_IN,,0.02,0.01,1.0,1.0
cultivar:divina|allium_cepa,species:allium_cepa,OF_SPECIES,,,,,
cultivar:divina|allium_cepa,region:ba,PRODUCED_IN,,0.2,6.0,1.0,1.0
cultivar:divina|allium_cepa,region:rs,PRODUCED_IN,,4.05,4.01,4.0,3.0
cultivar:divina|allium_cepa,region:sc,PRODUCED_IN,,4.0,110.0,4.0,4.0
cultivar:dolabela|allium_cepa,species:allium_cepa,OF_SPECIES,,,,,
cultivar:dolabela|allium_cepa,region:rs,PRODUCED_IN,,4.96,10017.16,7.0,6.0
cultivar:dourada|allium_cepa,species:allium_cepa,OF_SPECIES,,,,,
cultivar:dourada|allium_cepa,region:rs,PRODUCED_IN,,31.4,12.9,19.0,10.0
cultivar:dourada|allium_cepa,region:sc,PRODUCED_IN,,20.19,712.34,31.0,16.0
cultivar:duvale|allium_cepa,species:allium_cepa,OF_SPECIES,,,,,
cultivar:duvale|allium_cepa,region:rs,PRODUCED_IN,,0.25,0.12,2.0,2.0
cultivar:duvale|allium_cepa,region:sc,PRODUCED_IN,,0.25,9.57,7.0,7.0
cultivar:ehceb_2020a5|allium_cepa,species:allium_cepa,OF_SPECIES,,,,,
cultivar:ehceb_2020a5|allium_cepa,region:df,PRODUCED_IN,,0.15,0.04,2.0,2.0
cultivar:ehceb_2020b5|allium_cepa,species:allium_cepa,OF_SPECIES,,,,,
cultivar:ehceb_2020b5|allium_cepa,region:df,PRODUCED_IN,,0.12,0.03,1.0,1.0
cultivar:ehceb_2020c6|allium_cepa,species:allium_cepa,OF_SPECIES,,,,,
cultivar:ehceb_2020c6|allium_cepa,region:mg,PRODUCED_IN,,0.12,0.04,1.0,1.0
cultivar:empasc_352_bola_precoce|allium_cepa,species:allium_cepa,OF_SPECIES,,,,,
cultivar:empasc_352_bola_precoce|allium_cepa,region:ba,PRODUCED_IN,,0.12,4.0,1.0,1.0
cultivar:empasc_352_bola_precoce|allium_cepa,region:rs,PRODUCED_IN,,453.76,1813.12,214.0,25.0
cultivar:empasc_352_bola_precoce|allium_cepa,region:sc,PRODUCED_IN,,64.33,1580.14,60.0,21.0
cultivar:empasc_355_juporanga|allium_cepa,species:allium_cepa,OF_SPECIES,,,,,
cultivar:empasc_355_juporanga|allium_cepa,region:rs,PRODUCED_IN,,108.6,656.24,117.0,22.0
cultivar:empasc_355_juporanga|allium_cepa,region:sc,PRODUCED_IN,,19.3,545.68,31.0,15.0
cultivar:empasc_356_rosada|allium_cepa,species:allium_cepa,OF_SPECIES,,,,,
cultivar:empasc_356_rosada|allium_cepa,region:sc,PRODUCED_IN,,0.0,0.0,1.0,1.0
cultivar:epagri_362_crioula_alto_vale|allium_cepa,species:allium_cepa,OF_SPECIES,,,,,
cultivar:epagri_362_crioula_alto_vale|allium_cepa,region:rs,PRODUCED_IN,,51.52,377.19,87.0,20.0
cultivar:epagri_362_crioula_alto_vale|allium_cepa,region:sc,PRODUCED_IN,,8.08,266.55,22.0,15.0
cultivar:epagri_363_superprecoce|allium_cepa,species:allium_cepa,OF_SPECIES,,,,,
cultivar:epagri_363_superprecoce|allium_cepa,region:rs,PRODUCED_IN,,129.56,647.59,78.0,26.0
cultivar:epagri_363_superprecoce|allium_cepa,region:sc,PRODUCED_IN,,39.11,1016.19,38.0,17.0
cultivar:epagri_363_superprecoces|allium_cepa,species:allium_cepa,OF_SPECIES,,,,,
cultivar:epagri_363_superprecoces|allium_cepa,region:sc,PRODUCED_IN,,1.0,30.0,1.0,1.0
cultivar:fort|allium_cepa,species:allium_cepa,OF_SPECIES,,,,,
cultivar:fort|allium_cepa,region:rs,PRODUCED_IN,,38.0,56.38,8.0,6.0
cultivar:fort|allium_cepa,region:sc,PRODUCED_IN,,10.0,300.0,8.0,4.0
cultivar:favoritta|allium_cepa,species:allium_cepa,OF_SPECIES,,,,,
cultivar:favoritta|allium_cepa,region:rs,PRODUCED_IN,,4.0,2.0,2.0,1.0
cultivar:franciscana_ipa_10|allium_cepa,species:allium_cepa,OF_SPECIES,,,,,
cultivar:franciscana_ipa_10|allium_cepa,region:ba,PRODUCED_IN,,109.29,50864.07,93.0,20.0
cultivar:franciscana_ipa_10|allium_cepa,region:pe,PRODUCED_IN,,209.4,109016.51,237.0,27.0
cultivar:franciscana_ipa_10|allium_cepa,region:rs,PRODUCED_IN,,5.0,2.95,3.0,2.0
cultivar:garra|allium_cepa,species:allium_cepa,OF_SPECIES,,,,,
cultivar:garra|allium_cepa,region:sc,PRODUCED_IN,,1.25,56.5,4.0,1.0
cultivar:gauchinha|allium_cepa,species:allium_cepa,OF_SPECIES,,,,,
cultivar:gauchinha|allium_cepa,region:rs,PRODUCED_IN,,12.0,111.85,12.0,12.0
cultivar:georgea|allium_cepa,species:allium_cepa,OF_SPECIES,,,,,
cultivar:georgea|allium_cepa,region:sp,PRODUCED_IN,,0.02,0.01,1.0,1.0
cultivar:ht_113|allium_cepa,species:allium_cepa,OF_SPECIES,,,,,
cultivar:ht_113|allium_cepa,region:rs,PRODUCED_IN,,16.0,6.17,5.0,4.0
cultivar:ht_113|allium_cepa,region:sc,PRODUCED_IN,,6.0,58.0,3.0,3.0
cultivar:ht_113|allium_cepa,region:sp,PRODUCED_IN,,0.15,0.52,4.0,4.0
cultivar:ht_125|allium_cepa,species:allium_cepa,OF_SPECIES,,,,,
cultivar:ht_125|allium_cepa,region:sp,PRODUCED_IN,,0.03,0.01,1.0,1.0
cultivar:ht_215|allium_cepa,species:allium_cepa,OF_SPECIES,,,,,
cultivar:ht_215|allium_cepa,region:sp,PRODUCED_IN,,0.02,0.01,1.0,1.0
cultivar:hazel|allium_cepa,species:allium_cepa,OF_SPECIES,,,,,
cultivar:hazel|allium_cepa,region:mg,PRODUCED_IN,,0.24,70.6,6.0,3.0
cultivar:hazel|allium_cepa,region:sp,PRODUCED_IN,,0.92,0.08,6.0,3.0
cultivar:hulha_negra|allium_cepa,species:allium_cepa,OF_SPECIES,,,,,
cultivar:hulha_negra|allium_cepa,region:sc,PRODUCED_IN,,2.0,80.0,2.0,1.0
cultivar:id_127_castanha|allium_cepa,species:allium_cepa,OF_SPECIES,,,,,
cultivar:id_127_castanha|allium_cepa,region:rs,PRODUCED_IN,,2.01,2.6,3.0,3.0
cultivar:id_127_castanha|allium_cepa,region:sc,PRODUCED_IN,,1.5,25.0,2.0,2.0
cultivar:id_132_planalto|allium_cepa,species:allium_cepa,OF_SPECIES,,,,,
cultivar:id_132_planalto|allium_cepa,region:rs,PRODUCED_IN,,0.01,0.1,1.0,1.0
cultivar:id_163_primola|allium_cepa,species:allium_cepa,OF_SPECIES,,,,,
cultivar:id_163_primola|allium_cepa,region:rs,PRODUCED_IN,,0.01,0.1,1.0,1.0
cultivar:id_23_ruby|allium_cepa,species:allium_cepa,OF_SPECIES,,,,,
cultivar:id_23_ruby|allium_cepa,region:rs,PRODUCED_IN,,1.92,10.7,5.0,5.0
cultivar:id_362_estrela|allium_cepa,species:allium_cepa,OF_SPECIES,,,,,
cultivar:id_362_estrela|allium_cepa,region:rs,PRODUCED_IN,,2.51,3.1,3.0,3.0
cultivar:id_362_estrela|allium_cepa,region:sc,PRODUCED_IN,,1.5,25.0,2.0,2.0
cultivar:id_75_cerro_negro|allium_cepa,species:allium_cepa,OF_SPECIES,,,,,
cultivar:id_75_cerro_negro|allium_cepa,region:rs,PRODUCED_IN,,1.01,1.6,2.0,2.0
cultivar:id_75_cerro_negro|allium_cepa,region:sc,PRODUCED_IN,,1.5,25.0,2.0,2.0
cultivar:ideal|allium_cepa,species:allium_cepa,OF_SPECIES,,,,,
cultivar:ideal|allium_cepa,region:rs,PRODUCED_IN,,1.6,0.83,2.0,2.0
cultivar:ideal|allium_cepa,region:sc,PRODUCED_IN,,3.45,176.5,7.0,3.0
cultivar:imperial|allium_cepa,species:allium_cepa,OF_SPECIES,,,,,
cultivar:imperial|allium_cepa,region:rs,PRODUCED_IN,,5.4,1.78,4.0,3.0
cultivar:imperial|allium_cepa,region:sc,PRODUCED_IN,,1.19,43.28,6.0,5.0
cultivar:ipa_10_roxa|allium_cepa,species:allium_cepa,OF_SPECIES,,,,,
cultivar:ipa_10_roxa|allium_cepa,region:ba,PRODUCED_IN,,5.0,3.0,3.0,1.0
cultivar:ipa_10_roxa|allium_cepa,region:go,PRODUCED_IN,,0.2,0.1,2.0,1.0
cultivar:ipa_10_roxa|allium_cepa,region:mg,PRODUCED_IN,,1.0,1.2,1.0,1.0
cultivar:ipa_10_roxa|allium_cepa,region:pe,PRODUCED_IN,,0.3,0.1,1.0,1.0
cultivar:ipa_10_roxa|allium_cepa,region:rs,PRODUCED_IN,,4.0,4.0,1.0,1.0
cultivar:ipa_11|allium_cepa,species:allium_cepa,OF_SPECIES,,,,,
cultivar:ipa_11|allium_cepa,region:pe,PRODUCED_IN,,18.0,245.9,9.0,2.0
cultivar:ipa_11|allium_cepa,region:rs,PRODUCED_IN,,4.0,4.0,1.0,1.0
cultivar:ipa_11|allium_cepa,region:se,PRODUCED_IN,,0.7,0.75,1.0,1.0
cultivar:is_071|allium_cepa,species:allium_cepa,OF_SPECIES,,,,,
cultivar:is_071|allium_cepa,region:rs,PRODUCED_IN,,0.1,0.1,1.0,1.0
cultivar:is_072|allium_cepa,species:allium_cepa,OF_SPECIES,,,,,
cultivar:is_072|allium_cepa,region:rs,PRODUCED_IN,,8.7,5.22,10.0,4.0
cultivar:is_072|allium_cepa,region:sc,PRODUCED_IN,,2.5,40.0,3.0,3.0
cultivar:iris|allium_cepa,species:allium_cepa,OF_SPECIES,,,,,
cultivar:iris|allium_cepa,region:sp,PRODUCED_IN,,0.02,0.01,1.0,1.0
cultivar:itajuba|allium_cepa,species:allium_cepa,OF_SPECIES,,,,,
cultivar:itajuba|allium_cepa,region:go,PRODUCED_IN,,0.0,0.01,1.0,1.0
cultivar:itajuba|allium_cepa,region:pr,PRODUCED_IN,,1.0,15.0,1.0,1.0
cultivar:itajuba|allium_cepa,region:rs,PRODUCED_IN,,29.25,88.36,27.0,10.0
cultivar:itajuba|allium_cepa,region:sc,PRODUCED_IN,,10.3,250.0,9.0,7.0
cultivar:joia|allium_cepa,species:allium_cepa,OF_SPECIES,,,,,
cultivar:joia|allium_cepa,region:rs,PRODUCED_IN,,129.0,411.37,28.0,20.0
cultivar:joia|allium_cepa,region:sc,PRODUCED_IN,,20.5,620.0,14.0,7.0
cultivar:jacobina|allium_cepa,species:allium_cepa,OF_SPECIES,,,,,
cultivar:jacobina|allium_cepa,region:rs,PRODUCED_IN,,2.63,1.17,4.0,2.0
cultivar:jacobina|allium_cepa,region:sc,PRODUCED_IN,,1.5,25.0,3.0,3.0
cultivar:lg_fennix|allium_cepa,species:allium_cepa,OF_SPECIES,,,,,
cultivar:lg_fennix|allium_cepa,region:rs,PRODUCED_IN,,0.01,0.1,1.0,1.0
cultivar:lg_perolla|allium_cepa,species:allium_cepa,OF_SPECIES,,,,,
cultivar:lg_perolla|allium_cepa,region:rs,PRODUCED_IN,,0.03,0.3,2.0,2.0
cultivar:lourdes|allium_cepa,species:allium_cepa,OF_SPECIES,,,,,
cultivar:lourdes|allium_cepa,region:mg,PRODUCED_IN,,0.11,0.08,3.0,1.0
cultivar:lourdes|allium_cepa,region:sp,PRODUCED_IN,,0.01,0.0,1.0,1.0
cultivar:lp4_poderosa|allium_cepa,species:allium_cepa,OF_SPECIES,,,,,
cultivar:lp4_poderosa|allium_cepa,region:rs,PRODUCED_IN,,6.0,201.4,2.0,2.0
cultivar:lp7_prime|allium_cepa,species:allium_cepa,OF_SPECIES,,,,,
cultivar:lp7_prime|allium_cepa,region:rs,PRODUCED_IN,,11.5,48.2,2.0,2.0
cultivar:lendaria|allium_cepa,species:allium_cepa,OF_SPECIES,,,,,
cultivar:lendaria|allium_cepa,region:rs,PRODUCED_IN,,25.1,3133.3,7.0,6.0
cultivar:liba3rio|allium_cepa,species:allium_cepa,OF_SPECIES,,,,,
cultivar:liba3rio|allium_cepa,region:rs,PRODUCED_IN,,51.2,249.75,22.0,22.0
cultivar:liba3rio|allium_cepa,region:sc,PRODUCED_IN,,4.0,120.0,4.0,4.0
cultivar:lila|allium_cepa,species:allium_cepa,OF_SPECIES,,,,,
cultivar:lila|allium_cepa,region:rs,PRODUCED_IN,,2.95,1.28,5.0,4.0
cultivar:lila|allium_cepa,region:sc,PRODUCED_IN,,10.05,427.0,19.0,6.0
cultivar:lola|allium_cepa,species:allium_cepa,OF_SPECIES,,,,,
cultivar:lola|allium_cepa,region:rs,PRODUCED_IN,,6.6,24.0,7.0,4.0
cultivar:lotario|allium_cepa,species:allium_cepa,OF_SPECIES,,,,,
cultivar:lotario|allium_cepa,region:rs,PRODUCED_IN,,35.0,166.43,16.0,12.0
cultivar:luma|allium_cepa,species:allium_cepa,OF_SPECIES,,,,,
cultivar:luma|allium_cepa,region:sp,PRODUCED_IN,,0.02,0.01,1.0,1.0
cultivar:madre|allium_cepa,species:allium_cepa,OF_SPECIES,,,,,
cultivar:madre|allium_cepa,region:rs,PRODUCED_IN,,5.7,4.46,3.0,1.0
cultivar:madre|allium_cepa,region:sc,PRODUCED_IN,,8.0,230.0,7.0,2.0
cultivar:masters|allium_cepa,species:allium_cepa,OF_SPECIES,,,,,
cultivar:masters|allium_cepa,region:rs,PRODUCED_IN,,13.5,78.42,7.0,7.0
cultivar:masters|allium_cepa,region:sc,PRODUCED_IN,,4.0,120.0,4.0,4.0
cultivar:maxsul|allium_cepa,species:allium_cepa,OF_SPECIES,,,,,
cultivar:maxsul|allium_cepa,region:rs,PRODUCED_IN,,49.3,20.34,15.0,5.0
cultivar:maxsul|allium_cepa,region:sc,PRODUCED_IN,,50.55,3231.5,37.0,7.0
cultivar:mega|allium_cepa,species:allium_cepa,OF_SPECIES,,,,,
cultivar:mega|allium_cepa,region:rs,PRODUCED_IN,,107.05,47.15,22.0,7.0
cultivar:mega|allium_cepa,region:sc,PRODUCED_IN,,64.25,3058.5,40.0,9.0
cultivar:menina|allium_cepa,species:allium_cepa,OF_SPECIES,,,,,
cultivar:menina|allium_cepa,region:rs,PRODUCED_IN,,1.2,0.4,1.0,1.0
cultivar:menina|allium_cepa,region:sc,PRODUCED_IN,,2.6,89.42,10.0,8.0
cultivar:madeira|allium_cepa,species:allium_cepa,OF_SPECIES,,,,,
cultivar:madeira|allium_cepa,region:rs,PRODUCED_IN,,10.06,10044.0,8.0,7.0
cultivar:magnosul|allium_cepa,species:allium_cepa,OF_SPECIES,,,,,
cultivar:magnosul|allium_cepa,region:rs,PRODUCED_IN,,15.8,119.2,6.0,6.0
cultivar:mercosul_ht|allium_cepa,species:allium_cepa,OF_SPECIES,,,,,
cultivar:mercosul_ht|allium_cepa,region:rs,PRODUCED_IN,,27.15,23.79,13.0,6.0
cultivar:mercosul_ht|allium_cepa,region:sc,PRODUCED_IN,,10.0,109.0,4.0,3.0
cultivar:mercosul_ht|allium_cepa,region:sp,PRODUCED_IN,,0.14,0.52,4.0,4.0
cultivar:milan|allium_cepa,species:allium_cepa,OF_SPECIES,,,,,
cultivar:milan|allium_cepa,region:sp,PRODUCED_IN,,1.52,1.01,2.0,2.0
cultivar:mulata|allium_cepa,species:allium_cepa,OF_SPECIES,,,,,
cultivar:mulata|allium_cepa,region:go,PRODUCED_IN,,0.0,0.01,1.0,1.0
cultivar:mulata|allium_cepa,region:pr,PRODUCED_IN,,1.0,15.0,1.0,1.0
cultivar:mulata|allium_cepa,region:rs,PRODUCED_IN,,33.55,99.63,25.0,11.0
cultivar:mulata|allium_cepa,region:sc,PRODUCED_IN,,9.5,220.0,7.0,6.0
cultivar:nativa_da_serra|allium_cepa,species:allium_cepa,OF_SPECIES,,,,,
cultivar:nativa_da_serra|allium_cepa,region:rs,PRODUCED_IN,,5.0,2.1,1.0,1.0
cultivar:nativa_da_serra|allium_cepa,region:sc,PRODUCED_IN,,17.0,760.0,14.0,2.0
cultivar:nativa_do_vale|allium_cepa,species:allium_cepa,OF_SPECIES,,,,,
cultivar:nativa_do_vale|allium_cepa,region:rs,PRODUCED_IN,,4.0,1.5,1.0,1.0
cultivar:nativa_do_vale|allium_cepa,region:sc,PRODUCED_IN,,17.0,760.0,14.0,2.0
cultivar:nativa_planalto|allium_cepa,species:allium_cepa,OF_SPECIES,,,,,
cultivar:nativa_planalto|allium_cepa,region:rs,PRODUCED_IN,,3.0,1.2,1.0,1.0
cultivar:nativa_planalto|allium_cepa,region:sc,PRODUCED_IN,,14.5,665.0,12.0,2.0
cultivar:neve|allium_cepa,species:allium_cepa,OF_SPECIES,,,,,
cultivar:neve|allium_cepa,region:rs,PRODUCED_IN,,1.1,17.16,3.0,3.0
cultivar:neve|allium_cepa,region:sc,PRODUCED_IN,,0.5,15.0,1.0,1.0
cultivar:noeli|allium_cepa,species:allium_cepa,OF_SPECIES,,,,,
cultivar:noeli|allium_cepa,region:rs,PRODUCED_IN,,0.5,0.4,1.0,1.0
cultivar:noeli|allium_cepa,region:sc,PRODUCED_IN,,0.3,24.0,1.0,1.0
cultivar:noeli|allium_cepa,region:sp,PRODUCED_IN,,2.25,1.22,4.0,3.0
cultivar:nubia|allium_cepa,species:allium_cepa,OF_SPECIES,,,,,
cultivar:nubia|allium_cepa,region:rs,PRODUCED_IN,,5.7,4.64,3.0,1.0
cultivar:nubia|allium_cepa,region:sc,PRODUCED_IN,,5.0,150.0,5.0,2.0
cultivar:onix|allium_cepa,species:allium_cepa,OF_SPECIES,,,,,
cultivar:onix|allium_cepa,region:rs,PRODUCED_IN,,3.75,1.68,4.0,4.0
cultivar:onix|allium_cepa,region:sc,PRODUCED_IN,,1.76,59.1,14.0,12.0
cultivar:omega|allium_cepa,species:allium_cepa,OF_SPECIES,,,,,
cultivar:omega|allium_cepa,region:rs,PRODUCED_IN,,0.06,0.03,1.0,1.0
cultivar:omega|allium_cepa,region:sc,PRODUCED_IN,,8.47,320.94,7.0,3.0
cultivar:polly|allium_cepa,species:allium_cepa,OF_SPECIES,,,,,
cultivar:polly|allium_cepa,region:rs,PRODUCED_IN,,0.1,0.05,1.0,1.0
cultivar:preciza|allium_cepa,species:allium_cepa,OF_SPECIES,,,,,
cultivar:preciza|allium_cepa,region:rs,PRODUCED_IN,,8.2,3.58,3.0,3.0
cultivar:preciza|allium_cepa,region:sc,PRODUCED_IN,,9.95,496.5,13.0,5.0
cultivar:pampeana|allium_cepa,species:allium_cepa,OF_SPECIES,,,,,
cultivar:pampeana|allium_cepa,region:rs,PRODUCED_IN,,74.7,298.73,25.0,22.0
cultivar:pampeana|allium_cepa,region:sc,PRODUCED_IN,,7.0,215.0,6.0,6.0
cultivar:perolabela_11|allium_cepa,species:allium_cepa,OF_SPECIES,,,,,
cultivar:perolabela_11|allium_cepa,region:rs,PRODUCED_IN,,0.07,0.05,1.0,1.0
cultivar:perolabela_11|allium_cepa,region:sc,PRODUCED_IN,,0.21,9.23,7.0,7.0
cultivar:petroline|allium_cepa,species:allium_cepa,OF_SPECIES,,,,,
cultivar:petroline|allium_cepa,region:rs,PRODUCED_IN,,1.5,34.0,2.0,2.0
cultivar:preciosa|allium_cepa,species:allium_cepa,OF_SPECIES,,,,,
cultivar:preciosa|allium_cepa,region:rs,PRODUCED_IN,,23.4,226.4,17.0,17.0
cultivar:preciosa|allium_cepa,region:sc,PRODUCED_IN,,3.0,90.0,4.0,4.0
cultivar:primavera|allium_cepa,species:allium_cepa,OF_SPECIES,,,,,
cultivar:primavera|allium_cepa,region:rs,PRODUCED_IN,,3.87,29.23,9.0,9.0
cultivar:primavera|allium_cepa,region:sp,PRODUCED_IN,,0.24,0.02,2.0,2.0
cultivar:princesa_do_sul|allium_cepa,species:allium_cepa,OF_SPECIES,,,,,
cultivar:princesa_do_sul|allium_cepa,region:rs,PRODUCED_IN,,105.97,441.34,28.0,14.0
cultivar:querancia|allium_cepa,species:allium_cepa,OF_SPECIES,,,,,
cultivar:querancia|allium_cepa,region:rs,PRODUCED_IN,,16.9,5.81,8.0,5.0
cultivar:querancia|allium_cepa,region:sc,PRODUCED_IN,,18.15,766.5,21.0,9.0
cultivar:rdw_luthy|allium_cepa,species:allium_cepa,OF_SPECIES,,,,,
cultivar:rdw_luthy|allium_cepa,region:rs,PRODUCED_IN,,20.25,276.58,12.0,9.0
cultivar:rdw_potenthy|allium_cepa,species:allium_cepa,OF_SPECIES,,,,,
cultivar:rdw_potenthy|allium_cepa,region:rs,PRODUCED_IN,,131.25,1638.1,31.0,7.0
cultivar:rdw_primy|allium_cepa,species:allium_cepa,OF_SPECIES,,,,,
cultivar:rdw_primy|allium_cepa,region:rs,PRODUCED_IN,,3.0,70.5,4.0,4.0
cultivar:rdw_redy|allium_cepa,species:allium_cepa,OF_SPECIES,,,,,
cultivar:rdw_redy|allium_cepa,region:rs,PRODUCED_IN,,58.5,601.0,19.0,9.0
cultivar:rdw_tuphy|allium_cepa,species:allium_cepa,OF_SPECIES,,,,,
cultivar:rdw_tuphy|allium_cepa,region:rs,PRODUCED_IN,,14.0,284.4,11.0,7.0
cultivar:rdw_valenty|allium_cepa,species:allium_cepa,OF_SPECIES,,,,,
cultivar:rdw_valenty|allium_cepa,region:rs,PRODUCED_IN,,53.85,543.1,19.0,9.0
cultivar:rsligera|allium_cepa,species:allium_cepa,OF_SPECIES,,,,,
cultivar:rsligera|allium_cepa,region:sc,PRODUCED_IN,,0.5,15.0,1.0,1.0
cultivar:rainha|allium_cepa,species:allium_cepa,OF_SPECIES,,,,,
cultivar:rainha|allium_cepa,region:rs,PRODUCED_IN,,68.01,27.04,34.0,11.0
cultivar:rainha|allium_cepa,region:sc,PRODUCED_IN,,28.89,1064.83,37.0,18.0
cultivar:raio_de_sol|allium_cepa,species:allium_cepa,OF_SPECIES,,,,,
cultivar:raio_de_sol|allium_cepa,region:rs,PRODUCED_IN,,0.1,0.05,1.0,1.0
cultivar:red_crioule_roxa|allium_cepa,species:allium_cepa,OF_SPECIES,,,,,
cultivar:red_crioule_roxa|allium_cepa,region:rs,PRODUCED_IN,,1.76,15.48,4.0,4.0
cultivar:red_crioule_roxa|allium_cepa,region:sc,PRODUCED_IN,,1.05,18.5,3.0,3.0
cultivar:reed_crioula|allium_cepa,species:allium_cepa,OF_SPECIES,,,,,
cultivar:reed_crioula|allium_cepa,region:rs,PRODUCED_IN,,60.1,310.08,22.0,22.0
cultivar:reed_crioula|allium_cepa,region:sc,PRODUCED_IN,,2.5,75.0,3.0,3.0
cultivar:rood|allium_cepa,species:allium_cepa,OF_SPECIES,,,,,
cultivar:rood|allium_cepa,region:rs,PRODUCED_IN,,19.0,5.59,11.0,10.0
cultivar:rood|allium_cepa,region:sc,PRODUCED_IN,,27.85,913.5,24.0,13.0
cultivar:roxa_mercaorio|allium_cepa,species:allium_cepa,OF_SPECIES,,,,,
cultivar:roxa_mercaorio|allium_cepa,region:go,PRODUCED_IN,,0.0,0.03,2.0,2.0
cultivar:roxa_mercaorio|allium_cepa,region:pr,PRODUCED_IN,,1.0,15.0,1.0,1.0
cultivar:roxa_mercaorio|allium_cepa,region:rs,PRODUCED_IN,,22.05,65.89,17.0,11.0
cultivar:roxa_mercaorio|allium_cepa,region:sc,PRODUCED_IN,,8.5,200.0,7.0,6.0
cultivar:rubra|allium_cepa,species:allium_cepa,OF_SPECIES,,,,,
cultivar:rubra|allium_cepa,region:rs,PRODUCED_IN,,126.05,46.38,29.0,13.0
cultivar:rubra|allium_cepa,region:sc,PRODUCED_IN,,74.8,3015.5,50.0,14.0
cultivar:safira|allium_cepa,species:allium_cepa,OF_SPECIES,,,,,
cultivar:safira|allium_cepa,region:rs,PRODUCED_IN,,31.06,11.62,15.0,8.0
cultivar:safira|allium_cepa,region:sc,PRODUCED_IN,,20.98,764.53,32.0,20.0
cultivar:scs366_poranga|allium_cepa,species:allium_cepa,OF_SPECIES,,,,,
cultivar:scs366_poranga|allium_cepa,region:rs,PRODUCED_IN,,41.25,107.99,25.0,12.0
cultivar:scs366_poranga|allium_cepa,region:sc,PRODUCED_IN,,44.25,1308.98,53.0,21.0
cultivar:scs373_valessul|allium_cepa,species:allium_cepa,OF_SPECIES,,,,,
cultivar:scs373_valessul|allium_cepa,region:rs,PRODUCED_IN,,162.75,98.71,38.0,9.0
cultivar:scs373_valessul|allium_cepa,region:sc,PRODUCED_IN,,111.34,4765.38,81.0,20.0
cultivar:scs378_galega|allium_cepa,species:allium_cepa,OF_SPECIES,,,,,
cultivar:scs378_galega|allium_cepa,region:sc,PRODUCED_IN,,0.33,8.22,8.0,8.0
cultivar:scs379_robusta|allium_cepa,species:allium_cepa,OF_SPECIES,,,,,
cultivar:scs379_robusta|allium_cepa,region:rs,PRODUCED_IN,,27.28,37.33,15.0,7.0
cultivar:scs379_robusta|allium_cepa,region:sc,PRODUCED_IN,,16.71,15526.93,34.0,13.0
cultivar:scs384_bola_r|allium_cepa,species:allium_cepa,OF_SPECIES,,,,,
cultivar:scs384_bola_r|allium_cepa,region:sc,PRODUCED_IN,,0.44,11.16,7.0,4.0
cultivar:sentinela|allium_cepa,species:allium_cepa,OF_SPECIES,,,,,
cultivar:sentinela|allium_cepa,region:rs,PRODUCED_IN,,22.32,8.86,16.0,12.0
cultivar:sentinela|allium_cepa,region:sc,PRODUCED_IN,,21.15,691.5,25.0,14.0
cultivar:show_de_bola|allium_cepa,species:allium_cepa,OF_SPECIES,,,,,
cultivar:show_de_bola|allium_cepa,region:mg,PRODUCED_IN,,0.23,65.11,7.0,3.0
cultivar:show_de_bola|allium_cepa,region:rs,PRODUCED_IN,,2.83,40.43,7.0,4.0
cultivar:show_de_bola|allium_cepa,region:sp,PRODUCED_IN,,0.84,17.21,8.0,4.0
cultivar:sienna|allium_cepa,species:allium_cepa,OF_SPECIES,,,,,
cultivar:sienna|allium_cepa,region:mg,PRODUCED_IN,,0.78,70.0,4.0,2.0
cultivar:sienna|allium_cepa,region:rs,PRODUCED_IN,,0.01,0.06,1.0,1.0
cultivar:sienna|allium_cepa,region:sp,PRODUCED_IN,,0.28,6.09,5.0,2.0
cultivar:sprint|allium_cepa,species:allium_cepa,OF_SPECIES,,,,,
cultivar:sprint|allium_cepa,region:rs,PRODUCED_IN,,0.15,0.06,2.0,2.0
cultivar:sprint|allium_cepa,region:sc,PRODUCED_IN,,3.0,90.0,3.0,3.0
cultivar:sweet_harvest|allium_cepa,species:allium_cepa,OF_SPECIES,,,,,
cultivar:sweet_harvest|allium_cepa,region:rs,PRODUCED_IN,,3.0,1.5,1.0,1.0
cultivar:taura|allium_cepa,species:allium_cepa,OF_SPECIES,,,,,
cultivar:taura|allium_cepa,region:rs,PRODUCED_IN,,54.0,286.4,18.0,18.0
cultivar:taura|allium_cepa,region:sc,PRODUCED_IN,,7.0,215.0,7.0,7.0
cultivar:topsul|allium_cepa,species:allium_cepa,OF_SPECIES,,,,,
cultivar:topsul|allium_cepa,region:rs,PRODUCED_IN,,10.7,77.6,8.0,8.0
cultivar:topsul|allium_cepa,region:sc,PRODUCED_IN,,4.0,120.0,5.0,4.0
cultivar:von_538|allium_cepa,species:allium_cepa,OF_SPECIES,,,,,
cultivar:von_538|allium_cepa,region:sp,PRODUCED_IN,,0.01,0.0,1.0,1.0
cultivar:valeouro_ipa_11|allium_cepa,species:allium_cepa,OF_SPECIES,,,,,
cultivar:valeouro_ipa_11|allium_cepa,region:ba,PRODUCED_IN,,96.15,805.49,73.0,18.0
cultivar:valeouro_ipa_11|allium_cepa,region:pe,PRODUCED_IN,,486.05,285859.99,617.0,27.0
cultivar:valeouro_ipa_11|allium_cepa,region:rs,PRODUCED_IN,,2.1,1.25,2.0,2.0
cultivar:vitoria|allium_cepa,species:allium_cepa,OF_SPECIES,,,,,
cultivar:vitoria|allium_cepa,region:rs,PRODUCED_IN,,3.0,3.0,2.0,2.0
cultivar:amega|allium_cepa,species:allium_cepa,OF_SPECIES,,,,,
cultivar:amega|allium_cepa,region:rs,PRODUCED_IN,,56.29,22.91,20.0,10.0
cultivar:amega|allium_cepa,region:sc,PRODUCED_IN,,34.15,1437.7,42.0,17.0
species:beta_vulgaris,crop:c_867,IS_A,100.0,,,,
cultivar:all_green|beta_vulgaris,species:beta_vulgaris,OF_SPECIES,,,,,
cultivar:all_green|beta_vulgaris,region:sp,PRODUCED_IN,,0.05,0.03,1.0,1.0
cultivar:early_wonder|beta_vulgaris,species:beta_vulgaris,OF_SPECIES,,,,,
cultivar:early_wonder|beta_vulgaris,region:sp,PRODUCED_IN,,0.05,0.03,1.0,1.0
cultivar:early_wonder_tall_top|beta_vulgaris,species:beta_vulgaris,OF_SPECIES,,,,,
cultivar:early_wonder_tall_top|beta_vulgaris,region:rs,PRODUCED_IN,,0.05,0.01,1.0,1.0
cultivar:ferrari|beta_vulgaris,species:beta_vulgaris,OF_SPECIES,,,,,
cultivar:ferrari|beta_vulgaris,region:rs,PRODUCED_IN,,0.1,0.3,1.0,1.0
cultivar:forono_cilindrica|beta_vulgaris,species:beta_vulgaris,OF_SPECIES,,,,,
cultivar:forono_cilindrica|beta_vulgaris,region:sp,PRODUCED_IN,,0.05,0.03,1.0,1.0
cultivar:itapua_202|beta_vulgaris,species:beta_vulgaris,OF_SPECIES,,,,,
cultivar:itapua_202|beta_vulgaris,region:rs,PRODUCED_IN,,17.7,4.51,33.0,10.0
cultivar:jolie|beta_vulgaris,species:beta_vulgaris,OF_SPECIES,,,,,
cultivar:jolie|beta_vulgaris,region:sp,PRODUCED_IN,,0.08,0.04,2.0,1.0
cultivar:katrina|beta_vulgaris,species:beta_vulgaris,OF_SPECIES,,,,,
cultivar:katrina|beta_vulgaris,region:rs,PRODUCED_IN,,24.0,18.6,17.0,4.0
cultivar:lola|beta_vulgaris,species:beta_vulgaris,OF_SPECIES,,,,,
cultivar:lola|beta_vulgaris,region:rs,PRODUCED_IN,,0.1,0.3,1.0,1.0
cultivar:maravilha_tall_top_early_wonder|beta_vulgaris,species:beta_vulgaris,OF_SPECIES,,,,,
cultivar:maravilha_tall_top_early_wonder|beta_vulgaris,region:rs,PRODUCED_IN,,2.3,1.52,2.0,1.0
cultivar:modana|beta_vulgaris,species:beta_vulgaris,OF_SPECIES,,,,,
cultivar:modana|beta_vulgaris,region:rs,PRODUCED_IN,,0.1,0.3,1.0,1.0
cultivar:moscato|beta_vulgaris,species:beta_vulgaris,OF_SPECIES,,,,,
cultivar:moscato|beta_vulgaris,region:rs,PRODUCED_IN,,0.11,0.08,2.0,2.0
cultivar:rubra|beta_vulgaris,species:beta_vulgaris,OF_SPECIES,,,,,
cultivar:rubra|beta_vulgaris,region:rs,PRODUCED_IN,,2.0,1.01,2.0,2.0
cultivar:turim|beta_vulgaris,species:beta_vulgaris,OF_SPECIES,,,,,
cultivar:turim|beta_vulgaris,region:sp,PRODUCED_IN,,0.08,0.04,2.0,1.0
cultivar:afrodite|beta_vulgaris,species:beta_vulgaris,OF_SPECIES,,,,,
cultivar:afrodite|beta_vulgaris,region:rs,PRODUCED_IN,,2.04,0.61,2.0,2.0
cultivar:artemis|beta_vulgaris,species:beta_vulgaris,OF_SPECIES,,,,,
cultivar:artemis|beta_vulgaris,region:rs,PRODUCED_IN,,0.15,0.05,1.0,1.0
cultivar:branca_de_lyon|beta_vulgaris,species:beta_vulgaris,OF_SPECIES,,,,,
cultivar:branca_de_lyon|beta_vulgaris,region:rs,PRODUCED_IN,,4.8,1.99,10.0,6.0
cultivar:bressanne_verde_de_talo_branco|beta_vulgaris,species:beta_vulgaris,OF_SPECIES,,,,,
cultivar:bressanne_verde_de_talo_branco|beta_vulgaris,region:rs,PRODUCED_IN,,1.01,0.22,2.0,1.0
cultivar:is_313|beta_vulgaris,species:beta_vulgaris,OF_SPECIES,,,,,
cultivar:is_313|beta_vulgaris,region:rs,PRODUCED_IN,,1.15,0.38,2.0,2.0
cultivar:loura|beta_vulgaris,species:beta_vulgaris,OF_SPECIES,,,,,
cultivar:loura|beta_vulgaris,region:rs,PRODUCED_IN,,0.2,0.05,2.0,2.0
cultivar:marida|beta_vulgaris,species:beta_vulgaris,OF_SPECIES,,,,,
cultivar:marida|beta_vulgaris,region:rs,PRODUCED_IN,,2.04,0.61,4.0,3.0
cultivar:talo_branco_de_lion|beta_vulgaris,species:beta_vulgaris,OF_SPECIES,,,,,
cultivar:talo_branco_de_lion|beta_vulgaris,region:sp,PRODUCED_IN,,0.01,0.01,1.0,1.0
cultivar:verde_escura|beta_vulgaris,species:beta_vulgaris,OF_SPECIES,,,,,
cultivar:verde_escura|beta_vulgaris,region:rs,PRODUCED_IN,,0.3,0.03,2.0,2.0
species:brassica_oleracea,crop:c_4070,IS_A,100.0,,,,
cultivar:744|brassica_oleracea,species:brassica_oleracea,OF_SPECIES,,,,,
cultivar:744|brassica_oleracea,region:sp,PRODUCED_IN,,0.01,0.0,1.0,1.0
cultivar:af_4895|brassica_oleracea,species:brassica_oleracea,OF_SPECIES,,,,,
cultivar:af_4895|brassica_oleracea,region:sp,PRODUCED_IN,,0.03,0.0,1.0,1.0
cultivar:af5158|brassica_oleracea,species:brassica_oleracea,OF_SPECIES,,,,,
cultivar:af5158|brassica_oleracea,region:sp,PRODUCED_IN,,0.03,0.0,1.0,1.0
cultivar:af5737|brassica_oleracea,species:brassica_oleracea,OF_SPECIES,,,,,
cultivar:af5737|brassica_oleracea,region:sp,PRODUCED_IN,,0.03,0.0,1.0,1.0
cultivar:af5786|brassica_oleracea,species:brassica_oleracea,OF_SPECIES,,,,,
cultivar:af5786|brassica_oleracea,region:sp,PRODUCED_IN,,0.03,0.0,1.0,1.0
cultivar:af5808|brassica_oleracea,species:brassica_oleracea,OF_SPECIES,,,,,
cultivar:af5808|brassica_oleracea,region:sp,PRODUCED_IN,,0.07,0.0,4.0,2.0
cultivar:af5809|brassica_oleracea,species:brassica_oleracea,OF_SPECIES,,,,,
cultivar:af5809|brassica_oleracea,region:sp,PRODUCED_IN,,0.03,0.0,1.0,1.0
cultivar:af5963|brassica_oleracea,species:brassica_oleracea,OF_SPECIES,,,,,
cultivar:af5963|brassica_oleracea,region:sp,PRODUCED_IN,,0.05,0.01,2.0,2.0
cultivar:af8618|brassica_oleracea,species:brassica_oleracea,OF_SPECIES,,,,,
cultivar:af8618|brassica_oleracea,region:sp,PRODUCED_IN,,0.03,0.0,1.0,1.0
cultivar:af9914|brassica_oleracea,species:brassica_oleracea,OF_SPECIES,,,,,
cultivar:af9914|brassica_oleracea,region:sp,PRODUCED_IN,,0.03,0.01,1.0,1.0
cultivar:benfica|brassica_oleracea,species:brassica_oleracea,OF_SPECIES,,,,,
cultivar:benfica|brassica_oleracea,region:sp,PRODUCED_IN,,2.3,0.35,13.0,7.0
cultivar:bianca|brassica_oleracea,species:brassica_oleracea,OF_SPECIES,,,,,
cultivar:bianca|brassica_oleracea,region:sp,PRODUCED_IN,,0.0,0.0,1.0,1.0
cultivar:bola_de_neve|brassica_oleracea,species:brassica_oleracea,OF_SPECIES,,,,,
cultivar:bola_de_neve|brassica_oleracea,region:rs,PRODUCED_IN,,0.2,0.05,1.0,1.0
cultivar:bola_de_neve_precoce|brassica_oleracea,species:brassica_oleracea,OF_SPECIES,,,,,
cultivar:bola_de_neve_precoce|brassica_oleracea,region:rs,PRODUCED_IN,,1.49,0.81,6.0,4.0
cultivar:cindy|brassica_oleracea,species:brassica_oleracea,OF_SPECIES,,,,,
cultivar:cindy|brassica_oleracea,region:mg,PRODUCED_IN,,0.23,0.07,1.0,1.0
cultivar:cindy|brassica_oleracea,region:rs,PRODUCED_IN,,0.02,0.0,1.0,1.0
cultivar:cindy|brassica_oleracea,region:sp,PRODUCED_IN,,0.03,0.0,2.0,1.0
cultivar:clarisse|brassica_oleracea,species:brassica_oleracea,OF_SPECIES,,,,,
cultivar:clarisse|brassica_oleracea,region:sp,PRODUCED_IN,,0.19,0.03,7.0,4.0
cultivar:das_quatro_estaaaes|brassica_oleracea,species:brassica_oleracea,OF_SPECIES,,,,,
cultivar:das_quatro_estaaaes|brassica_oleracea,region:rs,PRODUCED_IN,,3.12,1.34,10.0,5.0
cultivar:dadalo|brassica_oleracea,species:brassica_oleracea,OF_SPECIES,,,,,
cultivar:dadalo|brassica_oleracea,region:rs,PRODUCED_IN,,1.5,0.28,2.0,2.0
cultivar:eudora|brassica_oleracea,species:brassica_oleracea,OF_SPECIES,,,,,
cultivar:eudora|brassica_oleracea,region:sp,PRODUCED_IN,,0.01,0.0,1.0,1.0
cultivar:filipinas|brassica_oleracea,species:brassica_oleracea,OF_SPECIES,,,,,
cultivar:filipinas|brassica_oleracea,region:rs,PRODUCED_IN,,1.32,0.4,7.0,5.0
cultivar:ht_116|brassica_oleracea,species:brassica_oleracea,OF_SPECIES,,,,,
cultivar:ht_116|brassica_oleracea,region:sp,PRODUCED_IN,,0.04,0.01,5.0,2.0
cultivar:ht_300|brassica_oleracea,species:brassica_oleracea,OF_SPECIES,,,,,
cultivar:ht_300|brassica_oleracea,region:sp,PRODUCED_IN,,0.04,0.0,2.0,1.0
cultivar:ivana|brassica_oleracea,species:brassica_oleracea,OF_SPECIES,,,,,
cultivar:ivana|brassica_oleracea,region:sp,PRODUCED_IN,,0.09,0.03,3.0,2.0
cultivar:julia|brassica_oleracea,species:brassica_oleracea,OF_SPECIES,,,,,
cultivar:julia|brassica_oleracea,region:sp,PRODUCED_IN,,0.01,0.0,1.0,1.0
cultivar:juliana|brassica_oleracea,species:brassica_oleracea,OF_SPECIES,,,,,
cultivar:juliana|brassica_oleracea,region:sp,PRODUCED_IN,,0.76,0.08,5.0,5.0
cultivar:karen|brassica_oleracea,species:brassica_oleracea,OF_SPECIES,,,,,
cultivar:karen|brassica_oleracea,region:sp,PRODUCED_IN,,0.04,0.0,2.0,1.0
cultivar:lisboa|brassica_oleracea,species:brassica_oleracea,OF_SPECIES,,,,,
cultivar:lisboa|brassica_oleracea,region:sp,PRODUCED_IN,,0.06,0.01,2.0,1.0
cultivar:macarena|brassica_oleracea,species:brassica_oleracea,OF_SPECIES,,,,,
cultivar:macarena|brassica_oleracea,region:mg,PRODUCED_IN,,0.1,0.01,2.0,1.0
cultivar:macarena|brassica_oleracea,region:sp,PRODUCED_IN,,0.0,0.0,1.0,1.0
cultivar:maravilla|brassica_oleracea,species:brassica_oleracea,OF_SPECIES,,,,,
cultivar:maravilla|brassica_oleracea,region:sp,PRODUCED_IN,,0.1,0.04,1.0,1.0
cultivar:mogiana_super|brassica_oleracea,species:brassica_oleracea,OF_SPECIES,,,,,
cultivar:mogiana_super|brassica_oleracea,region:sp,PRODUCED_IN,,0.04,0.0,2.0,1.0
cultivar:navea|brassica_oleracea,species:brassica_oleracea,OF_SPECIES,,,,,
cultivar:navea|brassica_oleracea,region:mg,PRODUCED_IN,,0.2,0.04,1.0,1.0
cultivar:ohana|brassica_oleracea,species:brassica_oleracea,OF_SPECIES,,,,,
cultivar:ohana|brassica_oleracea,region:sp,PRODUCED_IN,,0.05,0.01,4.0,2.0
cultivar:paloma|brassica_oleracea,species:brassica_oleracea,OF_SPECIES,,,,,
cultivar:paloma|brassica_oleracea,region:rs,PRODUCED_IN,,0.1,0.02,1.0,1.0
cultivar:paloma|brassica_oleracea,region:sp,PRODUCED_IN,,0.3,0.02,6.0,5.0
cultivar:pamela|brassica_oleracea,species:brassica_oleracea,OF_SPECIES,,,,,
cultivar:pamela|brassica_oleracea,region:sp,PRODUCED_IN,,0.39,0.05,6.0,4.0
cultivar:pandora|brassica_oleracea,species:brassica_oleracea,OF_SPECIES,,,,,
cultivar:pandora|brassica_oleracea,region:sp,PRODUCED_IN,,0.03,0.0,1.0,1.0
cultivar:piracicaba_precoce|brassica_oleracea,species:brassica_oleracea,OF_SPECIES,,,,,
cultivar:piracicaba_precoce|brassica_oleracea,region:mg,PRODUCED_IN,,2.0,1.15,2.0,1.0
cultivar:piracicaba_precoce|brassica_oleracea,region:rs,PRODUCED_IN,,9.23,3.7,14.0,6.0
cultivar:piracicaba_precoce|brassica_oleracea,region:sp,PRODUCED_IN,,0.02,0.01,1.0,1.0
cultivar:piracicaba_precoce_sf_59|brassica_oleracea,species:brassica_oleracea,OF_SPECIES,,,,,
cultivar:piracicaba_precoce_sf_59|brassica_oleracea,region:rs,PRODUCED_IN,,3.51,0.92,6.0,5.0
cultivar:piracicaba_de_verao|brassica_oleracea,species:brassica_oleracea,OF_SPECIES,,,,,
cultivar:piracicaba_de_verao|brassica_oleracea,region:rs,PRODUCED_IN,,0.2,0.08,1.0,1.0
cultivar:precoce_piracicaba|brassica_oleracea,species:brassica_oleracea,OF_SPECIES,,,,,
cultivar:precoce_piracicaba|brassica_oleracea,region:rs,PRODUCED_IN,,1.0,0.4,1.0,1.0
cultivar:roxa|brassica_oleracea,species:brassica_oleracea,OF_SPECIES,,,,,
cultivar:roxa|brassica_oleracea,region:rs,PRODUCED_IN,,1.6,0.41,3.0,3.0
cultivar:sabine|brassica_oleracea,species:brassica_oleracea,OF_SPECIES,,,,,
cultivar:sabine|brassica_oleracea,region:sp,PRODUCED_IN,,0.02,0.0,3.0,2.0
cultivar:silmara|brassica_oleracea,species:brassica_oleracea,OF_SPECIES,,,,,
cultivar:silmara|brassica_oleracea,region:sp,PRODUCED_IN,,0.04,0.0,2.0,1.0
cultivar:summer_set|brassica_oleracea,species:brassica_oleracea,OF_SPECIES,,,,,
cultivar:summer_set|brassica_oleracea,region:sp,PRODUCED_IN,,0.0,0.0,1.0,1.0
cultivar:sandra|brassica_oleracea,species:brassica_oleracea,OF_SPECIES,,,,,
cultivar:sandra|brassica_oleracea,region:sp,PRODUCED_IN,,0.26,0.04,4.0,3.0
cultivar:sarah|brassica_oleracea,species:brassica_oleracea,OF_SPECIES,,,,,
cultivar:sarah|brassica_oleracea,region:rs,PRODUCED_IN,,0.02,0.0,1.0,1.0
cultivar:sarah|brassica_oleracea,region:sp,PRODUCED_IN,,0.11,0.02,4.0,3.0
cultivar:sao_joaquim|brassica_oleracea,species:brassica_oleracea,OF_SPECIES,,,,,
cultivar:sao_joaquim|brassica_oleracea,region:sp,PRODUCED_IN,,0.01,0.0,1.0,1.0
cultivar:tereza|brassica_oleracea,species:brassica_oleracea,OF_SPECIES,,,,,
cultivar:tereza|brassica_oleracea,region:sp,PRODUCED_IN,,0.04,0.0,2.0,1.0
cultivar:teresopolis_gigante_precoce|brassica_oleracea,species:brassica_oleracea,OF_SPECIES,,,,,
cultivar:teresopolis_gigante_precoce|brassica_oleracea,region:sp,PRODUCED_IN,,0.02,0.0,1.0,1.0
cultivar:teresa3polis_gigante|brassica_oleracea,species:brassica_oleracea,OF_SPECIES,,,,,
cultivar:teresa3polis_gigante|brassica_oleracea,region:rs,PRODUCED_IN,,1.71,0.91,5.0,3.0
cultivar:teresa3polis_gigante|brassica_oleracea,region:sp,PRODUCED_IN,,0.01,0.0,1.0,1.0
cultivar:tereza3polis_gigante|brassica_oleracea,species:brassica_oleracea,OF_SPECIES,,,,,
cultivar:tereza3polis_gigante|brassica_oleracea,region:rs,PRODUCED_IN,,1.1,0.15,2.0,2.0
cultivar:tereza3polis_gigante|brassica_oleracea,region:sp,PRODUCED_IN,,0.02,0.0,1.0,1.0
cultivar:udine|brassica_oleracea,species:brassica_oleracea,OF_SPECIES,,,,,
cultivar:udine|brassica_oleracea,region:sp,PRODUCED_IN,,0.02,0.01,2.0,1.0
cultivar:vcf_573|brassica_oleracea,species:brassica_oleracea,OF_SPECIES,,,,,
cultivar:vcf_573|brassica_oleracea,region:sp,PRODUCED_IN,,0.27,0.03,1.0,1.0
cultivar:vcf538|brassica_oleracea,species:brassica_oleracea,OF_SPECIES,,,,,
cultivar:vcf538|brassica_oleracea,region:mg,PRODUCED_IN,,0.2,0.04,1.0,1.0
cultivar:vera|brassica_oleracea,species:brassica_oleracea,OF_SPECIES,,,,,
cultivar:vera|brassica_oleracea,region:sp,PRODUCED_IN,,2.39,0.38,9.0,6.0
cultivar:verediana|brassica_oleracea,species:brassica_oleracea,OF_SPECIES,,,,,
cultivar:verediana|brassica_oleracea,region:sp,PRODUCED_IN,,1.64,0.33,14.0,8.0
cultivar:vick|brassica_oleracea,species:brassica_oleracea,OF_SPECIES,,,,,
cultivar:vick|brassica_oleracea,region:sp,PRODUCED_IN,,0.72,0.21,11.0,5.0
cultivar:yona|brassica_oleracea,species:brassica_oleracea,OF_SPECIES,,,,,
cultivar:yona|brassica_oleracea,region:sp,PRODUCED_IN,,0.19,0.02,7.0,3.0
cultivar:acaro|brassica_oleracea,species:brassica_oleracea,OF_SPECIES,,,,,
cultivar:acaro|brassica_oleracea,region:rs,PRODUCED_IN,,1.01,0.18,3.0,2.0
cultivar:60_dias|brassica_oleracea,species:brassica_oleracea,OF_SPECIES,,,,,
cultivar:60_dias|brassica_oleracea,region:rs,PRODUCED_IN,,3.81,2.07,5.0,3.0
cultivar:avatar|brassica_oleracea,species:brassica_oleracea,OF_SPECIES,,,,,
cultivar:avatar|brassica_oleracea,region:sp,PRODUCED_IN,,0.01,0.03,2.0,1.0
cultivar:brunswick|brassica_oleracea,species:brassica_oleracea,OF_SPECIES,,,,,
cultivar:brunswick|brassica_oleracea,region:sp,PRODUCED_IN,,0.01,0.03,2.0,1.0
cultivar:chato_de_quintal|brassica_oleracea,species:brassica_oleracea,OF_SPECIES,,,,,
cultivar:chato_de_quintal|brassica_oleracea,region:rs,PRODUCED_IN,,2.0,1.0,1.0,1.0
cultivar:chato_de_quintal|brassica_oleracea,region:sp,PRODUCED_IN,,0.01,0.03,1.0,1.0
cultivar:chato_do_quintal|brassica_oleracea,species:brassica_oleracea,OF_SPECIES,,,,,
cultivar:chato_do_quintal|brassica_oleracea,region:rs,PRODUCED_IN,,4.38,2.41,6.0,3.0
cultivar:coraaao_de_boi|brassica_oleracea,species:brassica_oleracea,OF_SPECIES,,,,,
cultivar:coraaao_de_boi|brassica_oleracea,region:rs,PRODUCED_IN,,1.5,0.4,2.0,2.0
cultivar:coraaao_de_boi_gigante|brassica_oleracea,species:brassica_oleracea,OF_SPECIES,,,,,
cultivar:coraaao_de_boi_gigante|brassica_oleracea,region:rs,PRODUCED_IN,,2.47,1.21,6.0,3.0
cultivar:das_4_estaaaes|brassica_oleracea,species:brassica_oleracea,OF_SPECIES,,,,,
cultivar:das_4_estaaaes|brassica_oleracea,region:rs,PRODUCED_IN,,1.1,0.31,3.0,2.0
cultivar:itiban|brassica_oleracea,species:brassica_oleracea,OF_SPECIES,,,,,
cultivar:itiban|brassica_oleracea,region:sp,PRODUCED_IN,,0.01,0.03,2.0,1.0
cultivar:louco_de_verao|brassica_oleracea,species:brassica_oleracea,OF_SPECIES,,,,,
cultivar:louco_de_verao|brassica_oleracea,region:rs,PRODUCED_IN,,15.58,4.25,49.0,12.0
cultivar:red_river|brassica_oleracea,species:brassica_oleracea,OF_SPECIES,,,,,
cultivar:red_river|brassica_oleracea,region:sp,PRODUCED_IN,,0.01,0.03,2.0,1.0
cultivar:roxo_mammouth_red_rock|brassica_oleracea,species:brassica_oleracea,OF_SPECIES,,,,,
cultivar:roxo_mammouth_red_rock|brassica_oleracea,region:rs,PRODUCED_IN,,4.88,2.31,4.0,2.0
cultivar:solar|brassica_oleracea,species:brassica_oleracea,OF_SPECIES,,,,,
cultivar:solar|brassica_oleracea,region:rs,PRODUCED_IN,,5.16,1.94,11.0,7.0
cultivar:taishita|brassica_oleracea,species:brassica_oleracea,OF_SPECIES,,,,,
cultivar:taishita|brassica_oleracea,region:rs,PRODUCED_IN,,0.01,0.0,1.0,1.0
cultivar:uniao|brassica_oleracea,species:brassica_oleracea,OF_SPECIES,,,,,
cultivar:uniao|brassica_oleracea,region:df,PRODUCED_IN,,0.04,0.0,1.0,1.0
cultivar:couve_de_bruxelas|brassica_oleracea,species:brassica_oleracea,OF_SPECIES,,,,,
cultivar:couve_de_bruxelas|brassica_oleracea,region:rs,PRODUCED_IN,,1.0,0.03,1.0,1.0
cultivar:de_bruxelas|brassica_oleracea,species:brassica_oleracea,OF_SPECIES,,,,,
cultivar:de_bruxelas|brassica_oleracea,region:rs,PRODUCED_IN,,1.55,0.28,9.0,7.0
cultivar:branca|brassica_oleracea,species:brassica_oleracea,OF_SPECIES,,,,,
cultivar:branca|brassica_oleracea,region:rs,PRODUCED_IN,,0.05,0.01,1.0,1.0
cultivar:17cbc10076|brassica_oleracea,species:brassica_oleracea,OF_SPECIES,,,,,
cultivar:17cbc10076|brassica_oleracea,region:sp,PRODUCED_IN,,0.01,0.0,1.0,1.0
cultivar:17cbc10093|brassica_oleracea,species:brassica_oleracea,OF_SPECIES,,,,,
cultivar:17cbc10093|brassica_oleracea,region:sp,PRODUCED_IN,,0.01,0.0,1.0,1.0
cultivar:akemi|brassica_oleracea,species:brassica_oleracea,OF_SPECIES,,,,,
cultivar:akemi|brassica_oleracea,region:sp,PRODUCED_IN,,0.2,0.05,1.0,1.0
cultivar:calabraas_de_cabeaa|brassica_oleracea,species:brassica_oleracea,OF_SPECIES,,,,,
cultivar:calabraas_de_cabeaa|brassica_oleracea,region:rs,PRODUCED_IN,,8.35,3.31,14.0,9.0
cultivar:hanabi|brassica_oleracea,species:brassica_oleracea,OF_SPECIES,,,,,
cultivar:hanabi|brassica_oleracea,region:sp,PRODUCED_IN,,0.9,0.25,4.0,4.0
cultivar:hanapon|brassica_oleracea,species:brassica_oleracea,OF_SPECIES,,,,,
cultivar:hanapon|brassica_oleracea,region:sp,PRODUCED_IN,,0.09,0.0,4.0,3.0
cultivar:master|brassica_oleracea,species:brassica_oleracea,OF_SPECIES,,,,,
cultivar:master|brassica_oleracea,region:rs,PRODUCED_IN,,0.2,0.1,2.0,1.0
cultivar:piracicaba|brassica_oleracea,species:brassica_oleracea,OF_SPECIES,,,,,
cultivar:piracicaba|brassica_oleracea,region:mg,PRODUCED_IN,,6.0,2.8,6.0,4.0
cultivar:piracicaba|brassica_oleracea,region:sp,PRODUCED_IN,,0.23,0.06,3.0,2.0
cultivar:piracicaba_precoce_verao|brassica_oleracea,species:brassica_oleracea,OF_SPECIES,,,,,
cultivar:piracicaba_precoce_verao|brassica_oleracea,region:sp,PRODUCED_IN,,1.23,1.0,2.0,2.0
cultivar:ramoso_brasalia|brassica_oleracea,species:brassica_oleracea,OF_SPECIES,,,,,
cultivar:ramoso_brasalia|brassica_oleracea,region:mg,PRODUCED_IN,,0.33,0.1,2.0,2.0
cultivar:ramoso_brasalia|brassica_oleracea,region:sp,PRODUCED_IN,,0.74,0.11,10.0,8.0
cultivar:ramoso_piracicaba_precoce|brassica_oleracea,species:brassica_oleracea,OF_SPECIES,,,,,
cultivar:ramoso_piracicaba_precoce|brassica_oleracea,region:rs,PRODUCED_IN,,3.87,1.5,9.0,6.0
cultivar:ramoso_santana|brassica_oleracea,species:brassica_oleracea,OF_SPECIES,,,,,
cultivar:ramoso_santana|brassica_oleracea,region:mg,PRODUCED_IN,,5.3,2.91,7.0,6.0
cultivar:ramoso_santana|brassica_oleracea,region:rs,PRODUCED_IN,,24.75,8.15,85.0,17.0
cultivar:ramoso_santana|brassica_oleracea,region:sp,PRODUCED_IN,,0.02,0.01,1.0,1.0
cultivar:ramoso_de_brasalia|brassica_oleracea,species:brassica_oleracea,OF_SPECIES,,,,,
cultivar:ramoso_de_brasalia|brassica_oleracea,region:rs,PRODUCED_IN,,0.55,0.18,2.0,2.0
cultivar:romanesco_ottobrino|brassica_oleracea,species:brassica_oleracea,OF_SPECIES,,,,,
cultivar:romanesco_ottobrino|brassica_oleracea,region:rs,PRODUCED_IN,,0.5,0.15,2.0,2.0
cultivar:seattle|brassica_oleracea,species:brassica_oleracea,OF_SPECIES,,,,,
cultivar:seattle|brassica_oleracea,region:sp,PRODUCED_IN,,0.68,0.06,5.0,2.0
cultivar:verao_ramoso_piracicaba|brassica_oleracea,species:brassica_oleracea,OF_SPECIES,,,,,
cultivar:verao_ramoso_piracicaba|brassica_oleracea,region:rs,PRODUCED_IN,,1.03,0.6,2.0,1.0
cultivar:cvm_01|brassica_oleracea,species:brassica_oleracea,OF_SPECIES,,,,,
cultivar:cvm_01|brassica_oleracea,region:rs,PRODUCED_IN,,1.22,1.62,4.0,4.0
cultivar:califa3rnia|brassica_oleracea,species:brassica_oleracea,OF_SPECIES,,,,,
cultivar:califa3rnia|brassica_oleracea,region:rs,PRODUCED_IN,,1.75,0.53,4.0,3.0
cultivar:floribela|brassica_oleracea,species:brassica_oleracea,OF_SPECIES,,,,,
cultivar:floribela|brassica_oleracea,region:rs,PRODUCED_IN,,0.25,0.08,2.0,2.0
cultivar:hs_1001|brassica_oleracea,species:brassica_oleracea,OF_SPECIES,,,,,
cultivar:hs_1001|brassica_oleracea,region:rs,PRODUCED_IN,,0.04,0.0,2.0,2.0
cultivar:hs_1002|brassica_oleracea,species:brassica_oleracea,OF_SPECIES,,,,,
cultivar:hs_1002|brassica_oleracea,region:rs,PRODUCED_IN,,0.04,0.0,2.0,2.0
cultivar:is_133|brassica_oleracea,species:brassica_oleracea,OF_SPECIES,,,,,
cultivar:is_133|brassica_oleracea,region:rs,PRODUCED_IN,,0.15,0.05,1.0,1.0
cultivar:illina3is|brassica_oleracea,species:brassica_oleracea,OF_SPECIES,,,,,
cultivar:illina3is|brassica_oleracea,region:rs,PRODUCED_IN,,0.3,0.03,1.0,1.0
cultivar:kinka|brassica_oleracea,species:brassica_oleracea,OF_SPECIES,,,,,
cultivar:kinka|brassica_oleracea,region:sp,PRODUCED_IN,,0.1,0.05,1.0,1.0
cultivar:manteiga|brassica_oleracea,species:brassica_oleracea,OF_SPECIES,,,,,
cultivar:manteiga|brassica_oleracea,region:rs,PRODUCED_IN,,61.12,49.37,48.0,15.0
cultivar:manteiga_hs_20|brassica_oleracea,species:brassica_oleracea,OF_SPECIES,,,,,
cultivar:manteiga_hs_20|brassica_oleracea,region:rs,PRODUCED_IN,,3.7,0.82,5.0,4.0
cultivar:manteiga_legatima_pa_alto|brassica_oleracea,species:brassica_oleracea,OF_SPECIES,,,,,
cultivar:manteiga_legatima_pa_alto|brassica_oleracea,region:rs,PRODUCED_IN,,13.05,6.17,14.0,6.0
cultivar:manteiga_da_georgia|brassica_oleracea,species:brassica_oleracea,OF_SPECIES,,,,,
cultivar:manteiga_da_georgia|brassica_oleracea,region:mg,PRODUCED_IN,,0.05,0.01,1.0,1.0
cultivar:manteiga_da_georgia|brassica_oleracea,region:rs,PRODUCED_IN,,45.84,1471.09,110.0,16.0
cultivar:tronchuda_portuguesa|brassica_oleracea,species:brassica_oleracea,OF_SPECIES,,,,,
cultivar:tronchuda_portuguesa|brassica_oleracea,region:mg,PRODUCED_IN,,0.24,0.1,2.0,1.0
cultivar:tronchuda_portuguesa|brassica_oleracea,region:rs,PRODUCED_IN,,6.05,2.42,8.0,5.0
species:capsicum_annuum,crop:c_14727,IS_A,90.0,,,,
cultivar:16pim00001|capsicum_annuum,species:capsicum_annuum,OF_SPECIES,,,,,
cultivar:16pim00001|capsicum_annuum,region:sp,PRODUCED_IN,,0.01,0.0,1.0,1.0
cultivar:16pim00004|capsicum_annuum,species:capsicum_annuum,OF_SPECIES,,,,,
cultivar:16pim00004|capsicum_annuum,region:sp,PRODUCED_IN,,0.03,0.0,1.0,1.0
cultivar:16pim00021|capsicum_annuum,species:capsicum_annuum,OF_SPECIES,,,,,
cultivar:16pim00021|capsicum_annuum,region:sp,PRODUCED_IN,,0.01,0.0,1.0,1.0
cultivar:16pim00263|capsicum_annuum,species:capsicum_annuum,OF_SPECIES,,,,,
cultivar:16pim00263|capsicum_annuum,region:sp,PRODUCED_IN,,0.01,0.0,1.0,1.0
cultivar:16pim00269|capsicum_annuum,species:capsicum_annuum,OF_SPECIES,,,,,
cultivar:16pim00269|capsicum_annuum,region:sp,PRODUCED_IN,,0.02,0.0,1.0,1.0
cultivar:16pim00270|capsicum_annuum,species:capsicum_annuum,OF_SPECIES,,,,,
cultivar:16pim00270|capsicum_annuum,region:sp,PRODUCED_IN,,0.01,0.0,1.0,1.0
cultivar:16pim00316|capsicum_annuum,species:capsicum_annuum,OF_SPECIES,,,,,
cultivar:16pim00316|capsicum_annuum,region:sp,PRODUCED_IN,,0.15,0.0,1.0,1.0
cultivar:16pim00480|capsicum_annuum,species:capsicum_annuum,OF_SPECIES,,,,,
cultivar:16pim00480|capsicum_annuum,region:sp,PRODUCED_IN,,0.01,0.0,1.0,1.0
cultivar:16pim00484|capsicum_annuum,species:capsicum_annuum,OF_SPECIES,,,,,
cultivar:16pim00484|capsicum_annuum,region:sp,PRODUCED_IN,,0.01,0.0,1.0,1.0
cultivar:16pim00526|capsicum_annuum,species:capsicum_annuum,OF_SPECIES,,,,,
cultivar:16pim00526|capsicum_annuum,region:sp,PRODUCED_IN,,0.01,0.0,1.0,1.0
cultivar:16pim00527|capsicum_annuum,species:capsicum_annuum,OF_SPECIES,,,,,
cultivar:16pim00527|capsicum_annuum,region:sp,PRODUCED_IN,,0.01,0.0,1.0,1.0
cultivar:16pim00545|capsicum_annuum,species:capsicum_annuum,OF_SPECIES,,,,,
cultivar:16pim00545|capsicum_annuum,region:sp,PRODUCED_IN,,0.15,0.0,1.0,1.0
cultivar:17pim00559|capsicum_annuum,species:capsicum_annuum,OF_SPECIES,,,,,
cultivar:17pim00559|capsicum_annuum,region:sp,PRODUCED_IN,,0.01,0.0,1.0,1.0
cultivar:23pmn10472|capsicum_annuum,species:capsicum_annuum,OF_SPECIES,,,,,
cultivar:23pmn10472|capsicum_annuum,region:sp,PRODUCED_IN,,0.01,0.0,1.0,1.0
cultivar:24pmn10576|capsicum_annuum,species:capsicum_annuum,OF_SPECIES,,,,,
cultivar:24pmn10576|capsicum_annuum,region:sp,PRODUCED_IN,,0.01,0.0,1.0,1.0
cultivar:af_12432|capsicum_annuum,species:capsicum_annuum,OF_SPECIES,,,,,
cultivar:af_12432|capsicum_annuum,region:sp,PRODUCED_IN,,0.03,0.01,1.0,1.0
cultivar:af_17064|capsicum_annuum,species:capsicum_annuum,OF_SPECIES,,,,,
cultivar:af_17064|capsicum_annuum,region:sp,PRODUCED_IN,,0.03,0.0,2.0,1.0
cultivar:af_6529|capsicum_annuum,species:capsicum_annuum,OF_SPECIES,,,,,
cultivar:af_6529|capsicum_annuum,region:sp,PRODUCED_IN,,1.07,0.36,4.0,2.0
cultivar:af_8253|capsicum_annuum,species:capsicum_annuum,OF_SPECIES,,,,,
cultivar:af_8253|capsicum_annuum,region:mg,PRODUCED_IN,,0.18,0.04,2.0,2.0
cultivar:af_8253|capsicum_annuum,region:sp,PRODUCED_IN,,2.39,0.6,35.0,21.0
cultivar:af1001|capsicum_annuum,species:capsicum_annuum,OF_SPECIES,,,,,
cultivar:af1001|capsicum_annuum,region:sp,PRODUCED_IN,,2.02,0.18,13.0,4.0
cultivar:af1002|capsicum_annuum,species:capsicum_annuum,OF_SPECIES,,,,,
cultivar:af1002|capsicum_annuum,region:sp,PRODUCED_IN,,0.68,0.04,4.0,2.0
cultivar:af1003|capsicum_annuum,species:capsicum_annuum,OF_SPECIES,,,,,
cultivar:af1003|capsicum_annuum,region:sp,PRODUCED_IN,,0.04,0.01,1.0,1.0
cultivar:af1004|capsicum_annuum,species:capsicum_annuum,OF_SPECIES,,,,,
cultivar:af1004|capsicum_annuum,region:sp,PRODUCED_IN,,0.36,0.03,2.0,1.0
cultivar:af1005|capsicum_annuum,species:capsicum_annuum,OF_SPECIES,,,,,
cultivar:af1005|capsicum_annuum,region:sp,PRODUCED_IN,,0.24,0.03,3.0,2.0
cultivar:af1006|capsicum_annuum,species:capsicum_annuum,OF_SPECIES,,,,,
cultivar:af1006|capsicum_annuum,region:sp,PRODUCED_IN,,0.04,0.0,1.0,1.0
cultivar:af1017|capsicum_annuum,species:capsicum_annuum,OF_SPECIES,,,,,
cultivar:af1017|capsicum_annuum,region:sp,PRODUCED_IN,,0.08,0.0,1.0,1.0
cultivar:af1018|capsicum_annuum,species:capsicum_annuum,OF_SPECIES,,,,,
cultivar:af1018|capsicum_annuum,region:sp,PRODUCED_IN,,0.08,0.0,1.0,1.0
cultivar:af1019|capsicum_annuum,species:capsicum_annuum,OF_SPECIES,,,,,
cultivar:af1019|capsicum_annuum,region:sp,PRODUCED_IN,,0.43,0.1,3.0,1.0
cultivar:af1020|capsicum_annuum,species:capsicum_annuum,OF_SPECIES,,,,,
cultivar:af1020|capsicum_annuum,region:sp,PRODUCED_IN,,0.38,0.02,2.0,1.0
cultivar:af1023|capsicum_annuum,species:capsicum_annuum,OF_SPECIES,,,,,
cultivar:af1023|capsicum_annuum,region:sp,PRODUCED_IN,,0.09,0.0,1.0,1.0
cultivar:af1024|capsicum_annuum,species:capsicum_annuum,OF_SPECIES,,,,,
cultivar:af1024|capsicum_annuum,region:sp,PRODUCED_IN,,0.26,0.03,2.0,1.0
cultivar:af17581|capsicum_annuum,species:capsicum_annuum,OF_SPECIES,,,,,
cultivar:af17581|capsicum_annuum,region:sp,PRODUCED_IN,,0.02,0.0,1.0,1.0
cultivar:af17586|capsicum_annuum,species:capsicum_annuum,OF_SPECIES,,,,,
cultivar:af17586|capsicum_annuum,region:mg,PRODUCED_IN,,0.11,0.01,1.0,1.0
cultivar:af17586|capsicum_annuum,region:sp,PRODUCED_IN,,0.19,0.02,2.0,2.0
cultivar:af17607|capsicum_annuum,species:capsicum_annuum,OF_SPECIES,,,,,
cultivar:af17607|capsicum_annuum,region:sp,PRODUCED_IN,,0.01,0.0,1.0,1.0
cultivar:af17611|capsicum_annuum,species:capsicum_annuum,OF_SPECIES,,,,,
cultivar:af17611|capsicum_annuum,region:sp,PRODUCED_IN,,0.01,0.0,1.0,1.0
cultivar:af17616|capsicum_annuum,species:capsicum_annuum,OF_SPECIES,,,,,
cultivar:af17616|capsicum_annuum,region:sp,PRODUCED_IN,,0.04,0.01,2.0,2.0
cultivar:af17664|capsicum_annuum,species:capsicum_annuum,OF_SPECIES,,,,,
cultivar:af17664|capsicum_annuum,region:sp,PRODUCED_IN,,0.38,0.07,3.0,3.0
cultivar:af17667|capsicum_annuum,species:capsicum_annuum,OF_SPECIES,,,,,
cultivar:af17667|capsicum_annuum,region:sp,PRODUCED_IN,,0.08,0.02,2.0,2.0
cultivar:af21021|capsicum_annuum,species:capsicum_annuum,OF_SPECIES,,,,,
cultivar:af21021|capsicum_annuum,region:sp,PRODUCED_IN,,0.1,0.01,1.0,1.0
cultivar:af21358|capsicum_annuum,species:capsicum_annuum,OF_SPECIES,,,,,
cultivar:af21358|capsicum_annuum,region:sp,PRODUCED_IN,,0.04,0.01,2.0,2.0
cultivar:af21360|capsicum_annuum,species:capsicum_annuum,OF_SPECIES,,,,,
cultivar:af21360|capsicum_annuum,region:mg,PRODUCED_IN,,0.34,0.05,2.0,2.0
cultivar:af21360|capsicum_annuum,region:sp,PRODUCED_IN,,3.48,0.59,28.0,18.0
cultivar:af21377|capsicum_annuum,species:capsicum_annuum,OF_SPECIES,,,,,
cultivar:af21377|capsicum_annuum,region:mg,PRODUCED_IN,,0.04,0.0,1.0,1.0
cultivar:af21377|capsicum_annuum,region:sp,PRODUCED_IN,,0.04,0.01,2.0,2.0
cultivar:af21385|capsicum_annuum,species:capsicum_annuum,OF_SPECIES,,,,,
cultivar:af21385|capsicum_annuum,region:sp,PRODUCED_IN,,0.03,0.0,1.0,1.0
cultivar:af21458|capsicum_annuum,species:capsicum_annuum,OF_SPECIES,,,,,
cultivar:af21458|capsicum_annuum,region:sp,PRODUCED_IN,,0.02,0.0,1.0,1.0
cultivar:af21943|capsicum_annuum,species:capsicum_annuum,OF_SPECIES,,,,,
cultivar:af21943|capsicum_annuum,region:sp,PRODUCED_IN,,0.05,0.01,2.0,2.0
cultivar:af21967|capsicum_annuum,species:capsicum_annuum,OF_SPECIES,,,,,
cultivar:af21967|capsicum_annuum,region:sp,PRODUCED_IN,,0.06,0.01,2.0,2.0
cultivar:af22422|capsicum_annuum,species:capsicum_annuum,OF_SPECIES,,,,,
cultivar:af22422|capsicum_annuum,region:sp,PRODUCED_IN,,0.05,0.01,2.0,2.0
cultivar:af22459|capsicum_annuum,species:capsicum_annuum,OF_SPECIES,,,,,
cultivar:af22459|capsicum_annuum,region:sp,PRODUCED_IN,,0.03,0.01,1.0,1.0
cultivar:af22580|capsicum_annuum,species:capsicum_annuum,OF_SPECIES,,,,,
cultivar:af22580|capsicum_annuum,region:sp,PRODUCED_IN,,0.84,0.09,16.0,13.0
cultivar:af22679|capsicum_annuum,species:capsicum_annuum,OF_SPECIES,,,,,
cultivar:af22679|capsicum_annuum,region:sp,PRODUCED_IN,,0.03,0.0,1.0,1.0
cultivar:af22700|capsicum_annuum,species:capsicum_annuum,OF_SPECIES,,,,,
cultivar:af22700|capsicum_annuum,region:sp,PRODUCED_IN,,0.02,0.0,1.0,1.0
cultivar:af22737|capsicum_annuum,species:capsicum_annuum,OF_SPECIES,,,,,
cultivar:af22737|capsicum_annuum,region:sp,PRODUCED_IN,,0.03,0.0,1.0,1.0
cultivar:af22739|capsicum_annuum,species:capsicum_annuum,OF_SPECIES,,,,,
cultivar:af22739|capsicum_annuum,region:sp,PRODUCED_IN,,0.02,0.0,1.0,1.0
cultivar:af22875|capsicum_annuum,species:capsicum_annuum,OF_SPECIES,,,,,
cultivar:af22875|capsicum_annuum,region:mg,PRODUCED_IN,,0.03,0.0,1.0,1.0
cultivar:af22875|capsicum_annuum,region:sp,PRODUCED_IN,,0.12,0.0,1.0,1.0
cultivar:af23430|capsicum_annuum,species:capsicum_annuum,OF_SPECIES,,,,,
cultivar:af23430|capsicum_annuum,region:sp,PRODUCED_IN,,0.02,0.0,1.0,1.0
cultivar:af23441|capsicum_annuum,species:capsicum_annuum,OF_SPECIES,,,,,
cultivar:af23441|capsicum_annuum,region:sp,PRODUCED_IN,,0.12,0.02,6.0,6.0
cultivar:af23571|capsicum_annuum,species:capsicum_annuum,OF_SPECIES,,,,,
cultivar:af23571|capsicum_annuum,region:sp,PRODUCED_IN,,0.02,0.0,1.0,1.0
cultivar:af23647|capsicum_annuum,species:capsicum_annuum,OF_SPECIES,,,,,
cultivar:af23647|capsicum_annuum,region:sp,PRODUCED_IN,,0.04,0.0,3.0,3.0
cultivar:af23684|capsicum_annuum,species:capsicum_annuum,OF_SPECIES,,,,,
cultivar:af23684|capsicum_annuum,region:mg,PRODUCED_IN,,0.64,0.11,2.0,2.0
cultivar:af23684|capsicum_annuum,region:sp,PRODUCED_IN,,3.62,0.68,34.0,11.0
cultivar:af26021|capsicum_annuum,species:capsicum_annuum,OF_SPECIES,,,,,
cultivar:af26021|capsicum_annuum,region:sp,PRODUCED_IN,,0.07,0.01,2.0,2.0
cultivar:af26936|capsicum_annuum,species:capsicum_annuum,OF_SPECIES,,,,,
cultivar:af26936|capsicum_annuum,region:ma,PRODUCED_IN,,0.02,0.0,1.0,1.0
cultivar:af26936|capsicum_annuum,region:mg,PRODUCED_IN,,0.12,0.01,1.0,1.0
cultivar:af26936|capsicum_annuum,region:pi,PRODUCED_IN,,0.3,0.05,5.0,3.0
cultivar:af26936|capsicum_annuum,region:sp,PRODUCED_IN,,25.77,3.89,133.0,12.0
cultivar:af27620|capsicum_annuum,species:capsicum_annuum,OF_SPECIES,,,,,
cultivar:af27620|capsicum_annuum,region:mg,PRODUCED_IN,,0.04,0.0,1.0,1.0
cultivar:af27620|capsicum_annuum,region:sp,PRODUCED_IN,,0.03,0.0,1.0,1.0
cultivar:af28394|capsicum_annuum,species:capsicum_annuum,OF_SPECIES,,,,,
cultivar:af28394|capsicum_annuum,region:sp,PRODUCED_IN,,0.03,0.0,1.0,1.0
cultivar:af28499|capsicum_annuum,species:capsicum_annuum,OF_SPECIES,,,,,
cultivar:af28499|capsicum_annuum,region:mg,PRODUCED_IN,,0.03,0.0,1.0,1.0
cultivar:af28507|capsicum_annuum,species:capsicum_annuum,OF_SPECIES,,,,,
cultivar:af28507|capsicum_annuum,region:sp,PRODUCED_IN,,0.02,0.0,1.0,1.0
cultivar:af28679|capsicum_annuum,species:capsicum_annuum,OF_SPECIES,,,,,
cultivar:af28679|capsicum_annuum,region:sp,PRODUCED_IN,,0.03,0.0,1.0,1.0
cultivar:af28688|capsicum_annuum,species:capsicum_annuum,OF_SPECIES,,,,,
cultivar:af28688|capsicum_annuum,region:sp,PRODUCED_IN,,0.03,0.0,1.0,1.0
cultivar:af28702|capsicum_annuum,species:capsicum_annuum,OF_SPECIES,,,,,
cultivar:af28702|capsicum_annuum,region:sp,PRODUCED_IN,,0.03,0.0,1.0,1.0
cultivar:af29662|capsicum_annuum,species:capsicum_annuum,OF_SPECIES,,,,,
cultivar:af29662|capsicum_annuum,region:ma,PRODUCED_IN,,0.02,0.0,1.0,1.0
cultivar:af29662|capsicum_annuum,region:mg,PRODUCED_IN,,0.06,0.01,1.0,1.0
cultivar:af29662|capsicum_annuum,region:pi,PRODUCED_IN,,0.02,0.0,1.0,1.0
cultivar:af29662|capsicum_annuum,region:sp,PRODUCED_IN,,19.66,2.48,114.0,10.0
cultivar:af30701|capsicum_annuum,species:capsicum_annuum,OF_SPECIES,,,,,
cultivar:af30701|capsicum_annuum,region:sp,PRODUCED_IN,,0.03,0.0,1.0,1.0
cultivar:af31326|capsicum_annuum,species:capsicum_annuum,OF_SPECIES,,,,,
cultivar:af31326|capsicum_annuum,region:sp,PRODUCED_IN,,0.03,0.0,1.0,1.0
cultivar:af32083|capsicum_annuum,species:capsicum_annuum,OF_SPECIES,,,,,
cultivar:af32083|capsicum_annuum,region:mg,PRODUCED_IN,,0.03,0.0,1.0,1.0
cultivar:af32156|capsicum_annuum,species:capsicum_annuum,OF_SPECIES,,,,,
cultivar:af32156|capsicum_annuum,region:sp,PRODUCED_IN,,0.04,0.0,1.0,1.0
cultivar:af33957|capsicum_annuum,species:capsicum_annuum,OF_SPECIES,,,,,
cultivar:af33957|capsicum_annuum,region:mg,PRODUCED_IN,,0.03,0.0,1.0,1.0
cultivar:alice|capsicum_annuum,species:capsicum_annuum,OF_SPECIES,,,,,
cultivar:alice|capsicum_annuum,region:sp,PRODUCED_IN,,0.01,0.0,1.0,1.0
cultivar:acaua|capsicum_annuum,species:capsicum_annuum,OF_SPECIES,,,,,
cultivar:acaua|capsicum_annuum,region:sp,PRODUCED_IN,,0.0,0.0,1.0,1.0
cultivar:all_big|capsicum_annuum,species:capsicum_annuum,OF_SPECIES,,,,,
cultivar:all_big|capsicum_annuum,region:ba,PRODUCED_IN,,7.5,2.2,6.0,4.0
cultivar:all_big|capsicum_annuum,region:mg,PRODUCED_IN,,3.2,0.7,6.0,3.0
cultivar:alongado_amarelo|capsicum_annuum,species:capsicum_annuum,OF_SPECIES,,,,,
cultivar:alongado_amarelo|capsicum_annuum,region:mg,PRODUCED_IN,,0.1,0.01,1.0,1.0
cultivar:amarelo|capsicum_annuum,species:capsicum_annuum,OF_SPECIES,,,,,
cultivar:amarelo|capsicum_annuum,region:rs,PRODUCED_IN,,2.04,0.32,3.0,2.0
cultivar:amarelo_sf_134|capsicum_annuum,species:capsicum_annuum,OF_SPECIES,,,,,
cultivar:amarelo_sf_134|capsicum_annuum,region:mg,PRODUCED_IN,,12.04,3.22,13.0,10.0
cultivar:antonella|capsicum_annuum,species:capsicum_annuum,OF_SPECIES,,,,,
cultivar:antonella|capsicum_annuum,region:mg,PRODUCED_IN,,0.07,0.01,1.0,1.0
cultivar:antonella|capsicum_annuum,region:sp,PRODUCED_IN,,0.1,0.02,3.0,3.0
cultivar:arcanjo|capsicum_annuum,species:capsicum_annuum,OF_SPECIES,,,,,
cultivar:arcanjo|capsicum_annuum,region:sp,PRODUCED_IN,,0.25,0.03,4.0,3.0
cultivar:brs_itamira|capsicum_annuum,species:capsicum_annuum,OF_SPECIES,,,,,
cultivar:brs_itamira|capsicum_annuum,region:rs,PRODUCED_IN,,0.0,0.0,1.0,1.0
cultivar:brs_manuela|capsicum_annuum,species:capsicum_annuum,OF_SPECIES,,,,,
cultivar:brs_manuela|capsicum_annuum,region:rs,PRODUCED_IN,,0.0,0.0,1.0,1.0
cultivar:brs_taquari|capsicum_annuum,species:capsicum_annuum,OF_SPECIES,,,,,
cultivar:brs_taquari|capsicum_annuum,region:df,PRODUCED_IN,,0.0,0.0,1.0,1.0
cultivar:brs_uirapuru|capsicum_annuum,species:capsicum_annuum,OF_SPECIES,,,,,
cultivar:brs_uirapuru|capsicum_annuum,region:df,PRODUCED_IN,,0.0,0.0,1.0,1.0
cultivar:brs_vilma|capsicum_annuum,species:capsicum_annuum,OF_SPECIES,,,,,
cultivar:brs_vilma|capsicum_annuum,region:rs,PRODUCED_IN,,0.0,0.0,1.0,1.0
cultivar:belga|capsicum_annuum,species:capsicum_annuum,OF_SPECIES,,,,,
cultivar:belga|capsicum_annuum,region:sp,PRODUCED_IN,,0.41,0.05,7.0,6.0
cultivar:bellfort|capsicum_annuum,species:capsicum_annuum,OF_SPECIES,,,,,
cultivar:bellfort|capsicum_annuum,region:rs,PRODUCED_IN,,0.7,0.1,2.0,1.0
cultivar:beti_r|capsicum_annuum,species:capsicum_annuum,OF_SPECIES,,,,,
cultivar:beti_r|capsicum_annuum,region:sp,PRODUCED_IN,,0.39,0.05,3.0,3.0
cultivar:brasiliano|capsicum_annuum,species:capsicum_annuum,OF_SPECIES,,,,,
cultivar:brasiliano|capsicum_annuum,region:sp,PRODUCED_IN,,0.51,0.07,4.0,4.0
cultivar:brilhante|capsicum_annuum,species:capsicum_annuum,OF_SPECIES,,,,,
cultivar:brilhante|capsicum_annuum,region:mg,PRODUCED_IN,,2.5,0.45,3.0,2.0
cultivar:barbaro|capsicum_annuum,species:capsicum_annuum,OF_SPECIES,,,,,
cultivar:barbaro|capsicum_annuum,region:sp,PRODUCED_IN,,0.06,0.01,1.0,1.0
cultivar:cnph_4510|capsicum_annuum,species:capsicum_annuum,OF_SPECIES,,,,,
cultivar:cnph_4510|capsicum_annuum,region:df,PRODUCED_IN,,0.01,0.0,1.0,1.0
cultivar:cnph_4511|capsicum_annuum,species:capsicum_annuum,OF_SPECIES,,,,,
cultivar:cnph_4511|capsicum_annuum,region:df,PRODUCED_IN,,0.01,0.0,1.0,1.0
cultivar:cacauaa|capsicum_annuum,species:capsicum_annuum,OF_SPECIES,,,,,
cultivar:cacauaa|capsicum_annuum,region:sp,PRODUCED_IN,,0.03,0.0,1.0,1.0
cultivar:calibello|capsicum_annuum,species:capsicum_annuum,OF_SPECIES,,,,,
cultivar:calibello|capsicum_annuum,region:mg,PRODUCED_IN,,0.57,0.04,4.0,4.0
cultivar:calibello|capsicum_annuum,region:sp,PRODUCED_IN,,1.1,0.08,8.0,6.0
cultivar:camaro|capsicum_annuum,species:capsicum_annuum,OF_SPECIES,,,,,
cultivar:camaro|capsicum_annuum,region:mg,PRODUCED_IN,,0.79,0.16,7.0,7.0
cultivar:camaro|capsicum_annuum,region:sp,PRODUCED_IN,,3.2,0.37,34.0,19.0
cultivar:cambuci|capsicum_annuum,species:capsicum_annuum,OF_SPECIES,,,,,
cultivar:cambuci|capsicum_annuum,region:mg,PRODUCED_IN,,1.0,0.4,3.0,2.0
cultivar:cambuci|capsicum_annuum,region:rs,PRODUCED_IN,,0.5,0.1,1.0,1.0
cultivar:casca_dura_ikeda|capsicum_annuum,species:capsicum_annuum,OF_SPECIES,,,,,
cultivar:casca_dura_ikeda|capsicum_annuum,region:ba,PRODUCED_IN,,13.25,5.69,8.0,4.0
cultivar:casca_dura_ikeda|capsicum_annuum,region:mg,PRODUCED_IN,,27.61,9.52,10.0,5.0
cultivar:casca_dura_ikeda|capsicum_annuum,region:pe,PRODUCED_IN,,1.5,0.62,2.0,2.0
cultivar:casca_dura_ikeda|capsicum_annuum,region:rs,PRODUCED_IN,,2.95,0.57,11.0,4.0
cultivar:casca_dura_ikeda|capsicum_annuum,region:sp,PRODUCED_IN,,0.02,0.0,1.0,1.0
cultivar:cascadura|capsicum_annuum,species:capsicum_annuum,OF_SPECIES,,,,,
cultivar:cascadura|capsicum_annuum,region:mg,PRODUCED_IN,,5.0,1.05,4.0,1.0
cultivar:cascadura_ikeda|capsicum_annuum,species:capsicum_annuum,OF_SPECIES,,,,,
cultivar:cascadura_ikeda|capsicum_annuum,region:mg,PRODUCED_IN,,2.0,0.6,2.0,2.0
cultivar:cayenne_long_slim|capsicum_annuum,species:capsicum_annuum,OF_SPECIES,,,,,
cultivar:cayenne_long_slim|capsicum_annuum,region:mg,PRODUCED_IN,,1.76,0.5,4.0,3.0
cultivar:chape|capsicum_annuum,species:capsicum_annuum,OF_SPECIES,,,,,
cultivar:chape|capsicum_annuum,region:sp,PRODUCED_IN,,0.03,0.0,1.0,1.0
cultivar:chapau_de_bispo_cambuci|capsicum_annuum,species:capsicum_annuum,OF_SPECIES,,,,,
cultivar:chapau_de_bispo_cambuci|capsicum_annuum,region:mg,PRODUCED_IN,,4.65,2.36,7.0,5.0
cultivar:cida_r|capsicum_annuum,species:capsicum_annuum,OF_SPECIES,,,,,
cultivar:cida_r|capsicum_annuum,region:sp,PRODUCED_IN,,0.65,0.07,11.0,10.0
cultivar:conrado|capsicum_annuum,species:capsicum_annuum,OF_SPECIES,,,,,
cultivar:conrado|capsicum_annuum,region:sp,PRODUCED_IN,,1.74,0.12,15.0,12.0
cultivar:costeaa|capsicum_annuum,species:capsicum_annuum,OF_SPECIES,,,,,
cultivar:costeaa|capsicum_annuum,region:sp,PRODUCED_IN,,1.06,0.15,9.0,5.0
cultivar:cubanela|capsicum_annuum,species:capsicum_annuum,OF_SPECIES,,,,,
cultivar:cubanela|capsicum_annuum,region:ba,PRODUCED_IN,,1.0,0.3,1.0,1.0
cultivar:cubanela|capsicum_annuum,region:go,PRODUCED_IN,,0.3,0.04,1.0,1.0
cultivar:cubanela|capsicum_annuum,region:mg,PRODUCED_IN,,4.73,1.72,8.0,5.0
cultivar:cubanela|capsicum_annuum,region:rs,PRODUCED_IN,,1.8,0.95,5.0,2.0
cultivar:cubanela|capsicum_annuum,region:se,PRODUCED_IN,,0.5,0.2,1.0,1.0
cultivar:dahra_r|capsicum_annuum,species:capsicum_annuum,OF_SPECIES,,,,,
cultivar:dahra_r|capsicum_annuum,region:mg,PRODUCED_IN,,0.48,0.08,4.0,4.0
cultivar:dahra_r|capsicum_annuum,region:pi,PRODUCED_IN,,0.13,0.03,2.0,2.0
cultivar:dahra_r|capsicum_annuum,region:sp,PRODUCED_IN,,41.31,5.07,125.0,24.0
cultivar:dahra_rx|capsicum_annuum,species:capsicum_annuum,OF_SPECIES,,,,,
cultivar:dahra_rx|capsicum_annuum,region:mg,PRODUCED_IN,,0.76,0.09,5.0,5.0
cultivar:dahra_rx|capsicum_annuum,region:sp,PRODUCED_IN,,21.16,2.86,127.0,25.0
cultivar:damaris|capsicum_annuum,species:capsicum_annuum,OF_SPECIES,,,,,
cultivar:damaris|capsicum_annuum,region:sp,PRODUCED_IN,,0.01,0.0,1.0,1.0
cultivar:dedo_de_moaa|capsicum_annuum,species:capsicum_annuum,OF_SPECIES,,,,,
cultivar:dedo_de_moaa|capsicum_annuum,region:mg,PRODUCED_IN,,2.46,1.58,7.0,4.0
cultivar:dedo_de_moaa|capsicum_annuum,region:rs,PRODUCED_IN,,0.2,0.1,1.0,1.0
cultivar:derick|capsicum_annuum,species:capsicum_annuum,OF_SPECIES,,,,,
cultivar:derick|capsicum_annuum,region:mg,PRODUCED_IN,,0.05,0.01,1.0,1.0
cultivar:derick|capsicum_annuum,region:sp,PRODUCED_IN,,2.31,0.37,26.0,13.0
cultivar:dirce_r|capsicum_annuum,species:capsicum_annuum,OF_SPECIES,,,,,
cultivar:dirce_r|capsicum_annuum,region:sp,PRODUCED_IN,,0.23,0.06,7.0,7.0
cultivar:doce_comprido_conserva|capsicum_annuum,species:capsicum_annuum,OF_SPECIES,,,,,
cultivar:doce_comprido_conserva|capsicum_annuum,region:mg,PRODUCED_IN,,5.27,2.11,11.0,8.0
cultivar:doce_comprido_conserva|capsicum_annuum,region:sp,PRODUCED_IN,,0.01,0.0,1.0,1.0
cultivar:danamo|capsicum_annuum,species:capsicum_annuum,OF_SPECIES,,,,,
cultivar:danamo|capsicum_annuum,region:sp,PRODUCED_IN,,0.01,0.0,2.0,1.0
cultivar:el_primero|capsicum_annuum,species:capsicum_annuum,OF_SPECIES,,,,,
cultivar:el_primero|capsicum_annuum,region:sp,PRODUCED_IN,,0.03,0.0,1.0,1.0
cultivar:emojigreen_yellow|capsicum_annuum,species:capsicum_annuum,OF_SPECIES,,,,,
cultivar:emojigreen_yellow|capsicum_annuum,region:sp,PRODUCED_IN,,0.23,0.02,6.0,6.0
cultivar:floribela|capsicum_annuum,species:capsicum_annuum,OF_SPECIES,,,,,
cultivar:floribela|capsicum_annuum,region:mg,PRODUCED_IN,,0.55,0.1,3.0,2.0
cultivar:fortuna_super|capsicum_annuum,species:capsicum_annuum,OF_SPECIES,,,,,
cultivar:fortuna_super|capsicum_annuum,region:sp,PRODUCED_IN,,0.0,0.0,1.0,1.0
cultivar:gadir|capsicum_annuum,species:capsicum_annuum,OF_SPECIES,,,,,
cultivar:gadir|capsicum_annuum,region:sp,PRODUCED_IN,,0.01,0.0,2.0,1.0
cultivar:gianni|capsicum_annuum,species:capsicum_annuum,OF_SPECIES,,,,,
cultivar:gianni|capsicum_annuum,region:sp,PRODUCED_IN,,0.2,0.06,1.0,1.0
cultivar:gracepurple|capsicum_annuum,species:capsicum_annuum,OF_SPECIES,,,,,
cultivar:gracepurple|capsicum_annuum,region:sp,PRODUCED_IN,,0.11,0.01,3.0,3.0
cultivar:heloasa|capsicum_annuum,species:capsicum_annuum,OF_SPECIES,,,,,
cultivar:heloasa|capsicum_annuum,region:mg,PRODUCED_IN,,0.49,0.09,3.0,3.0
cultivar:heloasa|capsicum_annuum,region:sp,PRODUCED_IN,,5.12,0.73,30.0,15.0
cultivar:herculano|capsicum_annuum,species:capsicum_annuum,OF_SPECIES,,,,,
cultivar:herculano|capsicum_annuum,region:sp,PRODUCED_IN,,0.48,0.09,10.0,6.0
cultivar:holandino|capsicum_annuum,species:capsicum_annuum,OF_SPECIES,,,,,
cultivar:holandino|capsicum_annuum,region:sp,PRODUCED_IN,,0.17,0.03,4.0,4.0
cultivar:is_956|capsicum_annuum,species:capsicum_annuum,OF_SPECIES,,,,,
cultivar:is_956|capsicum_annuum,region:ba,PRODUCED_IN,,1.5,0.45,1.0,1.0
cultivar:is_956|capsicum_annuum,region:mg,PRODUCED_IN,,3.9,0.67,4.0,4.0
cultivar:is_956|capsicum_annuum,region:rs,PRODUCED_IN,,1.0,0.2,2.0,1.0
cultivar:inacio|capsicum_annuum,species:capsicum_annuum,OF_SPECIES,,,,,
cultivar:inacio|capsicum_annuum,region:sp,PRODUCED_IN,,0.54,0.07,9.0,6.0
cultivar:isabela|capsicum_annuum,species:capsicum_annuum,OF_SPECIES,,,,,
cultivar:isabela|capsicum_annuum,region:sp,PRODUCED_IN,,0.54,0.1,6.0,5.0
cultivar:isadora|capsicum_annuum,species:capsicum_annuum,OF_SPECIES,,,,,
cultivar:isadora|capsicum_annuum,region:sp,PRODUCED_IN,,0.03,0.0,1.0,1.0
cultivar:itapua_501|capsicum_annuum,species:capsicum_annuum,OF_SPECIES,,,,,
cultivar:itapua_501|capsicum_annuum,region:mg,PRODUCED_IN,,3.14,0.83,7.0,5.0
cultivar:itapua_501|capsicum_annuum,region:rs,PRODUCED_IN,,0.2,0.02,2.0,2.0
cultivar:jaguariuna|capsicum_annuum,species:capsicum_annuum,OF_SPECIES,,,,,
cultivar:jaguariuna|capsicum_annuum,region:sp,PRODUCED_IN,,2.95,0.45,50.0,14.0
cultivar:jassica|capsicum_annuum,species:capsicum_annuum,OF_SPECIES,,,,,
cultivar:jassica|capsicum_annuum,region:mg,PRODUCED_IN,,0.14,0.02,2.0,1.0
cultivar:jassica|capsicum_annuum,region:sp,PRODUCED_IN,,1.54,0.21,15.0,11.0
cultivar:kalu|capsicum_annuum,species:capsicum_annuum,OF_SPECIES,,,,,
cultivar:kalu|capsicum_annuum,region:sp,PRODUCED_IN,,0.06,0.01,2.0,2.0
cultivar:loma|capsicum_annuum,species:capsicum_annuum,OF_SPECIES,,,,,
cultivar:loma|capsicum_annuum,region:sp,PRODUCED_IN,,0.04,0.01,1.0,1.0
cultivar:lutero|capsicum_annuum,species:capsicum_annuum,OF_SPECIES,,,,,
cultivar:lutero|capsicum_annuum,region:rs,PRODUCED_IN,,0.2,0.06,2.0,2.0
cultivar:lutero|capsicum_annuum,region:sp,PRODUCED_IN,,0.15,0.03,1.0,1.0
cultivar:lagia|capsicum_annuum,species:capsicum_annuum,OF_SPECIES,,,,,
cultivar:lagia|capsicum_annuum,region:sp,PRODUCED_IN,,0.0,0.0,1.0,1.0
cultivar:magnata|capsicum_annuum,species:capsicum_annuum,OF_SPECIES,,,,,
cultivar:magnata|capsicum_annuum,region:sp,PRODUCED_IN,,1.59,0.25,16.0,10.0
cultivar:magali_r|capsicum_annuum,species:capsicum_annuum,OF_SPECIES,,,,,
cultivar:magali_r|capsicum_annuum,region:mg,PRODUCED_IN,,0.64,0.15,7.0,6.0
cultivar:magali_r|capsicum_annuum,region:sp,PRODUCED_IN,,10.0,2.22,71.0,22.0
cultivar:maiara|capsicum_annuum,species:capsicum_annuum,OF_SPECIES,,,,,
cultivar:maiara|capsicum_annuum,region:mg,PRODUCED_IN,,1.3,0.23,3.0,2.0
cultivar:maiara|capsicum_annuum,region:sp,PRODUCED_IN,,0.01,0.0,1.0,1.0
cultivar:mallorca|capsicum_annuum,species:capsicum_annuum,OF_SPECIES,,,,,
cultivar:mallorca|capsicum_annuum,region:mg,PRODUCED_IN,,0.2,0.04,10.0,2.0
cultivar:mallorca|capsicum_annuum,region:sp,PRODUCED_IN,,0.02,0.01,2.0,2.0
cultivar:malu|capsicum_annuum,species:capsicum_annuum,OF_SPECIES,,,,,
cultivar:malu|capsicum_annuum,region:sp,PRODUCED_IN,,0.1,0.01,2.0,1.0
cultivar:marielle|capsicum_annuum,species:capsicum_annuum,OF_SPECIES,,,,,
cultivar:marielle|capsicum_annuum,region:mg,PRODUCED_IN,,0.15,0.02,1.0,1.0
cultivar:marielle|capsicum_annuum,region:sp,PRODUCED_IN,,0.47,0.06,8.0,6.0
cultivar:marina|capsicum_annuum,species:capsicum_annuum,OF_SPECIES,,,,,
cultivar:marina|capsicum_annuum,region:go,PRODUCED_IN,,0.04,0.08,2.0,1.0
cultivar:marli_r|capsicum_annuum,species:capsicum_annuum,OF_SPECIES,,,,,
cultivar:marli_r|capsicum_annuum,region:mg,PRODUCED_IN,,0.14,0.03,2.0,2.0
cultivar:marli_r|capsicum_annuum,region:sp,PRODUCED_IN,,5.19,1.51,39.0,19.0
cultivar:marta|capsicum_annuum,species:capsicum_annuum,OF_SPECIES,,,,,
cultivar:marta|capsicum_annuum,region:mg,PRODUCED_IN,,3.0,0.8,3.0,2.0
cultivar:martha_r|capsicum_annuum,species:capsicum_annuum,OF_SPECIES,,,,,
cultivar:martha_r|capsicum_annuum,region:mg,PRODUCED_IN,,0.29,0.05,4.0,2.0
cultivar:martha_r|capsicum_annuum,region:sp,PRODUCED_IN,,5.9,1.31,41.0,21.0
cultivar:maxi_king|capsicum_annuum,species:capsicum_annuum,OF_SPECIES,,,,,
cultivar:maxi_king|capsicum_annuum,region:mg,PRODUCED_IN,,0.8,0.46,2.0,2.0
cultivar:mayara|capsicum_annuum,species:capsicum_annuum,OF_SPECIES,,,,,
cultivar:mayara|capsicum_annuum,region:mg,PRODUCED_IN,,1.53,0.2,5.0,4.0
cultivar:mayara|capsicum_annuum,region:sp,PRODUCED_IN,,0.84,0.08,7.0,6.0
cultivar:medina|capsicum_annuum,species:capsicum_annuum,OF_SPECIES,,,,,
cultivar:medina|capsicum_annuum,region:sp,PRODUCED_IN,,0.01,0.0,1.0,1.0
cultivar:melina|capsicum_annuum,species:capsicum_annuum,OF_SPECIES,,,,,
cultivar:melina|capsicum_annuum,region:mg,PRODUCED_IN,,0.14,0.01,2.0,1.0
cultivar:melina|capsicum_annuum,region:sp,PRODUCED_IN,,1.8,0.38,15.0,13.0
cultivar:mirella|capsicum_annuum,species:capsicum_annuum,OF_SPECIES,,,,,
cultivar:mirella|capsicum_annuum,region:mg,PRODUCED_IN,,0.38,0.09,3.0,3.0
cultivar:mirella|capsicum_annuum,region:sp,PRODUCED_IN,,2.44,0.37,25.0,12.0
cultivar:monalisa|capsicum_annuum,species:capsicum_annuum,OF_SPECIES,,,,,
cultivar:monalisa|capsicum_annuum,region:sp,PRODUCED_IN,,1.51,0.12,14.0,7.0
cultivar:moussegreen|capsicum_annuum,species:capsicum_annuum,OF_SPECIES,,,,,
cultivar:moussegreen|capsicum_annuum,region:sp,PRODUCED_IN,,0.27,0.03,7.0,7.0
cultivar:nocaute|capsicum_annuum,species:capsicum_annuum,OF_SPECIES,,,,,
cultivar:nocaute|capsicum_annuum,region:mg,PRODUCED_IN,,0.06,0.01,1.0,1.0
cultivar:nocaute|capsicum_annuum,region:sp,PRODUCED_IN,,0.14,0.02,5.0,3.0
cultivar:pk_025|capsicum_annuum,species:capsicum_annuum,OF_SPECIES,,,,,
cultivar:pk_025|capsicum_annuum,region:sp,PRODUCED_IN,,0.02,0.0,2.0,1.0
cultivar:proveito|capsicum_annuum,species:capsicum_annuum,OF_SPECIES,,,,,
cultivar:proveito|capsicum_annuum,region:sp,PRODUCED_IN,,0.13,0.03,1.0,1.0
cultivar:peter|capsicum_annuum,species:capsicum_annuum,OF_SPECIES,,,,,
cultivar:peter|capsicum_annuum,region:ba,PRODUCED_IN,,0.1,0.02,1.0,1.0
cultivar:peter|capsicum_annuum,region:go,PRODUCED_IN,,0.52,0.14,4.0,4.0
cultivar:platao|capsicum_annuum,species:capsicum_annuum,OF_SPECIES,,,,,
cultivar:platao|capsicum_annuum,region:sp,PRODUCED_IN,,0.27,0.04,4.0,4.0
cultivar:quantum_r|capsicum_annuum,species:capsicum_annuum,OF_SPECIES,,,,,
cultivar:quantum_r|capsicum_annuum,region:sp,PRODUCED_IN,,0.01,0.0,2.0,1.0
cultivar:ramony|capsicum_annuum,species:capsicum_annuum,OF_SPECIES,,,,,
cultivar:ramony|capsicum_annuum,region:sp,PRODUCED_IN,,0.27,0.03,6.0,5.0
cultivar:raptor|capsicum_annuum,species:capsicum_annuum,OF_SPECIES,,,,,
cultivar:raptor|capsicum_annuum,region:sp,PRODUCED_IN,,0.19,0.03,4.0,4.0
cultivar:raquel|capsicum_annuum,species:capsicum_annuum,OF_SPECIES,,,,,
cultivar:raquel|capsicum_annuum,region:go,PRODUCED_IN,,0.01,0.04,1.0,1.0
cultivar:redonda_para_vaso|capsicum_annuum,species:capsicum_annuum,OF_SPECIES,,,,,
cultivar:redonda_para_vaso|capsicum_annuum,region:go,PRODUCED_IN,,0.2,0.05,3.0,3.0
cultivar:rubi_gigante|capsicum_annuum,species:capsicum_annuum,OF_SPECIES,,,,,
cultivar:rubi_gigante|capsicum_annuum,region:mg,PRODUCED_IN,,2.01,0.46,3.0,2.0
cultivar:rubi_gigante|capsicum_annuum,region:rs,PRODUCED_IN,,0.0,0.0,1.0,1.0
cultivar:rubia_r|capsicum_annuum,species:capsicum_annuum,OF_SPECIES,,,,,
cultivar:rubia_r|capsicum_annuum,region:sp,PRODUCED_IN,,4.91,1.0,33.0,22.0
cultivar:sambor|capsicum_annuum,species:capsicum_annuum,OF_SPECIES,,,,,
cultivar:sambor|capsicum_annuum,region:sp,PRODUCED_IN,,0.01,0.0,2.0,1.0
cultivar:sambor_1|capsicum_annuum,species:capsicum_annuum,OF_SPECIES,,,,,
cultivar:sambor_1|capsicum_annuum,region:sp,PRODUCED_IN,,0.01,0.0,2.0,1.0
cultivar:shakira|capsicum_annuum,species:capsicum_annuum,OF_SPECIES,,,,,
cultivar:shakira|capsicum_annuum,region:sp,PRODUCED_IN,,0.99,0.13,6.0,4.0
cultivar:siciliano|capsicum_annuum,species:capsicum_annuum,OF_SPECIES,,,,,
cultivar:siciliano|capsicum_annuum,region:sp,PRODUCED_IN,,0.03,0.0,1.0,1.0
cultivar:silver|capsicum_annuum,species:capsicum_annuum,OF_SPECIES,,,,,
cultivar:silver|capsicum_annuum,region:sp,PRODUCED_IN,,0.18,0.04,6.0,6.0
cultivar:te_300|capsicum_annuum,species:capsicum_annuum,OF_SPECIES,,,,,
cultivar:te_300|capsicum_annuum,region:mg,PRODUCED_IN,,1.0,0.04,1.0,1.0
cultivar:te_300|capsicum_annuum,region:sp,PRODUCED_IN,,0.47,0.09,8.0,4.0
cultivar:timor|capsicum_annuum,species:capsicum_annuum,OF_SPECIES,,,,,
cultivar:timor|capsicum_annuum,region:sp,PRODUCED_IN,,0.0,0.0,1.0,1.0
cultivar:tiberius|capsicum_annuum,species:capsicum_annuum,OF_SPECIES,,,,,
cultivar:tiberius|capsicum_annuum,region:rs,PRODUCED_IN,,4.8,1.03,7.0,5.0
cultivar:vpp_260|capsicum_annuum,species:capsicum_annuum,OF_SPECIES,,,,,
cultivar:vpp_260|capsicum_annuum,region:mg,PRODUCED_IN,,0.7,0.06,1.0,1.0
cultivar:vpp_260|capsicum_annuum,region:pi,PRODUCED_IN,,1.0,0.17,1.0,1.0
cultivar:vpp_513|capsicum_annuum,species:capsicum_annuum,OF_SPECIES,,,,,
cultivar:vpp_513|capsicum_annuum,region:sp,PRODUCED_IN,,1.09,0.25,15.0,10.0
cultivar:vpp_531|capsicum_annuum,species:capsicum_annuum,OF_SPECIES,,,,,
cultivar:vpp_531|capsicum_annuum,region:sp,PRODUCED_IN,,0.15,0.04,1.0,1.0
cultivar:vpp_541|capsicum_annuum,species:capsicum_annuum,OF_SPECIES,,,,,
cultivar:vpp_541|capsicum_annuum,region:sp,PRODUCED_IN,,0.66,0.12,6.0,3.0
cultivar:vpp_544|capsicum_annuum,species:capsicum_annuum,OF_SPECIES,,,,,
cultivar:vpp_544|capsicum_annuum,region:sp,PRODUCED_IN,,0.31,0.05,5.0,4.0
cultivar:vpp_558|capsicum_annuum,species:capsicum_annuum,OF_SPECIES,,,,,
cultivar:vpp_558|capsicum_annuum,region:sp,PRODUCED_IN,,0.09,0.02,3.0,3.0
cultivar:vpp_593|capsicum_annuum,species:capsicum_annuum,OF_SPECIES,,,,,
cultivar:vpp_593|capsicum_annuum,region:sp,PRODUCED_IN,,0.26,0.04,4.0,4.0
cultivar:vpp_594|capsicum_annuum,species:capsicum_annuum,OF_SPECIES,,,,,
cultivar:vpp_594|capsicum_annuum,region:sp,PRODUCED_IN,,0.18,0.04,3.0,3.0
cultivar:vpp_617|capsicum_annuum,species:capsicum_annuum,OF_SPECIES,,,,,
cultivar:vpp_617|capsicum_annuum,region:mg,PRODUCED_IN,,0.08,0.01,1.0,1.0
cultivar:vpp_617|capsicum_annuum,region:sp,PRODUCED_IN,,0.08,0.01,2.0,2.0
cultivar:vpp_650|capsicum_annuum,species:capsicum_annuum,OF_SPECIES,,,,,
cultivar:vpp_650|capsicum_annuum,region:sp,PRODUCED_IN,,0.24,0.04,4.0,3.0
cultivar:vpp_662|capsicum_annuum,species:capsicum_annuum,OF_SPECIES,,,,,
cultivar:vpp_662|capsicum_annuum,region:sp,PRODUCED_IN,,0.35,0.07,1.0,1.0
cultivar:vpp_685|capsicum_annuum,species:capsicum_annuum,OF_SPECIES,,,,,
cultivar:vpp_685|capsicum_annuum,region:sp,PRODUCED_IN,,0.09,0.01,1.0,1.0
cultivar:vpp_692|capsicum_annuum,species:capsicum_annuum,OF_SPECIES,,,,,
cultivar:vpp_692|capsicum_annuum,region:sp,PRODUCED_IN,,0.26,0.04,3.0,1.0
cultivar:vpp_693|capsicum_annuum,species:capsicum_annuum,OF_SPECIES,,,,,
cultivar:vpp_693|capsicum_annuum,region:sp,PRODUCED_IN,,0.28,0.08,3.0,2.0
cultivar:vpp_698|capsicum_annuum,species:capsicum_annuum,OF_SPECIES,,,,,
cultivar:vpp_698|capsicum_annuum,region:sp,PRODUCED_IN,,0.18,0.02,2.0,1.0
cultivar:vpp_700|capsicum_annuum,species:capsicum_annuum,OF_SPECIES,,,,,
cultivar:vpp_700|capsicum_annuum,region:sp,PRODUCED_IN,,0.16,0.02,3.0,2.0
cultivar:vpp_705|capsicum_annuum,species:capsicum_annuum,OF_SPECIES,,,,,
cultivar:vpp_705|capsicum_annuum,region:sp,PRODUCED_IN,,0.35,0.03,4.0,3.0
cultivar:vpp_715|capsicum_annuum,species:capsicum_annuum,OF_SPECIES,,,,,
cultivar:vpp_715|capsicum_annuum,region:sp,PRODUCED_IN,,0.02,0.0,1.0,1.0
cultivar:vpp_724|capsicum_annuum,species:capsicum_annuum,OF_SPECIES,,,,,
cultivar:vpp_724|capsicum_annuum,region:sp,PRODUCED_IN,,0.28,0.04,5.0,5.0
cultivar:vpp_762|capsicum_annuum,species:capsicum_annuum,OF_SPECIES,,,,,
cultivar:vpp_762|capsicum_annuum,region:sp,PRODUCED_IN,,0.38,0.05,5.0,2.0
cultivar:vpp044|capsicum_annuum,species:capsicum_annuum,OF_SPECIES,,,,,
cultivar:vpp044|capsicum_annuum,region:mg,PRODUCED_IN,,0.43,0.13,1.0,1.0
cultivar:vpp504|capsicum_annuum,species:capsicum_annuum,OF_SPECIES,,,,,
cultivar:vpp504|capsicum_annuum,region:sp,PRODUCED_IN,,0.15,0.03,2.0,1.0
cultivar:vpp568|capsicum_annuum,species:capsicum_annuum,OF_SPECIES,,,,,
cultivar:vpp568|capsicum_annuum,region:sp,PRODUCED_IN,,0.9,0.23,9.0,8.0
cultivar:vpp636|capsicum_annuum,species:capsicum_annuum,OF_SPECIES,,,,,
cultivar:vpp636|capsicum_annuum,region:sp,PRODUCED_IN,,0.06,0.02,1.0,1.0
cultivar:vpp670|capsicum_annuum,species:capsicum_annuum,OF_SPECIES,,,,,
cultivar:vpp670|capsicum_annuum,region:sp,PRODUCED_IN,,0.34,0.06,4.0,1.0
cultivar:vpp717|capsicum_annuum,species:capsicum_annuum,OF_SPECIES,,,,,
cultivar:vpp717|capsicum_annuum,region:sp,PRODUCED_IN,,0.2,0.01,1.0,1.0
cultivar:vpp719|capsicum_annuum,species:capsicum_annuum,OF_SPECIES,,,,,
cultivar:vpp719|capsicum_annuum,region:sp,PRODUCED_IN,,0.19,0.03,1.0,1.0
cultivar:vpp720|capsicum_annuum,species:capsicum_annuum,OF_SPECIES,,,,,
cultivar:vpp720|capsicum_annuum,region:sp,PRODUCED_IN,,0.59,0.13,5.0,5.0
cultivar:vpp723|capsicum_annuum,species:capsicum_annuum,OF_SPECIES,,,,,
cultivar:vpp723|capsicum_annuum,region:sp,PRODUCED_IN,,0.07,0.01,1.0,1.0
cultivar:vpp726|capsicum_annuum,species:capsicum_annuum,OF_SPECIES,,,,,
cultivar:vpp726|capsicum_annuum,region:sp,PRODUCED_IN,,0.31,0.04,2.0,2.0
cultivar:vpp729|capsicum_annuum,species:capsicum_annuum,OF_SPECIES,,,,,
cultivar:vpp729|capsicum_annuum,region:mg,PRODUCED_IN,,0.22,0.03,1.0,1.0
cultivar:vpp729|capsicum_annuum,region:sp,PRODUCED_IN,,3.38,0.84,19.0,6.0
cultivar:vpp754|capsicum_annuum,species:capsicum_annuum,OF_SPECIES,,,,,
cultivar:vpp754|capsicum_annuum,region:mg,PRODUCED_IN,,0.48,0.05,4.0,3.0
cultivar:vpp754|capsicum_annuum,region:sp,PRODUCED_IN,,1.93,0.21,17.0,9.0
cultivar:vpp757|capsicum_annuum,species:capsicum_annuum,OF_SPECIES,,,,,
cultivar:vpp757|capsicum_annuum,region:sp,PRODUCED_IN,,0.07,0.01,1.0,1.0
cultivar:vpp766|capsicum_annuum,species:capsicum_annuum,OF_SPECIES,,,,,
cultivar:vpp766|capsicum_annuum,region:sp,PRODUCED_IN,,0.36,0.02,4.0,3.0
cultivar:vpp767|capsicum_annuum,species:capsicum_annuum,OF_SPECIES,,,,,
cultivar:vpp767|capsicum_annuum,region:mg,PRODUCED_IN,,0.17,0.01,2.0,2.0
cultivar:vpp767|capsicum_annuum,region:sp,PRODUCED_IN,,0.32,0.01,4.0,3.0
cultivar:vpp768|capsicum_annuum,species:capsicum_annuum,OF_SPECIES,,,,,
cultivar:vpp768|capsicum_annuum,region:sp,PRODUCED_IN,,0.48,0.03,5.0,4.0
cultivar:vpp773|capsicum_annuum,species:capsicum_annuum,OF_SPECIES,,,,,
cultivar:vpp773|capsicum_annuum,region:sp,PRODUCED_IN,,0.28,0.02,2.0,1.0
cultivar:vpp775|capsicum_annuum,species:capsicum_annuum,OF_SPECIES,,,,,
cultivar:vpp775|capsicum_annuum,region:sp,PRODUCED_IN,,0.56,0.11,3.0,2.0
cultivar:vpp779|capsicum_annuum,species:capsicum_annuum,OF_SPECIES,,,,,
cultivar:vpp779|capsicum_annuum,region:sp,PRODUCED_IN,,0.39,0.01,2.0,1.0
cultivar:vpp784|capsicum_annuum,species:capsicum_annuum,OF_SPECIES,,,,,
cultivar:vpp784|capsicum_annuum,region:sp,PRODUCED_IN,,3.97,0.6,27.0,11.0
cultivar:vpp785|capsicum_annuum,species:capsicum_annuum,OF_SPECIES,,,,,
cultivar:vpp785|capsicum_annuum,region:sp,PRODUCED_IN,,0.62,0.06,5.0,3.0
cultivar:vpp789|capsicum_annuum,species:capsicum_annuum,OF_SPECIES,,,,,
cultivar:vpp789|capsicum_annuum,region:sp,PRODUCED_IN,,0.04,0.0,1.0,1.0
cultivar:vpp791|capsicum_annuum,species:capsicum_annuum,OF_SPECIES,,,,,
cultivar:vpp791|capsicum_annuum,region:mg,PRODUCED_IN,,0.12,0.01,1.0,1.0
cultivar:vpp791|capsicum_annuum,region:sp,PRODUCED_IN,,0.29,0.03,4.0,2.0
cultivar:vpp802|capsicum_annuum,species:capsicum_annuum,OF_SPECIES,,,,,
cultivar:vpp802|capsicum_annuum,region:sp,PRODUCED_IN,,0.06,0.01,1.0,1.0
cultivar:vpp806|capsicum_annuum,species:capsicum_annuum,OF_SPECIES,,,,,
cultivar:vpp806|capsicum_annuum,region:mg,PRODUCED_IN,,0.33,0.04,2.0,2.0
cultivar:vpp806|capsicum_annuum,region:sp,PRODUCED_IN,,0.6,0.06,5.0,4.0
cultivar:vpp807|capsicum_annuum,species:capsicum_annuum,OF_SPECIES,,,,,
cultivar:vpp807|capsicum_annuum,region:sp,PRODUCED_IN,,0.51,0.04,4.0,4.0
cultivar:vpp808|capsicum_annuum,species:capsicum_annuum,OF_SPECIES,,,,,
cultivar:vpp808|capsicum_annuum,region:sp,PRODUCED_IN,,0.5,0.05,4.0,4.0
cultivar:vpp815|capsicum_annuum,species:capsicum_annuum,OF_SPECIES,,,,,
cultivar:vpp815|capsicum_annuum,region:sp,PRODUCED_IN,,3.94,0.71,22.0,8.0
cultivar:vpp816|capsicum_annuum,species:capsicum_annuum,OF_SPECIES,,,,,
cultivar:vpp816|capsicum_annuum,region:sp,PRODUCED_IN,,1.4,0.18,9.0,4.0
cultivar:vpp817|capsicum_annuum,species:capsicum_annuum,OF_SPECIES,,,,,
cultivar:vpp817|capsicum_annuum,region:sp,PRODUCED_IN,,2.67,0.29,17.0,7.0
cultivar:vpp818|capsicum_annuum,species:capsicum_annuum,OF_SPECIES,,,,,
cultivar:vpp818|capsicum_annuum,region:sp,PRODUCED_IN,,0.19,0.01,2.0,1.0
cultivar:vpp841|capsicum_annuum,species:capsicum_annuum,OF_SPECIES,,,,,
cultivar:vpp841|capsicum_annuum,region:sp,PRODUCED_IN,,0.03,0.0,1.0,1.0
cultivar:vpp845|capsicum_annuum,species:capsicum_annuum,OF_SPECIES,,,,,
cultivar:vpp845|capsicum_annuum,region:mg,PRODUCED_IN,,0.17,0.01,1.0,1.0
cultivar:vpp845|capsicum_annuum,region:sp,PRODUCED_IN,,1.94,0.19,11.0,4.0
cultivar:vpp846|capsicum_annuum,species:capsicum_annuum,OF_SPECIES,,,,,
cultivar:vpp846|capsicum_annuum,region:sp,PRODUCED_IN,,0.04,0.01,1.0,1.0
cultivar:vpp853|capsicum_annuum,species:capsicum_annuum,OF_SPECIES,,,,,
cultivar:vpp853|capsicum_annuum,region:sp,PRODUCED_IN,,3.01,0.37,14.0,3.0
cultivar:vpp863|capsicum_annuum,species:capsicum_annuum,OF_SPECIES,,,,,
cultivar:vpp863|capsicum_annuum,region:sp,PRODUCED_IN,,0.44,0.06,5.0,3.0
cultivar:vpp864|capsicum_annuum,species:capsicum_annuum,OF_SPECIES,,,,,
cultivar:vpp864|capsicum_annuum,region:sp,PRODUCED_IN,,1.18,0.06,6.0,4.0
cultivar:vpp865|capsicum_annuum,species:capsicum_annuum,OF_SPECIES,,,,,
cultivar:vpp865|capsicum_annuum,region:mg,PRODUCED_IN,,0.09,0.01,1.0,1.0
cultivar:vpp865|capsicum_annuum,region:sp,PRODUCED_IN,,0.08,0.01,1.0,1.0
cultivar:valentina|capsicum_annuum,species:capsicum_annuum,OF_SPECIES,,,,,
cultivar:valentina|capsicum_annuum,region:mg,PRODUCED_IN,,5.31,1.02,9.0,7.0
cultivar:vermelho|capsicum_annuum,species:capsicum_annuum,OF_SPECIES,,,,,
cultivar:vermelho|capsicum_annuum,region:rs,PRODUCED_IN,,2.04,0.3,4.0,3.0
cultivar:voraz|capsicum_annuum,species:capsicum_annuum,OF_SPECIES,,,,,
cultivar:voraz|capsicum_annuum,region:mg,PRODUCED_IN,,0.8,0.12,4.0,2.0
cultivar:wallace|capsicum_annuum,species:capsicum_annuum,OF_SPECIES,,,,,
cultivar:wallace|capsicum_annuum,region:sp,PRODUCED_IN,,0.37,0.04,3.0,3.0
cultivar:wonka|capsicum_annuum,species:capsicum_annuum,OF_SPECIES,,,,,
cultivar:wonka|capsicum_annuum,region:sp,PRODUCED_IN,,0.08,0.01,2.0,2.0
cultivar:yolo_wonder|capsicum_annuum,species:capsicum_annuum,OF_SPECIES,,,,,
cultivar:yolo_wonder|capsicum_annuum,region:ba,PRODUCED_IN,,3.0,0.85,3.0,2.0
cultivar:yolo_wonder|capsicum_annuum,region:mg,PRODUCED_IN,,2.02,0.51,2.0,1.0
cultivar:yolo_wonder|capsicum_annuum,region:pe,PRODUCED_IN,,2.8,0.69,2.0,2.0
cultivar:yolo_wonder|capsicum_annuum,region:rs,PRODUCED_IN,,6.0,3.0,3.0,2.0
cultivar:ario|capsicum_annuum,species:capsicum_annuum,OF_SPECIES,,,,,
cultivar:ario|capsicum_annuum,region:sp,PRODUCED_IN,,1.57,0.21,15.0,11.0
cultivar:brs_sarakura|capsicum_annuum,species:capsicum_annuum,OF_SPECIES,,,,,
cultivar:brs_sarakura|capsicum_annuum,region:ba,PRODUCED_IN,,0.4,0.08,1.0,1.0
cultivar:brs_sarakura|capsicum_annuum,region:df,PRODUCED_IN,,0.87,0.07,2.0,1.0
cultivar:brs_sarakura|capsicum_annuum,region:pe,PRODUCED_IN,,0.4,0.05,1.0,1.0
cultivar:doce_italiana|capsicum_annuum,species:capsicum_annuum,OF_SPECIES,,,,,
cultivar:doce_italiana|capsicum_annuum,region:mg,PRODUCED_IN,,0.7,0.14,2.0,2.0
cultivar:ht_32|capsicum_annuum,species:capsicum_annuum,OF_SPECIES,,,,,
cultivar:ht_32|capsicum_annuum,region:sp,PRODUCED_IN,,0.01,0.0,2.0,1.0
cultivar:ht_84|capsicum_annuum,species:capsicum_annuum,OF_SPECIES,,,,,
cultivar:ht_84|capsicum_annuum,region:sp,PRODUCED_IN,,0.01,0.0,2.0,1.0
cultivar:ht90|capsicum_annuum,species:capsicum_annuum,OF_SPECIES,,,,,
cultivar:ht90|capsicum_annuum,region:sp,PRODUCED_IN,,0.07,0.01,3.0,2.0
cultivar:jalapeno_m|capsicum_annuum,species:capsicum_annuum,OF_SPECIES,,,,,
cultivar:jalapeno_m|capsicum_annuum,region:mg,PRODUCED_IN,,1.31,0.65,2.0,1.0
cultivar:jalapeno_m|capsicum_annuum,region:rs,PRODUCED_IN,,0.7,0.48,2.0,2.0
cultivar:jalapeno_m|capsicum_annuum,region:se,PRODUCED_IN,,1.0,0.4,1.0,1.0
cultivar:maisa|capsicum_annuum,species:capsicum_annuum,OF_SPECIES,,,,,
cultivar:maisa|capsicum_annuum,region:sp,PRODUCED_IN,,0.16,0.05,4.0,2.0
cultivar:meire|capsicum_annuum,species:capsicum_annuum,OF_SPECIES,,,,,
cultivar:meire|capsicum_annuum,region:sp,PRODUCED_IN,,0.17,0.03,8.0,4.0
cultivar:mirvana|capsicum_annuum,species:capsicum_annuum,OF_SPECIES,,,,,
cultivar:mirvana|capsicum_annuum,region:sp,PRODUCED_IN,,0.04,0.01,3.0,2.0
cultivar:nalva|capsicum_annuum,species:capsicum_annuum,OF_SPECIES,,,,,
cultivar:nalva|capsicum_annuum,region:sp,PRODUCED_IN,,0.01,0.0,2.0,1.0
species:capsicum_chinense,crop:c_14727,IS_A,90.0,,,,
cultivar:aimora|capsicum_chinense,species:capsicum_chinense,OF_SPECIES,,,,,
cultivar:aimora|capsicum_chinense,region:mg,PRODUCED_IN,,2.5,0.74,5.0,2.0
cultivar:aimora|capsicum_chinense,region:rs,PRODUCED_IN,,0.05,0.01,1.0,1.0
cultivar:airetama|capsicum_chinense,species:capsicum_chinense,OF_SPECIES,,,,,
cultivar:airetama|capsicum_chinense,region:mg,PRODUCED_IN,,2.02,0.54,5.0,5.0
cultivar:arara|capsicum_chinense,species:capsicum_chinense,OF_SPECIES,,,,,
cultivar:arara|capsicum_chinense,region:mg,PRODUCED_IN,,12.62,2.16,13.0,4.0
cultivar:arara|capsicum_chinense,region:sp,PRODUCED_IN,,0.02,0.0,2.0,2.0
cultivar:arari|capsicum_chinense,species:capsicum_chinense,OF_SPECIES,,,,,
cultivar:arari|capsicum_chinense,region:mg,PRODUCED_IN,,1.3,0.35,5.0,3.0
cultivar:brs_araaari|capsicum_chinense,species:capsicum_chinense,OF_SPECIES,,,,,
cultivar:brs_araaari|capsicum_chinense,region:df,PRODUCED_IN,,0.01,0.0,1.0,1.0
cultivar:brs_araaari|capsicum_chinense,region:mg,PRODUCED_IN,,0.5,0.1,2.0,2.0
cultivar:brs_biguatinga|capsicum_chinense,species:capsicum_chinense,OF_SPECIES,,,,,
cultivar:brs_biguatinga|capsicum_chinense,region:df,PRODUCED_IN,,0.01,0.0,1.0,1.0
cultivar:brs_juruti|capsicum_chinense,species:capsicum_chinense,OF_SPECIES,,,,,
cultivar:brs_juruti|capsicum_chinense,region:df,PRODUCED_IN,,0.01,0.0,3.0,2.0
cultivar:brs_juruti|capsicum_chinense,region:mg,PRODUCED_IN,,1.73,50.3,5.0,4.0
cultivar:brs_moema|capsicum_chinense,species:capsicum_chinense,OF_SPECIES,,,,,
cultivar:brs_moema|capsicum_chinense,region:df,PRODUCED_IN,,0.0,0.0,1.0,1.0
cultivar:brs_nandaia|capsicum_chinense,species:capsicum_chinense,OF_SPECIES,,,,,
cultivar:brs_nandaia|capsicum_chinense,region:ba,PRODUCED_IN,,0.1,0.02,1.0,1.0
cultivar:brs_nandaia|capsicum_chinense,region:df,PRODUCED_IN,,0.01,0.0,3.0,2.0
cultivar:brs_nandaia|capsicum_chinense,region:mg,PRODUCED_IN,,1.93,50.31,7.0,5.0
cultivar:brs_seriema|capsicum_chinense,species:capsicum_chinense,OF_SPECIES,,,,,
cultivar:brs_seriema|capsicum_chinense,region:df,PRODUCED_IN,,0.0,0.0,1.0,1.0
cultivar:brs_tui|capsicum_chinense,species:capsicum_chinense,OF_SPECIES,,,,,
cultivar:brs_tui|capsicum_chinense,region:mg,PRODUCED_IN,,0.3,0.09,1.0,1.0
cultivar:bico|capsicum_chinense,species:capsicum_chinense,OF_SPECIES,,,,,
cultivar:bico|capsicum_chinense,region:mg,PRODUCED_IN,,4.46,2.06,8.0,6.0
cultivar:bico|capsicum_chinense,region:rs,PRODUCED_IN,,0.8,0.4,2.0,2.0
cultivar:biquinho|capsicum_chinense,species:capsicum_chinense,OF_SPECIES,,,,,
cultivar:biquinho|capsicum_chinense,region:go,PRODUCED_IN,,0.61,0.21,7.0,6.0
cultivar:biquinho|capsicum_chinense,region:mg,PRODUCED_IN,,3.36,1.97,11.0,6.0
cultivar:biquinho|capsicum_chinense,region:rs,PRODUCED_IN,,3.55,0.73,7.0,5.0
cultivar:boyra|capsicum_chinense,species:capsicum_chinense,OF_SPECIES,,,,,
cultivar:boyra|capsicum_chinense,region:mg,PRODUCED_IN,,0.65,0.14,4.0,3.0
cultivar:caribean_red_habanero|capsicum_chinense,species:capsicum_chinense,OF_SPECIES,,,,,
cultivar:caribean_red_habanero|capsicum_chinense,region:go,PRODUCED_IN,,1.25,0.93,5.0,5.0
cultivar:caribean_red_habanero|capsicum_chinense,region:mg,PRODUCED_IN,,36.01,20.94,33.0,12.0
cultivar:caribean_red_habanero|capsicum_chinense,region:rs,PRODUCED_IN,,4.7,1.98,8.0,4.0
cultivar:caribean_red_habanero|capsicum_chinense,region:se,PRODUCED_IN,,3.0,1.5,2.0,2.0
cultivar:caribean_yellow_habanero|capsicum_chinense,species:capsicum_chinense,OF_SPECIES,,,,,
cultivar:caribean_yellow_habanero|capsicum_chinense,region:ba,PRODUCED_IN,,0.2,0.3,1.0,1.0
cultivar:caribean_yellow_habanero|capsicum_chinense,region:go,PRODUCED_IN,,4.75,0.35,3.0,2.0
cultivar:caribean_yellow_habanero|capsicum_chinense,region:mg,PRODUCED_IN,,67.37,17.7,34.0,13.0
cultivar:caribean_yellow_habanero|capsicum_chinense,region:rs,PRODUCED_IN,,0.6,0.26,2.0,2.0
cultivar:cascavel|capsicum_chinense,species:capsicum_chinense,OF_SPECIES,,,,,
cultivar:cascavel|capsicum_chinense,region:mg,PRODUCED_IN,,7.15,1.25,9.0,7.0
cultivar:cowboy|capsicum_chinense,species:capsicum_chinense,OF_SPECIES,,,,,
cultivar:cowboy|capsicum_chinense,region:mg,PRODUCED_IN,,2.45,0.45,6.0,4.0
cultivar:cowboy|capsicum_chinense,region:sp,PRODUCED_IN,,0.01,0.0,2.0,2.0
cultivar:cumari_do_para|capsicum_chinense,species:capsicum_chinense,OF_SPECIES,,,,,
cultivar:cumari_do_para|capsicum_chinense,region:ba,PRODUCED_IN,,0.1,0.03,1.0,1.0
cultivar:cumari_do_para|capsicum_chinense,region:go,PRODUCED_IN,,0.06,0.02,2.0,2.0
cultivar:cumari_do_para|capsicum_chinense,region:mg,PRODUCED_IN,,2.84,0.9,13.0,10.0
cultivar:dandara|capsicum_chinense,species:capsicum_chinense,OF_SPECIES,,,,,
cultivar:dandara|capsicum_chinense,region:mg,PRODUCED_IN,,2.0,0.27,5.0,4.0
cultivar:dandara|capsicum_chinense,region:sp,PRODUCED_IN,,0.02,0.0,2.0,2.0
cultivar:delta_king|capsicum_chinense,species:capsicum_chinense,OF_SPECIES,,,,,
cultivar:delta_king|capsicum_chinense,region:mg,PRODUCED_IN,,2.51,1.35,3.0,2.0
cultivar:delta_king|capsicum_chinense,region:sp,PRODUCED_IN,,0.0,0.0,1.0,1.0
cultivar:habanero_amarelo_caribenho|capsicum_chinense,species:capsicum_chinense,OF_SPECIES,,,,,
cultivar:habanero_amarelo_caribenho|capsicum_chinense,region:ba,PRODUCED_IN,,0.3,0.2,1.0,1.0
cultivar:iracema|capsicum_chinense,species:capsicum_chinense,OF_SPECIES,,,,,
cultivar:iracema|capsicum_chinense,region:mg,PRODUCED_IN,,2.1,0.53,6.0,4.0
cultivar:iracema|capsicum_chinense,region:rs,PRODUCED_IN,,0.75,0.07,7.0,4.0
cultivar:itagiba|capsicum_chinense,species:capsicum_chinense,OF_SPECIES,,,,,
cultivar:itagiba|capsicum_chinense,region:mg,PRODUCED_IN,,0.26,0.05,2.0,1.0
cultivar:itagiba|capsicum_chinense,region:rs,PRODUCED_IN,,0.14,0.02,2.0,2.0
cultivar:jamaican_yellow|capsicum_chinense,species:capsicum_chinense,OF_SPECIES,,,,,
cultivar:jamaican_yellow|capsicum_chinense,region:rs,PRODUCED_IN,,2.3,1.05,5.0,4.0
cultivar:lupita|capsicum_chinense,species:capsicum_chinense,OF_SPECIES,,,,,
cultivar:lupita|capsicum_chinense,region:mg,PRODUCED_IN,,16.94,4.21,16.0,11.0
cultivar:lupita|capsicum_chinense,region:rs,PRODUCED_IN,,0.0,0.0,1.0,1.0
cultivar:lupita|capsicum_chinense,region:sp,PRODUCED_IN,,0.01,0.0,1.0,1.0
cultivar:miguelita|capsicum_chinense,species:capsicum_chinense,OF_SPECIES,,,,,
cultivar:miguelita|capsicum_chinense,region:mg,PRODUCED_IN,,6.2,1.5,4.0,3.0
cultivar:maria_bonita|capsicum_chinense,species:capsicum_chinense,OF_SPECIES,,,,,
cultivar:maria_bonita|capsicum_chinense,region:sp,PRODUCED_IN,,0.05,0.02,2.0,1.0
cultivar:moruga_red|capsicum_chinense,species:capsicum_chinense,OF_SPECIES,,,,,
cultivar:moruga_red|capsicum_chinense,region:mg,PRODUCED_IN,,8.66,1.84,9.0,6.0
cultivar:moruga_red|capsicum_chinense,region:sp,PRODUCED_IN,,0.01,0.0,1.0,1.0
cultivar:murupi|capsicum_chinense,species:capsicum_chinense,OF_SPECIES,,,,,
cultivar:murupi|capsicum_chinense,region:go,PRODUCED_IN,,0.79,0.12,6.0,4.0
cultivar:murupi|capsicum_chinense,region:mg,PRODUCED_IN,,0.5,0.17,1.0,1.0
cultivar:murupi|capsicum_chinense,region:rs,PRODUCED_IN,,0.45,0.26,2.0,2.0
cultivar:murupi|capsicum_chinense,region:se,PRODUCED_IN,,0.6,0.5,1.0,1.0
cultivar:nuclear|capsicum_chinense,species:capsicum_chinense,OF_SPECIES,,,,,
cultivar:nuclear|capsicum_chinense,region:mg,PRODUCED_IN,,1.97,0.68,7.0,4.0
cultivar:nuclear|capsicum_chinense,region:sp,PRODUCED_IN,,0.01,0.0,1.0,1.0
cultivar:ouro|capsicum_chinense,species:capsicum_chinense,OF_SPECIES,,,,,
cultivar:ouro|capsicum_chinense,region:mg,PRODUCED_IN,,0.5,0.12,1.0,1.0
cultivar:ouro|capsicum_chinense,region:rs,PRODUCED_IN,,0.0,0.0,1.0,1.0
cultivar:ouro|capsicum_chinense,region:sp,PRODUCED_IN,,0.01,0.0,1.0,1.0
cultivar:pc_120|capsicum_chinense,species:capsicum_chinense,OF_SPECIES,,,,,
cultivar:pc_120|capsicum_chinense,region:mg,PRODUCED_IN,,0.15,0.04,1.0,1.0
cultivar:pc_400|capsicum_chinense,species:capsicum_chinense,OF_SPECIES,,,,,
cultivar:pc_400|capsicum_chinense,region:mg,PRODUCED_IN,,0.96,0.17,4.0,2.0
cultivar:pi_145|capsicum_chinense,species:capsicum_chinense,OF_SPECIES,,,,,
cultivar:pi_145|capsicum_chinense,region:go,PRODUCED_IN,,0.3,0.12,1.0,1.0
cultivar:pi_145|capsicum_chinense,region:mg,PRODUCED_IN,,0.66,0.16,3.0,2.0
cultivar:pi_200|capsicum_chinense,species:capsicum_chinense,OF_SPECIES,,,,,
cultivar:pi_200|capsicum_chinense,region:mg,PRODUCED_IN,,6.05,0.95,6.0,4.0
cultivar:pi_380|capsicum_chinense,species:capsicum_chinense,OF_SPECIES,,,,,
cultivar:pi_380|capsicum_chinense,region:mg,PRODUCED_IN,,0.2,0.04,1.0,1.0
cultivar:pi_670|capsicum_chinense,species:capsicum_chinense,OF_SPECIES,,,,,
cultivar:pi_670|capsicum_chinense,region:mg,PRODUCED_IN,,0.15,0.04,1.0,1.0
cultivar:pi_780|capsicum_chinense,species:capsicum_chinense,OF_SPECIES,,,,,
cultivar:pi_780|capsicum_chinense,region:mg,PRODUCED_IN,,2.6,0.83,4.0,3.0
cultivar:pi_780|capsicum_chinense,region:se,PRODUCED_IN,,0.4,0.17,1.0,1.0
cultivar:pi_782|capsicum_chinense,species:capsicum_chinense,OF_SPECIES,,,,,
cultivar:pi_782|capsicum_chinense,region:mg,PRODUCED_IN,,0.15,0.06,1.0,1.0
cultivar:piaozinho|capsicum_chinense,species:capsicum_chinense,OF_SPECIES,,,,,
cultivar:piaozinho|capsicum_chinense,region:go,PRODUCED_IN,,0.22,0.07,2.0,2.0
cultivar:rayana|capsicum_chinense,species:capsicum_chinense,OF_SPECIES,,,,,
cultivar:rayana|capsicum_chinense,region:sp,PRODUCED_IN,,0.01,0.0,2.0,2.0
cultivar:salar|capsicum_chinense,species:capsicum_chinense,OF_SPECIES,,,,,
cultivar:salar|capsicum_chinense,region:rs,PRODUCED_IN,,0.0,0.0,1.0,1.0
cultivar:sasha|capsicum_chinense,species:capsicum_chinense,OF_SPECIES,,,,,
cultivar:sasha|capsicum_chinense,region:mg,PRODUCED_IN,,0.75,0.17,3.0,2.0
cultivar:sasha|capsicum_chinense,region:sp,PRODUCED_IN,,0.02,0.0,2.0,2.0
cultivar:scotch_bonnet_jamaica|capsicum_chinense,species:capsicum_chinense,OF_SPECIES,,,,,
cultivar:scotch_bonnet_jamaica|capsicum_chinense,region:mg,PRODUCED_IN,,0.1,0.01,1.0,1.0
cultivar:tpc_20306|capsicum_chinense,species:capsicum_chinense,OF_SPECIES,,,,,
cultivar:tpc_20306|capsicum_chinense,region:mg,PRODUCED_IN,,1.08,0.32,3.0,2.0
cultivar:tpr_22799|capsicum_chinense,species:capsicum_chinense,OF_SPECIES,,,,,
cultivar:tpr_22799|capsicum_chinense,region:go,PRODUCED_IN,,0.05,0.01,1.0,1.0
cultivar:tpr_22800|capsicum_chinense,species:capsicum_chinense,OF_SPECIES,,,,,
cultivar:tpr_22800|capsicum_chinense,region:go,PRODUCED_IN,,0.05,0.01,1.0,1.0
cultivar:tpr_22801|capsicum_chinense,species:capsicum_chinense,OF_SPECIES,,,,,
cultivar:tpr_22801|capsicum_chinense,region:go,PRODUCED_IN,,0.05,0.01,1.0,1.0
cultivar:tpr_22802|capsicum_chinense,species:capsicum_chinense,OF_SPECIES,,,,,
cultivar:tpr_22802|capsicum_chinense,region:go,PRODUCED_IN,,0.05,0.01,1.0,1.0
cultivar:tsa|capsicum_chinense,species:capsicum_chinense,OF_SPECIES,,,,,
cultivar:tsa|capsicum_chinense,region:ba,PRODUCED_IN,,0.2,0.05,1.0,1.0
cultivar:tsa|capsicum_chinense,region:go,PRODUCED_IN,,0.43,0.17,3.0,3.0
cultivar:tsa|capsicum_chinense,region:mg,PRODUCED_IN,,0.71,0.32,7.0,5.0
cultivar:tsa|capsicum_chinense,region:rs,PRODUCED_IN,,0.2,0.1,1.0,1.0
cultivar:tsba|capsicum_chinense,species:capsicum_chinense,OF_SPECIES,,,,,
cultivar:tsba|capsicum_chinense,region:go,PRODUCED_IN,,0.01,0.2,1.0,1.0
cultivar:tsbj|capsicum_chinense,species:capsicum_chinense,OF_SPECIES,,,,,
cultivar:tsbj|capsicum_chinense,region:go,PRODUCED_IN,,0.31,0.25,2.0,1.0
cultivar:tshc|capsicum_chinense,species:capsicum_chinense,OF_SPECIES,,,,,
cultivar:tshc|capsicum_chinense,region:ba,PRODUCED_IN,,0.1,0.02,1.0,1.0
cultivar:tshc|capsicum_chinense,region:go,PRODUCED_IN,,0.29,0.4,6.0,5.0
cultivar:tshc|capsicum_chinense,region:mg,PRODUCED_IN,,6.0,1.5,2.0,2.0
cultivar:tshc|capsicum_chinense,region:rs,PRODUCED_IN,,0.05,0.01,1.0,1.0
cultivar:tshc|capsicum_chinense,region:se,PRODUCED_IN,,0.75,0.3,1.0,1.0
cultivar:tsho|capsicum_chinense,species:capsicum_chinense,OF_SPECIES,,,,,
cultivar:tsho|capsicum_chinense,region:ba,PRODUCED_IN,,1.01,0.25,2.0,1.0
cultivar:tsho|capsicum_chinense,region:mg,PRODUCED_IN,,12.3,2.81,7.0,2.0
cultivar:tsho|capsicum_chinense,region:rs,PRODUCED_IN,,1.0,0.45,2.0,1.0
cultivar:tsho|capsicum_chinense,region:se,PRODUCED_IN,,2.7,1.1,4.0,2.0
cultivar:tshrg|capsicum_chinense,species:capsicum_chinense,OF_SPECIES,,,,,
cultivar:tshrg|capsicum_chinense,region:go,PRODUCED_IN,,0.13,0.03,3.0,2.0
cultivar:tshw|capsicum_chinense,species:capsicum_chinense,OF_SPECIES,,,,,
cultivar:tshw|capsicum_chinense,region:go,PRODUCED_IN,,0.01,0.2,1.0,1.0
cultivar:tsjr|capsicum_chinense,species:capsicum_chinense,OF_SPECIES,,,,,
cultivar:tsjr|capsicum_chinense,region:mg,PRODUCED_IN,,1.1,0.43,2.0,1.0
cultivar:tsp|capsicum_chinense,species:capsicum_chinense,OF_SPECIES,,,,,
cultivar:tsp|capsicum_chinense,region:ba,PRODUCED_IN,,0.1,0.03,1.0,1.0
cultivar:tsp|capsicum_chinense,region:go,PRODUCED_IN,,0.19,0.09,3.0,3.0
cultivar:tsp|capsicum_chinense,region:mg,PRODUCED_IN,,0.26,0.08,3.0,2.0
cultivar:tsv|capsicum_chinense,species:capsicum_chinense,OF_SPECIES,,,,,
cultivar:tsv|capsicum_chinense,region:ba,PRODUCED_IN,,0.2,0.05,1.0,1.0
cultivar:tsv|capsicum_chinense,region:go,PRODUCED_IN,,0.4,0.16,4.0,4.0
cultivar:tsv|capsicum_chinense,region:mg,PRODUCED_IN,,0.15,0.06,2.0,1.0
cultivar:tsv|capsicum_chinense,region:rs,PRODUCED_IN,,0.6,0.4,3.0,2.0
cultivar:tekila|capsicum_chinense,species:capsicum_chinense,OF_SPECIES,,,,,
cultivar:tekila|capsicum_chinense,region:rs,PRODUCED_IN,,0.0,0.0,1.0,1.0
cultivar:tiana|capsicum_chinense,species:capsicum_chinense,OF_SPECIES,,,,,
cultivar:tiana|capsicum_chinense,region:mg,PRODUCED_IN,,0.75,0.15,3.0,2.0
cultivar:tiana|capsicum_chinense,region:sp,PRODUCED_IN,,0.02,0.0,3.0,3.0
cultivar:tupa|capsicum_chinense,species:capsicum_chinense,OF_SPECIES,,,,,
cultivar:tupa|capsicum_chinense,region:mg,PRODUCED_IN,,0.27,0.08,2.0,2.0
cultivar:urutu|capsicum_chinense,species:capsicum_chinense,OF_SPECIES,,,,,
cultivar:urutu|capsicum_chinense,region:mg,PRODUCED_IN,,0.95,0.15,3.0,2.0
cultivar:urutu|capsicum_chinense,region:sp,PRODUCED_IN,,0.03,0.0,3.0,3.0
cultivar:valesca|capsicum_chinense,species:capsicum_chinense,OF_SPECIES,,,,,
cultivar:valesca|capsicum_chinense,region:mg,PRODUCED_IN,,7.85,2.32,6.0,4.0
cultivar:vergara|capsicum_chinense,species:capsicum_chinense,OF_SPECIES,,,,,
cultivar:vergara|capsicum_chinense,region:mg,PRODUCED_IN,,0.5,0.1,2.0,2.0
cultivar:vergara|capsicum_chinense,region:sp,PRODUCED_IN,,0.03,0.0,2.0,2.0
species:capsicum_frutescens,crop:c_14727,IS_A,90.0,,,,
cultivar:avr|capsicum_frutescens,species:capsicum_frutescens,OF_SPECIES,,,,,
cultivar:avr|capsicum_frutescens,region:mg,PRODUCED_IN,,1.2,0.3,1.0,1.0
cultivar:acemira|capsicum_frutescens,species:capsicum_frutescens,OF_SPECIES,,,,,
cultivar:acemira|capsicum_frutescens,region:mg,PRODUCED_IN,,6.49,1.51,7.0,4.0
cultivar:aruana|capsicum_frutescens,species:capsicum_frutescens,OF_SPECIES,,,,,
cultivar:aruana|capsicum_frutescens,region:mg,PRODUCED_IN,,0.1,0.04,1.0,1.0
cultivar:bico|capsicum_frutescens,species:capsicum_frutescens,OF_SPECIES,,,,,
cultivar:bico|capsicum_frutescens,region:mg,PRODUCED_IN,,1.01,0.3,2.0,1.0
cultivar:bico|capsicum_frutescens,region:rs,PRODUCED_IN,,0.0,0.0,1.0,1.0
cultivar:cayenne_long_slin|capsicum_frutescens,species:capsicum_frutescens,OF_SPECIES,,,,,
cultivar:cayenne_long_slin|capsicum_frutescens,region:sp,PRODUCED_IN,,0.01,0.0,1.0,1.0
cultivar:chapeu_de_bispo_cambuci|capsicum_frutescens,species:capsicum_frutescens,OF_SPECIES,,,,,
cultivar:chapeu_de_bispo_cambuci|capsicum_frutescens,region:mg,PRODUCED_IN,,3.38,1.2,6.0,4.0
cultivar:chapeu_de_bispo_cambuci|capsicum_frutescens,region:rs,PRODUCED_IN,,1.0,0.1,1.0,1.0
cultivar:chapau_de_bispo|capsicum_frutescens,species:capsicum_frutescens,OF_SPECIES,,,,,
cultivar:chapau_de_bispo|capsicum_frutescens,region:mg,PRODUCED_IN,,0.6,0.33,2.0,2.0
cultivar:chapau_de_bispo|capsicum_frutescens,region:rs,PRODUCED_IN,,3.72,1.1,10.0,6.0
cultivar:de_cayenne|capsicum_frutescens,species:capsicum_frutescens,OF_SPECIES,,,,,
cultivar:de_cayenne|capsicum_frutescens,region:mg,PRODUCED_IN,,1.25,0.35,2.0,2.0
cultivar:de_cheiro|capsicum_frutescens,species:capsicum_frutescens,OF_SPECIES,,,,,
cultivar:de_cheiro|capsicum_frutescens,region:ba,PRODUCED_IN,,5.75,1.37,9.0,7.0
cultivar:de_cheiro|capsicum_frutescens,region:go,PRODUCED_IN,,2.43,0.47,8.0,4.0
cultivar:de_cheiro|capsicum_frutescens,region:mg,PRODUCED_IN,,7.8,1.38,13.0,7.0
cultivar:de_cheiro|capsicum_frutescens,region:pe,PRODUCED_IN,,1.1,0.32,3.0,3.0
cultivar:de_cheiro|capsicum_frutescens,region:rs,PRODUCED_IN,,2.71,0.67,5.0,4.0
cultivar:dedo_de_moaa|capsicum_frutescens,species:capsicum_frutescens,OF_SPECIES,,,,,
cultivar:dedo_de_moaa|capsicum_frutescens,region:go,PRODUCED_IN,,0.42,0.34,2.0,2.0
cultivar:dedo_de_moaa|capsicum_frutescens,region:mg,PRODUCED_IN,,4.21,2.16,11.0,9.0
cultivar:dedo_de_moaa|capsicum_frutescens,region:rs,PRODUCED_IN,,5.21,1.65,9.0,6.0
cultivar:espaguetinho|capsicum_frutescens,species:capsicum_frutescens,OF_SPECIES,,,,,
cultivar:espaguetinho|capsicum_frutescens,region:rs,PRODUCED_IN,,0.03,0.01,1.0,1.0
cultivar:guadalajara|capsicum_frutescens,species:capsicum_frutescens,OF_SPECIES,,,,,
cultivar:guadalajara|capsicum_frutescens,region:mg,PRODUCED_IN,,0.5,0.1,1.0,1.0
cultivar:guadalajara|capsicum_frutescens,region:sp,PRODUCED_IN,,0.01,0.0,1.0,1.0
cultivar:is_964|capsicum_frutescens,species:capsicum_frutescens,OF_SPECIES,,,,,
cultivar:is_964|capsicum_frutescens,region:mg,PRODUCED_IN,,0.1,0.01,1.0,1.0
cultivar:iberaba|capsicum_frutescens,species:capsicum_frutescens,OF_SPECIES,,,,,
cultivar:iberaba|capsicum_frutescens,region:ba,PRODUCED_IN,,0.17,0.05,2.0,1.0
cultivar:iberaba|capsicum_frutescens,region:mg,PRODUCED_IN,,2.65,0.79,7.0,6.0
cultivar:jalapeao|capsicum_frutescens,species:capsicum_frutescens,OF_SPECIES,,,,,
cultivar:jalapeao|capsicum_frutescens,region:go,PRODUCED_IN,,0.08,0.06,1.0,1.0
cultivar:jalapeao|capsicum_frutescens,region:mg,PRODUCED_IN,,3.2,1.6,4.0,2.0
cultivar:juraci|capsicum_frutescens,species:capsicum_frutescens,OF_SPECIES,,,,,
cultivar:juraci|capsicum_frutescens,region:sp,PRODUCED_IN,,0.02,0.0,1.0,1.0
cultivar:luna|capsicum_frutescens,species:capsicum_frutescens,OF_SPECIES,,,,,
cultivar:luna|capsicum_frutescens,region:mg,PRODUCED_IN,,0.5,0.1,2.0,1.0
cultivar:luna|capsicum_frutescens,region:rs,PRODUCED_IN,,0.0,0.0,1.0,1.0
cultivar:luna|capsicum_frutescens,region:sp,PRODUCED_IN,,0.01,0.0,1.0,1.0
cultivar:malagueta|capsicum_frutescens,species:capsicum_frutescens,OF_SPECIES,,,,,
cultivar:malagueta|capsicum_frutescens,region:ba,PRODUCED_IN,,0.17,0.04,1.0,1.0
cultivar:malagueta|capsicum_frutescens,region:mg,PRODUCED_IN,,15.47,7.59,30.0,10.0
cultivar:malagueta|capsicum_frutescens,region:rs,PRODUCED_IN,,0.2,0.01,3.0,3.0
cultivar:malagueta|capsicum_frutescens,region:sp,PRODUCED_IN,,0.05,0.01,3.0,3.0
cultivar:malaguetinha|capsicum_frutescens,species:capsicum_frutescens,OF_SPECIES,,,,,
cultivar:malaguetinha|capsicum_frutescens,region:mg,PRODUCED_IN,,3.6,1.29,6.0,5.0
cultivar:malaguetinha|capsicum_frutescens,region:rs,PRODUCED_IN,,0.0,0.0,1.0,1.0
cultivar:picante_para_vaso|capsicum_frutescens,species:capsicum_frutescens,OF_SPECIES,,,,,
cultivar:picante_para_vaso|capsicum_frutescens,region:ba,PRODUCED_IN,,0.1,0.02,1.0,1.0
cultivar:rba|capsicum_frutescens,species:capsicum_frutescens,OF_SPECIES,,,,,
cultivar:rba|capsicum_frutescens,region:mg,PRODUCED_IN,,1.2,0.3,2.0,1.0
cultivar:red_ksf|capsicum_frutescens,species:capsicum_frutescens,OF_SPECIES,,,,,
cultivar:red_ksf|capsicum_frutescens,region:mg,PRODUCED_IN,,2.5,0.75,1.0,1.0
cultivar:red_ats_gs|capsicum_frutescens,species:capsicum_frutescens,OF_SPECIES,,,,,
cultivar:red_ats_gs|capsicum_frutescens,region:mg,PRODUCED_IN,,10.7,2.9,8.0,3.0
cultivar:tpr_22803|capsicum_frutescens,species:capsicum_frutescens,OF_SPECIES,,,,,
cultivar:tpr_22803|capsicum_frutescens,region:go,PRODUCED_IN,,0.05,0.01,1.0,1.0
cultivar:tabasco|capsicum_frutescens,species:capsicum_frutescens,OF_SPECIES,,,,,
cultivar:tabasco|capsicum_frutescens,region:go,PRODUCED_IN,,0.47,0.39,5.0,4.0
cultivar:vulcao|capsicum_frutescens,species:capsicum_frutescens,OF_SPECIES,,,,,
cultivar:vulcao|capsicum_frutescens,region:mg,PRODUCED_IN,,1.2,0.42,4.0,3.0
cultivar:vulcao|capsicum_frutescens,region:rs,PRODUCED_IN,,0.0,0.0,1.0,1.0
cultivar:yellow_gs|capsicum_frutescens,species:capsicum_frutescens,OF_SPECIES,,,,,
cultivar:yellow_gs|capsicum_frutescens,region:mg,PRODUCED_IN,,18.5,4.25,11.0,4.0
cultivar:af1003|citrullus_lanatus,species:citrullus_lanatus,OF_SPECIES,,,,,
cultivar:af1003|citrullus_lanatus,region:pi,PRODUCED_IN,,3.43,0.48,4.0,2.0
cultivar:af383|citrullus_lanatus,species:citrullus_lanatus,OF_SPECIES,,,,,
cultivar:af383|citrullus_lanatus,region:pi,PRODUCED_IN,,0.15,0.01,1.0,1.0
cultivar:af498|citrullus_lanatus,species:citrullus_lanatus,OF_SPECIES,,,,,
cultivar:af498|citrullus_lanatus,region:pi,PRODUCED_IN,,3.75,0.16,6.0,4.0
cultivar:af501|citrullus_lanatus,species:citrullus_lanatus,OF_SPECIES,,,,,
cultivar:af501|citrullus_lanatus,region:ma,PRODUCED_IN,,1.25,0.04,2.0,2.0
cultivar:af501|citrullus_lanatus,region:pi,PRODUCED_IN,,124.17,6.44,104.0,5.0
cultivar:af502|citrullus_lanatus,species:citrullus_lanatus,OF_SPECIES,,,,,
cultivar:af502|citrullus_lanatus,region:pi,PRODUCED_IN,,4.0,0.1,3.0,1.0
cultivar:af503|citrullus_lanatus,species:citrullus_lanatus,OF_SPECIES,,,,,
cultivar:af503|citrullus_lanatus,region:pi,PRODUCED_IN,,0.01,0.0,1.0,1.0
cultivar:af506|citrullus_lanatus,species:citrullus_lanatus,OF_SPECIES,,,,,
cultivar:af506|citrullus_lanatus,region:pi,PRODUCED_IN,,68.34,3.48,87.0,5.0
cultivar:af570|citrullus_lanatus,species:citrullus_lanatus,OF_SPECIES,,,,,
cultivar:af570|citrullus_lanatus,region:pi,PRODUCED_IN,,0.1,0.01,1.0,1.0
cultivar:af583|citrullus_lanatus,species:citrullus_lanatus,OF_SPECIES,,,,,
cultivar:af583|citrullus_lanatus,region:pi,PRODUCED_IN,,0.1,0.01,1.0,1.0
cultivar:cs_024|citrullus_lanatus,species:citrullus_lanatus,OF_SPECIES,,,,,
cultivar:cs_024|citrullus_lanatus,region:rs,PRODUCED_IN,,0.1,0.05,1.0,1.0
cultivar:capitol|citrullus_lanatus,species:citrullus_lanatus,OF_SPECIES,,,,,
cultivar:capitol|citrullus_lanatus,region:pi,PRODUCED_IN,,0.75,0.06,1.0,1.0
cultivar:charleston_gray|citrullus_lanatus,species:citrullus_lanatus,OF_SPECIES,,,,,
cultivar:charleston_gray|citrullus_lanatus,region:mg,PRODUCED_IN,,100.75,20.91,42.0,11.0
cultivar:charleston_gray|citrullus_lanatus,region:rs,PRODUCED_IN,,70.45,14.96,141.0,12.0
cultivar:charleston_gray|citrullus_lanatus,region:sp,PRODUCED_IN,,0.1,0.03,1.0,1.0
cultivar:congo|citrullus_lanatus,species:citrullus_lanatus,OF_SPECIES,,,,,
cultivar:congo|citrullus_lanatus,region:mg,PRODUCED_IN,,46.91,10.31,21.0,11.0
cultivar:congo|citrullus_lanatus,region:rs,PRODUCED_IN,,13.52,2.46,6.0,6.0
cultivar:congo|citrullus_lanatus,region:sp,PRODUCED_IN,,0.1,0.03,1.0,1.0
cultivar:crimson_select_plus|citrullus_lanatus,species:citrullus_lanatus,OF_SPECIES,,,,,
cultivar:crimson_select_plus|citrullus_lanatus,region:ba,PRODUCED_IN,,50.0,5.5,2.0,2.0
cultivar:crimson_select_plus|citrullus_lanatus,region:mg,PRODUCED_IN,,550.0,69.9,73.0,13.0
cultivar:crimson_select_plus|citrullus_lanatus,region:rs,PRODUCED_IN,,99.0,11.45,9.0,4.0
cultivar:crimson_select_plus|citrullus_lanatus,region:sp,PRODUCED_IN,,0.11,0.04,4.0,4.0
cultivar:crimson_sweet|citrullus_lanatus,species:citrullus_lanatus,OF_SPECIES,,,,,
cultivar:crimson_sweet|citrullus_lanatus,region:ba,PRODUCED_IN,,44.3,6.36,4.0,3.0
cultivar:crimson_sweet|citrullus_lanatus,region:go,PRODUCED_IN,,5.0,1.5,1.0,1.0
cultivar:crimson_sweet|citrullus_lanatus,region:mg,PRODUCED_IN,,902.0,113.28,125.0,15.0
cultivar:crimson_sweet|citrullus_lanatus,region:pe,PRODUCED_IN,,9.0,1.8,4.0,2.0
cultivar:crimson_sweet|citrullus_lanatus,region:rs,PRODUCED_IN,,1007.15,382.45,293.0,18.0
cultivar:crimson_sweet|citrullus_lanatus,region:sp,PRODUCED_IN,,0.93,0.45,5.0,4.0
cultivar:crinsom_sweet_ptu|citrullus_lanatus,species:citrullus_lanatus,OF_SPECIES,,,,,
cultivar:crinsom_sweet_ptu|citrullus_lanatus,region:mg,PRODUCED_IN,,26.2,4.06,7.0,3.0
cultivar:crinsom_sweet_ptu|citrullus_lanatus,region:rs,PRODUCED_IN,,6.0,2.24,2.0,2.0
cultivar:crinsom_sweet_ptu|citrullus_lanatus,region:sp,PRODUCED_IN,,0.25,0.06,1.0,1.0
cultivar:delicia|citrullus_lanatus,species:citrullus_lanatus,OF_SPECIES,,,,,
cultivar:delicia|citrullus_lanatus,region:mt,PRODUCED_IN,,0.65,0.2,1.0,1.0
cultivar:delicia|citrullus_lanatus,region:pi,PRODUCED_IN,,0.9,0.07,4.0,4.0
cultivar:elisa|citrullus_lanatus,species:citrullus_lanatus,OF_SPECIES,,,,,
cultivar:elisa|citrullus_lanatus,region:rs,PRODUCED_IN,,1.05,0.3,2.0,1.0
cultivar:estona|citrullus_lanatus,species:citrullus_lanatus,OF_SPECIES,,,,,
cultivar:estona|citrullus_lanatus,region:pi,PRODUCED_IN,,10.68,0.25,18.0,6.0
cultivar:estona|citrullus_lanatus,region:sp,PRODUCED_IN,,0.01,0.0,1.0,1.0
cultivar:fairfax|citrullus_lanatus,species:citrullus_lanatus,OF_SPECIES,,,,,
cultivar:fairfax|citrullus_lanatus,region:mg,PRODUCED_IN,,72.9,16.0,24.0,8.0
cultivar:fairfax|citrullus_lanatus,region:rs,PRODUCED_IN,,31.42,6.88,32.0,9.0
cultivar:galapagos|citrullus_lanatus,species:citrullus_lanatus,OF_SPECIES,,,,,
cultivar:galapagos|citrullus_lanatus,region:ma,PRODUCED_IN,,1.0,0.12,2.0,1.0
cultivar:galapagos|citrullus_lanatus,region:pi,PRODUCED_IN,,39.45,5.1,47.0,7.0
cultivar:galapagos|citrullus_lanatus,region:sp,PRODUCED_IN,,0.28,0.05,5.0,3.0
cultivar:granada|citrullus_lanatus,species:citrullus_lanatus,OF_SPECIES,,,,,
cultivar:granada|citrullus_lanatus,region:rs,PRODUCED_IN,,1.0,0.21,2.0,1.0
cultivar:jubilee|citrullus_lanatus,species:citrullus_lanatus,OF_SPECIES,,,,,
cultivar:jubilee|citrullus_lanatus,region:go,PRODUCED_IN,,0.27,0.05,1.0,1.0
cultivar:jubilee|citrullus_lanatus,region:mg,PRODUCED_IN,,77.0,17.5,29.0,9.0
cultivar:jubilee|citrullus_lanatus,region:rs,PRODUCED_IN,,3.2,1.6,2.0,2.0
cultivar:jubilee|citrullus_lanatus,region:sp,PRODUCED_IN,,0.1,0.03,1.0,1.0
cultivar:jubilee|citrullus_lanatus,region:to,PRODUCED_IN,,13.0,3.2,1.0,1.0
cultivar:laranja_tendersweet|citrullus_lanatus,species:citrullus_lanatus,OF_SPECIES,,,,,
cultivar:laranja_tendersweet|citrullus_lanatus,region:go,PRODUCED_IN,,0.15,0.03,2.0,2.0
cultivar:leona|citrullus_lanatus,species:citrullus_lanatus,OF_SPECIES,,,,,
cultivar:leona|citrullus_lanatus,region:pi,PRODUCED_IN,,6.75,1.69,10.0,5.0
cultivar:luar|citrullus_lanatus,species:citrullus_lanatus,OF_SPECIES,,,,,
cultivar:luar|citrullus_lanatus,region:pi,PRODUCED_IN,,4.5,0.6,5.0,3.0
cultivar:monteza|citrullus_lanatus,species:citrullus_lanatus,OF_SPECIES,,,,,
cultivar:monteza|citrullus_lanatus,region:sp,PRODUCED_IN,,0.2,0.04,1.0,1.0
cultivar:n_161|citrullus_lanatus,species:citrullus_lanatus,OF_SPECIES,,,,,
cultivar:n_161|citrullus_lanatus,region:pi,PRODUCED_IN,,0.95,0.15,2.0,2.0
cultivar:olampia|citrullus_lanatus,species:citrullus_lanatus,OF_SPECIES,,,,,
cultivar:olampia|citrullus_lanatus,region:ce,PRODUCED_IN,,2.0,0.6,4.0,1.0
cultivar:olampia|citrullus_lanatus,region:ma,PRODUCED_IN,,6.0,1.62,7.0,3.0
cultivar:olampia|citrullus_lanatus,region:mt,PRODUCED_IN,,3.63,1.0,5.0,1.0
cultivar:olampia|citrullus_lanatus,region:pi,PRODUCED_IN,,64.0,17.32,72.0,12.0
cultivar:omaru_yamato|citrullus_lanatus,species:citrullus_lanatus,OF_SPECIES,,,,,
cultivar:omaru_yamato|citrullus_lanatus,region:mg,PRODUCED_IN,,6.65,0.88,3.0,2.0
cultivar:omaru_yamato|citrullus_lanatus,region:rs,PRODUCED_IN,,18.07,1.46,10.0,3.0
cultivar:poleset|citrullus_lanatus,species:citrullus_lanatus,OF_SPECIES,,,,,
cultivar:poleset|citrullus_lanatus,region:pi,PRODUCED_IN,,2.34,0.32,4.0,4.0
cultivar:paladin|citrullus_lanatus,species:citrullus_lanatus,OF_SPECIES,,,,,
cultivar:paladin|citrullus_lanatus,region:pi,PRODUCED_IN,,1.0,0.13,1.0,1.0
cultivar:parola|citrullus_lanatus,species:citrullus_lanatus,OF_SPECIES,,,,,
cultivar:parola|citrullus_lanatus,region:rs,PRODUCED_IN,,24.0,3.7,3.0,2.0
cultivar:rochedo|citrullus_lanatus,species:citrullus_lanatus,OF_SPECIES,,,,,
cultivar:rochedo|citrullus_lanatus,region:go,PRODUCED_IN,,0.4,0.5,1.0,1.0
cultivar:scv_1111|citrullus_lanatus,species:citrullus_lanatus,OF_SPECIES,,,,,
cultivar:scv_1111|citrullus_lanatus,region:mg,PRODUCED_IN,,0.35,0.1,1.0,1.0
cultivar:scv_1416|citrullus_lanatus,species:citrullus_lanatus,OF_SPECIES,,,,,
cultivar:scv_1416|citrullus_lanatus,region:mg,PRODUCED_IN,,0.25,0.1,1.0,1.0
cultivar:santa_helena|citrullus_lanatus,species:citrullus_lanatus,OF_SPECIES,,,,,
cultivar:santa_helena|citrullus_lanatus,region:go,PRODUCED_IN,,0.4,0.5,1.0,1.0
cultivar:star_red|citrullus_lanatus,species:citrullus_lanatus,OF_SPECIES,,,,,
cultivar:star_red|citrullus_lanatus,region:sp,PRODUCED_IN,,0.2,0.03,1.0,1.0
cultivar:vwm_533|citrullus_lanatus,species:citrullus_lanatus,OF_SPECIES,,,,,
cultivar:vwm_533|citrullus_lanatus,region:pi,PRODUCED_IN,,7.0,1.4,6.0,1.0
cultivar:vwm_556|citrullus_lanatus,species:citrullus_lanatus,OF_SPECIES,,,,,
cultivar:vwm_556|citrullus_lanatus,region:pi,PRODUCED_IN,,1.0,0.04,1.0,1.0
cultivar:vwm_566|citrullus_lanatus,species:citrullus_lanatus,OF_SPECIES,,,,,
cultivar:vwm_566|citrullus_lanatus,region:pi,PRODUCED_IN,,5.5,0.82,4.0,1.0
cultivar:vwm_581|citrullus_lanatus,species:citrullus_lanatus,OF_SPECIES,,,,,
cultivar:vwm_581|citrullus_lanatus,region:mt,PRODUCED_IN,,0.25,0.06,1.0,1.0
cultivar:vwm_585|citrullus_lanatus,species:citrullus_lanatus,OF_SPECIES,,,,,
cultivar:vwm_585|citrullus_lanatus,region:pi,PRODUCED_IN,,5.9,0.17,8.0,4.0
cultivar:vwm_591|citrullus_lanatus,species:citrullus_lanatus,OF_SPECIES,,,,,
cultivar:vwm_591|citrullus_lanatus,region:ce,PRODUCED_IN,,0.25,0.01,1.0,1.0
cultivar:vwm_591|citrullus_lanatus,region:mt,PRODUCED_IN,,0.25,0.06,1.0,1.0
cultivar:vwm_591|citrullus_lanatus,region:pi,PRODUCED_IN,,6.5,0.24,6.0,4.0
cultivar:vwm_592|citrullus_lanatus,species:citrullus_lanatus,OF_SPECIES,,,,,
cultivar:vwm_592|citrullus_lanatus,region:pi,PRODUCED_IN,,2.5,0.09,3.0,2.0
cultivar:vwm_599|citrullus_lanatus,species:citrullus_lanatus,OF_SPECIES,,,,,
cultivar:vwm_599|citrullus_lanatus,region:ce,PRODUCED_IN,,0.25,0.01,1.0,1.0
cultivar:vwm_599|citrullus_lanatus,region:mt,PRODUCED_IN,,0.25,0.06,1.0,1.0
cultivar:vwm_599|citrullus_lanatus,region:pi,PRODUCED_IN,,5.9,0.26,8.0,4.0
cultivar:vwm_599|citrullus_lanatus,region:sp,PRODUCED_IN,,0.01,0.0,1.0,1.0
cultivar:vwm_606|citrullus_lanatus,species:citrullus_lanatus,OF_SPECIES,,,,,
cultivar:vwm_606|citrullus_lanatus,region:pi,PRODUCED_IN,,0.7,0.18,2.0,1.0
cultivar:vwm_610|citrullus_lanatus,species:citrullus_lanatus,OF_SPECIES,,,,,
cultivar:vwm_610|citrullus_lanatus,region:pi,PRODUCED_IN,,1.5,0.05,2.0,1.0
cultivar:vwm_612|citrullus_lanatus,species:citrullus_lanatus,OF_SPECIES,,,,,
cultivar:vwm_612|citrullus_lanatus,region:pi,PRODUCED_IN,,1.5,0.05,2.0,1.0
cultivar:vwm_616|citrullus_lanatus,species:citrullus_lanatus,OF_SPECIES,,,,,
cultivar:vwm_616|citrullus_lanatus,region:pi,PRODUCED_IN,,2.0,0.21,4.0,3.0
cultivar:vwm_617|citrullus_lanatus,species:citrullus_lanatus,OF_SPECIES,,,,,
cultivar:vwm_617|citrullus_lanatus,region:mt,PRODUCED_IN,,0.12,0.01,1.0,1.0
cultivar:vwm_617|citrullus_lanatus,region:pi,PRODUCED_IN,,2.35,0.43,5.0,3.0
cultivar:vwm_618|citrullus_lanatus,species:citrullus_lanatus,OF_SPECIES,,,,,
cultivar:vwm_618|citrullus_lanatus,region:mt,PRODUCED_IN,,0.15,0.01,1.0,1.0
cultivar:vwm_618|citrullus_lanatus,region:pi,PRODUCED_IN,,0.65,0.13,3.0,2.0
cultivar:vwm_619|citrullus_lanatus,species:citrullus_lanatus,OF_SPECIES,,,,,
cultivar:vwm_619|citrullus_lanatus,region:mt,PRODUCED_IN,,0.08,0.01,1.0,1.0
cultivar:vwm_619|citrullus_lanatus,region:pi,PRODUCED_IN,,0.2,0.03,1.0,1.0
cultivar:vwm_622|citrullus_lanatus,species:citrullus_lanatus,OF_SPECIES,,,,,
cultivar:vwm_622|citrullus_lanatus,region:pi,PRODUCED_IN,,0.5,0.05,1.0,1.0
cultivar:vwm_625|citrullus_lanatus,species:citrullus_lanatus,OF_SPECIES,,,,,
cultivar:vwm_625|citrullus_lanatus,region:pi,PRODUCED_IN,,2.0,0.04,3.0,2.0
cultivar:vwm_626|citrullus_lanatus,species:citrullus_lanatus,OF_SPECIES,,,,,
cultivar:vwm_626|citrullus_lanatus,region:pi,PRODUCED_IN,,1.5,0.38,1.0,1.0
cultivar:vwm_627|citrullus_lanatus,species:citrullus_lanatus,OF_SPECIES,,,,,
cultivar:vwm_627|citrullus_lanatus,region:pi,PRODUCED_IN,,2.25,0.14,4.0,4.0
cultivar:vwm_631|citrullus_lanatus,species:citrullus_lanatus,OF_SPECIES,,,,,
cultivar:vwm_631|citrullus_lanatus,region:pi,PRODUCED_IN,,1.0,0.15,1.0,1.0
cultivar:vwm185g|citrullus_lanatus,species:citrullus_lanatus,OF_SPECIES,,,,,
cultivar:vwm185g|citrullus_lanatus,region:pi,PRODUCED_IN,,2.74,0.06,5.0,1.0
cultivar:vwm186g|citrullus_lanatus,species:citrullus_lanatus,OF_SPECIES,,,,,
cultivar:vwm186g|citrullus_lanatus,region:pi,PRODUCED_IN,,0.87,0.04,2.0,1.0
cultivar:vwm604|citrullus_lanatus,species:citrullus_lanatus,OF_SPECIES,,,,,
cultivar:vwm604|citrullus_lanatus,region:pi,PRODUCED_IN,,1.25,0.14,2.0,2.0
cultivar:vwm611|citrullus_lanatus,species:citrullus_lanatus,OF_SPECIES,,,,,
cultivar:vwm611|citrullus_lanatus,region:pi,PRODUCED_IN,,1.66,0.04,2.0,1.0
cultivar:vwm621|citrullus_lanatus,species:citrullus_lanatus,OF_SPECIES,,,,,
cultivar:vwm621|citrullus_lanatus,region:pi,PRODUCED_IN,,4.66,0.33,5.0,3.0
cultivar:vwm650|citrullus_lanatus,species:citrullus_lanatus,OF_SPECIES,,,,,
cultivar:vwm650|citrullus_lanatus,region:pi,PRODUCED_IN,,1.5,0.04,1.0,1.0
cultivar:vwm650|citrullus_lanatus,region:sp,PRODUCED_IN,,0.12,0.02,3.0,1.0
cultivar:vwm651|citrullus_lanatus,species:citrullus_lanatus,OF_SPECIES,,,,,
cultivar:vwm651|citrullus_lanatus,region:pi,PRODUCED_IN,,1.33,0.04,1.0,1.0
cultivar:vwm651|citrullus_lanatus,region:sp,PRODUCED_IN,,0.09,0.01,2.0,1.0
cultivar:vwm652|citrullus_lanatus,species:citrullus_lanatus,OF_SPECIES,,,,,
cultivar:vwm652|citrullus_lanatus,region:pi,PRODUCED_IN,,0.1,0.04,1.0,1.0
cultivar:vwm652|citrullus_lanatus,region:sp,PRODUCED_IN,,0.09,0.01,2.0,1.0
cultivar:vwm654|citrullus_lanatus,species:citrullus_lanatus,OF_SPECIES,,,,,
cultivar:vwm654|citrullus_lanatus,region:pi,PRODUCED_IN,,0.55,0.06,2.0,2.0
cultivar:vwm654|citrullus_lanatus,region:sp,PRODUCED_IN,,0.12,0.03,2.0,1.0
cultivar:vwm657|citrullus_lanatus,species:citrullus_lanatus,OF_SPECIES,,,,,
cultivar:vwm657|citrullus_lanatus,region:ma,PRODUCED_IN,,2.25,0.07,3.0,1.0
cultivar:vwm657|citrullus_lanatus,region:pi,PRODUCED_IN,,33.51,2.48,42.0,3.0
cultivar:verena|citrullus_lanatus,species:citrullus_lanatus,OF_SPECIES,,,,,
cultivar:verena|citrullus_lanatus,region:rs,PRODUCED_IN,,1.0,0.21,2.0,1.0
cultivar:vivian|citrullus_lanatus,species:citrullus_lanatus,OF_SPECIES,,,,,
cultivar:vivian|citrullus_lanatus,region:rs,PRODUCED_IN,,1.0,0.21,2.0,1.0
cultivar:wdl0149|citrullus_lanatus,species:citrullus_lanatus,OF_SPECIES,,,,,
cultivar:wdl0149|citrullus_lanatus,region:pi,PRODUCED_IN,,0.15,0.01,1.0,1.0
cultivar:almeria|coriandrum_sativum,species:coriandrum_sativum,OF_SPECIES,,,,,
cultivar:almeria|coriandrum_sativum,region:rs,PRODUCED_IN,,20.0,20.0,1.0,1.0
cultivar:almeria|coriandrum_sativum,region:sp,PRODUCED_IN,,1.3,0.7,2.0,2.0
cultivar:americano_gigante|coriandrum_sativum,species:coriandrum_sativum,OF_SPECIES,,,,,
cultivar:americano_gigante|coriandrum_sativum,region:rs,PRODUCED_IN,,12.0,10.5,3.0,3.0
cultivar:chivas|coriandrum_sativum,species:coriandrum_sativum,OF_SPECIES,,,,,
cultivar:chivas|coriandrum_sativum,region:mg,PRODUCED_IN,,0.2,0.2,1.0,1.0
cultivar:chivas|coriandrum_sativum,region:rs,PRODUCED_IN,,3.5,2.12,2.0,2.0
cultivar:chivas|coriandrum_sativum,region:sp,PRODUCED_IN,,1.03,0.72,4.0,3.0
cultivar:faraa3|coriandrum_sativum,species:coriandrum_sativum,OF_SPECIES,,,,,
cultivar:faraa3|coriandrum_sativum,region:rs,PRODUCED_IN,,611.0,423.55,41.0,3.0
cultivar:frevo|coriandrum_sativum,species:coriandrum_sativum,OF_SPECIES,,,,,
cultivar:frevo|coriandrum_sativum,region:go,PRODUCED_IN,,34.5,36.5,2.0,2.0
cultivar:guarani|coriandrum_sativum,species:coriandrum_sativum,OF_SPECIES,,,,,
cultivar:guarani|coriandrum_sativum,region:rs,PRODUCED_IN,,9.61,8.95,8.0,5.0
cultivar:htv_dom_luiz|coriandrum_sativum,species:coriandrum_sativum,OF_SPECIES,,,,,
cultivar:htv_dom_luiz|coriandrum_sativum,region:ba,PRODUCED_IN,,462.5,544.43,129.0,12.0
cultivar:htv_dom_luiz|coriandrum_sativum,region:go,PRODUCED_IN,,100.0,100.0,3.0,2.0
cultivar:htv_dom_luiz|coriandrum_sativum,region:pe,PRODUCED_IN,,15.65,17.1,6.0,4.0
cultivar:htv_dom_luiz|coriandrum_sativum,region:rs,PRODUCED_IN,,81.0,65.25,5.0,3.0
cultivar:is_104|coriandrum_sativum,species:coriandrum_sativum,OF_SPECIES,,,,,
cultivar:is_104|coriandrum_sativum,region:rs,PRODUCED_IN,,8.0,5.6,1.0,1.0
cultivar:is_106|coriandrum_sativum,species:coriandrum_sativum,OF_SPECIES,,,,,
cultivar:is_106|coriandrum_sativum,region:ba,PRODUCED_IN,,7.0,9.1,2.0,1.0
cultivar:is_106|coriandrum_sativum,region:rs,PRODUCED_IN,,5.0,3.6,1.0,1.0
cultivar:mana|coriandrum_sativum,species:coriandrum_sativum,OF_SPECIES,,,,,
cultivar:mana|coriandrum_sativum,region:rs,PRODUCED_IN,,6.55,2.3,3.0,2.0
cultivar:muqueca|coriandrum_sativum,species:coriandrum_sativum,OF_SPECIES,,,,,
cultivar:muqueca|coriandrum_sativum,region:rs,PRODUCED_IN,,74.0,50.6,8.0,6.0
cultivar:nacional_palmeira|coriandrum_sativum,species:coriandrum_sativum,OF_SPECIES,,,,,
cultivar:nacional_palmeira|coriandrum_sativum,region:rs,PRODUCED_IN,,6.2,3.7,2.0,2.0
cultivar:ouro|coriandrum_sativum,species:coriandrum_sativum,OF_SPECIES,,,,,
cultivar:ouro|coriandrum_sativum,region:rs,PRODUCED_IN,,1.01,1.01,2.0,2.0
cultivar:pacafico|coriandrum_sativum,species:coriandrum_sativum,OF_SPECIES,,,,,
cultivar:pacafico|coriandrum_sativum,region:rs,PRODUCED_IN,,202.75,115.3,18.0,10.0
cultivar:performer|coriandrum_sativum,species:coriandrum_sativum,OF_SPECIES,,,,,
cultivar:performer|coriandrum_sativum,region:rs,PRODUCED_IN,,78.05,47.1,12.0,6.0
cultivar:portuguaas|coriandrum_sativum,species:coriandrum_sativum,OF_SPECIES,,,,,
cultivar:portuguaas|coriandrum_sativum,region:rs,PRODUCED_IN,,13.1,8.95,6.0,6.0
cultivar:portuguaas|coriandrum_sativum,region:sp,PRODUCED_IN,,2.0,2.5,2.0,1.0
cultivar:rei|coriandrum_sativum,species:coriandrum_sativum,OF_SPECIES,,,,,
cultivar:rei|coriandrum_sativum,region:mg,PRODUCED_IN,,5.0,5.0,1.0,1.0
cultivar:rei|coriandrum_sativum,region:rs,PRODUCED_IN,,15.0,3.0,1.0,1.0
cultivar:salgueiro|coriandrum_sativum,species:coriandrum_sativum,OF_SPECIES,,,,,
cultivar:salgueiro|coriandrum_sativum,region:sp,PRODUCED_IN,,1.0,0.9,1.0,1.0
cultivar:santo|coriandrum_sativum,species:coriandrum_sativum,OF_SPECIES,,,,,
cultivar:santo|coriandrum_sativum,region:rs,PRODUCED_IN,,25.0,25.0,2.0,2.0
cultivar:santo|coriandrum_sativum,region:sp,PRODUCED_IN,,0.9,0.7,2.0,2.0
cultivar:super_verdao|coriandrum_sativum,species:coriandrum_sativum,OF_SPECIES,,,,,
cultivar:super_verdao|coriandrum_sativum,region:go,PRODUCED_IN,,79.8,87.2,7.0,5.0
cultivar:super_verdao|coriandrum_sativum,region:mg,PRODUCED_IN,,6.0,7.8,2.0,1.0
cultivar:tabocas|coriandrum_sativum,species:coriandrum_sativum,OF_SPECIES,,,,,
cultivar:tabocas|coriandrum_sativum,region:ba,PRODUCED_IN,,554.3,672.4,80.0,11.0
cultivar:tabocas|coriandrum_sativum,region:go,PRODUCED_IN,,46.0,51.0,2.0,2.0
cultivar:tabocas|coriandrum_sativum,region:mg,PRODUCED_IN,,44.0,66.0,1.0,1.0
cultivar:tabocas|coriandrum_sativum,region:pe,PRODUCED_IN,,354.8,433.7,29.0,7.0
cultivar:tabocas|coriandrum_sativum,region:rs,PRODUCED_IN,,62.0,62.0,7.0,2.0
cultivar:tapacura|coriandrum_sativum,species:coriandrum_sativum,OF_SPECIES,,,,,
cultivar:tapacura|coriandrum_sativum,region:ba,PRODUCED_IN,,8.0,8.2,3.0,1.0
cultivar:tapacura|coriandrum_sativum,region:pe,PRODUCED_IN,,6.3,8.6,2.0,1.0
cultivar:tornado|coriandrum_sativum,species:coriandrum_sativum,OF_SPECIES,,,,,
cultivar:tornado|coriandrum_sativum,region:mg,PRODUCED_IN,,9.95,11.75,7.0,3.0
cultivar:tornado|coriandrum_sativum,region:rs,PRODUCED_IN,,6.55,2.3,3.0,2.0
cultivar:verdao_ht|coriandrum_sativum,species:coriandrum_sativum,OF_SPECIES,,,,,
cultivar:verdao_ht|coriandrum_sativum,region:rs,PRODUCED_IN,,80.0,61.0,3.0,2.0
cultivar:verdao_ht|coriandrum_sativum,region:sp,PRODUCED_IN,,1.5,5.5,2.0,1.0
cultivar:verdao|coriandrum_sativum,species:coriandrum_sativum,OF_SPECIES,,,,,
cultivar:verdao|coriandrum_sativum,region:ba,PRODUCED_IN,,1168.9,1289.15,252.0,11.0
cultivar:verdao|coriandrum_sativum,region:go,PRODUCED_IN,,2111.5,2302.6,38.0,13.0
cultivar:verdao|coriandrum_sativum,region:mg,PRODUCED_IN,,1030.16,1438.1,32.0,12.0
cultivar:verdao|coriandrum_sativum,region:pe,PRODUCED_IN,,534.0,672.2,26.0,9.0
cultivar:verdao|coriandrum_sativum,region:pr,PRODUCED_IN,,15.0,12.0,1.0,1.0
cultivar:verdao|coriandrum_sativum,region:rs,PRODUCED_IN,,8209.47,157449.32,542.0,20.0
cultivar:verdao|coriandrum_sativum,region:sp,PRODUCED_IN,,2.22,2.12,5.0,4.0
cultivar:verdao_sf_177|coriandrum_sativum,species:coriandrum_sativum,OF_SPECIES,,,,,
cultivar:verdao_sf_177|coriandrum_sativum,region:ba,PRODUCED_IN,,95.0,119.0,3.0,3.0
cultivar:verdao_sf_177|coriandrum_sativum,region:mg,PRODUCED_IN,,128.0,171.0,4.0,4.0
cultivar:verdao_sf_177|coriandrum_sativum,region:pe,PRODUCED_IN,,10.0,14.0,3.0,2.0
cultivar:verdao_sf_177|coriandrum_sativum,region:rs,PRODUCED_IN,,258.0,187.9,9.0,6.0
cultivar:caipira|cucumis_anguria,species:cucumis_anguria,OF_SPECIES,,,,,
cultivar:caipira|cucumis_anguria,region:mg,PRODUCED_IN,,2.0,0.7,1.0,1.0
cultivar:comum|cucumis_anguria,species:cucumis_anguria,OF_SPECIES,,,,,
cultivar:comum|cucumis_anguria,region:mg,PRODUCED_IN,,9.2,4.38,10.0,7.0
cultivar:comum|cucumis_anguria,region:sp,PRODUCED_IN,,1.05,0.36,2.0,2.0
cultivar:do_norte|cucumis_anguria,species:cucumis_anguria,OF_SPECIES,,,,,
cultivar:do_norte|cucumis_anguria,region:ba,PRODUCED_IN,,2.0,1.0,1.0,1.0
cultivar:do_norte|cucumis_anguria,region:go,PRODUCED_IN,,0.14,0.07,1.0,1.0
cultivar:do_norte|cucumis_anguria,region:mg,PRODUCED_IN,,63.6,35.81,56.0,13.0
cultivar:gibao|cucumis_anguria,species:cucumis_anguria,OF_SPECIES,,,,,
cultivar:gibao|cucumis_anguria,region:ba,PRODUCED_IN,,2.0,1.0,1.0,1.0
cultivar:gibao|cucumis_anguria,region:go,PRODUCED_IN,,0.55,0.21,2.0,2.0
cultivar:gibao|cucumis_anguria,region:mg,PRODUCED_IN,,31.38,12.06,26.0,10.0
cultivar:gibao|cucumis_anguria,region:se,PRODUCED_IN,,1.5,0.3,1.0,1.0
cultivar:ht_102|cucumis_anguria,species:cucumis_anguria,OF_SPECIES,,,,,
cultivar:ht_102|cucumis_anguria,region:mg,PRODUCED_IN,,5.5,2.71,6.0,5.0
cultivar:ht_102|cucumis_anguria,region:sp,PRODUCED_IN,,0.25,0.08,2.0,2.0
cultivar:jaiba|cucumis_anguria,species:cucumis_anguria,OF_SPECIES,,,,,
cultivar:jaiba|cucumis_anguria,region:mg,PRODUCED_IN,,12.46,6.65,11.0,5.0
cultivar:jaiba|cucumis_anguria,region:rs,PRODUCED_IN,,0.66,0.19,6.0,6.0
cultivar:liso_calcuta|cucumis_anguria,species:cucumis_anguria,OF_SPECIES,,,,,
cultivar:liso_calcuta|cucumis_anguria,region:mg,PRODUCED_IN,,18.0,9.07,19.0,10.0
cultivar:maxixe|cucumis_anguria,species:cucumis_anguria,OF_SPECIES,,,,,
cultivar:maxixe|cucumis_anguria,region:mg,PRODUCED_IN,,11.51,5.91,8.0,6.0
cultivar:maxixe|cucumis_anguria,region:rs,PRODUCED_IN,,0.8,0.21,3.0,3.0
cultivar:maxixe|cucumis_anguria,region:sp,PRODUCED_IN,,0.02,0.01,1.0,1.0
cultivar:nordestino|cucumis_anguria,species:cucumis_anguria,OF_SPECIES,,,,,
cultivar:nordestino|cucumis_anguria,region:ba,PRODUCED_IN,,2.27,0.93,2.0,2.0
cultivar:nordestino|cucumis_anguria,region:pe,PRODUCED_IN,,14.65,4.78,14.0,9.0
cultivar:nordestino|cucumis_anguria,region:rs,PRODUCED_IN,,2.0,1.2,1.0,1.0
cultivar:af_12629|cucumis_melo,species:cucumis_melo,OF_SPECIES,,,,,
cultivar:af_12629|cucumis_melo,region:mt,PRODUCED_IN,,0.08,0.01,1.0,1.0
cultivar:af1002|cucumis_melo,species:cucumis_melo,OF_SPECIES,,,,,
cultivar:af1002|cucumis_melo,region:pi,PRODUCED_IN,,0.13,0.01,1.0,1.0
cultivar:af1013|cucumis_melo,species:cucumis_melo,OF_SPECIES,,,,,
cultivar:af1013|cucumis_melo,region:pi,PRODUCED_IN,,0.25,0.03,1.0,1.0
cultivar:af1034|cucumis_melo,species:cucumis_melo,OF_SPECIES,,,,,
cultivar:af1034|cucumis_melo,region:pi,PRODUCED_IN,,0.18,0.03,1.0,1.0
cultivar:af13383|cucumis_melo,species:cucumis_melo,OF_SPECIES,,,,,
cultivar:af13383|cucumis_melo,region:mt,PRODUCED_IN,,0.04,0.01,1.0,1.0
cultivar:af13383|cucumis_melo,region:pi,PRODUCED_IN,,0.04,0.01,1.0,1.0
cultivar:af14517|cucumis_melo,species:cucumis_melo,OF_SPECIES,,,,,
cultivar:af14517|cucumis_melo,region:mt,PRODUCED_IN,,0.08,0.01,1.0,1.0
cultivar:af14517|cucumis_melo,region:pi,PRODUCED_IN,,0.06,0.01,1.0,1.0
cultivar:af14710|cucumis_melo,species:cucumis_melo,OF_SPECIES,,,,,
cultivar:af14710|cucumis_melo,region:mt,PRODUCED_IN,,0.08,0.01,1.0,1.0
cultivar:af14710|cucumis_melo,region:pi,PRODUCED_IN,,0.06,0.01,1.0,1.0
cultivar:af15721|cucumis_melo,species:cucumis_melo,OF_SPECIES,,,,,
cultivar:af15721|cucumis_melo,region:pi,PRODUCED_IN,,0.2,0.01,1.0,1.0
cultivar:af15883|cucumis_melo,species:cucumis_melo,OF_SPECIES,,,,,
cultivar:af15883|cucumis_melo,region:pi,PRODUCED_IN,,0.3,0.03,2.0,2.0
cultivar:af15911|cucumis_melo,species:cucumis_melo,OF_SPECIES,,,,,
cultivar:af15911|cucumis_melo,region:pi,PRODUCED_IN,,0.13,0.01,1.0,1.0
cultivar:af15911|cucumis_melo,region:sp,PRODUCED_IN,,0.03,0.0,1.0,1.0
cultivar:af16265|cucumis_melo,species:cucumis_melo,OF_SPECIES,,,,,
cultivar:af16265|cucumis_melo,region:pi,PRODUCED_IN,,0.2,0.01,1.0,1.0
cultivar:af17718|cucumis_melo,species:cucumis_melo,OF_SPECIES,,,,,
cultivar:af17718|cucumis_melo,region:pi,PRODUCED_IN,,1.74,0.17,3.0,3.0
cultivar:af17718|cucumis_melo,region:sp,PRODUCED_IN,,0.1,0.03,4.0,2.0
cultivar:af17753|cucumis_melo,species:cucumis_melo,OF_SPECIES,,,,,
cultivar:af17753|cucumis_melo,region:pi,PRODUCED_IN,,0.2,0.02,1.0,1.0
cultivar:af19013|cucumis_melo,species:cucumis_melo,OF_SPECIES,,,,,
cultivar:af19013|cucumis_melo,region:pi,PRODUCED_IN,,0.2,0.01,1.0,1.0
cultivar:af19485|cucumis_melo,species:cucumis_melo,OF_SPECIES,,,,,
cultivar:af19485|cucumis_melo,region:pi,PRODUCED_IN,,0.2,0.01,1.0,1.0
cultivar:af19497|cucumis_melo,species:cucumis_melo,OF_SPECIES,,,,,
cultivar:af19497|cucumis_melo,region:pi,PRODUCED_IN,,0.2,0.01,1.0,1.0
cultivar:af202050|cucumis_melo,species:cucumis_melo,OF_SPECIES,,,,,
cultivar:af202050|cucumis_melo,region:pi,PRODUCED_IN,,0.1,0.01,1.0,1.0
cultivar:af202065|cucumis_melo,species:cucumis_melo,OF_SPECIES,,,,,
cultivar:af202065|cucumis_melo,region:pi,PRODUCED_IN,,1.79,0.16,6.0,3.0
cultivar:af22483|cucumis_melo,species:cucumis_melo,OF_SPECIES,,,,,
cultivar:af22483|cucumis_melo,region:pi,PRODUCED_IN,,0.18,0.02,1.0,1.0
cultivar:af22545|cucumis_melo,species:cucumis_melo,OF_SPECIES,,,,,
cultivar:af22545|cucumis_melo,region:pi,PRODUCED_IN,,0.01,0.01,1.0,1.0
cultivar:af22731|cucumis_melo,species:cucumis_melo,OF_SPECIES,,,,,
cultivar:af22731|cucumis_melo,region:pi,PRODUCED_IN,,0.13,0.01,1.0,1.0
cultivar:af22788|cucumis_melo,species:cucumis_melo,OF_SPECIES,,,,,
cultivar:af22788|cucumis_melo,region:pi,PRODUCED_IN,,0.15,0.01,1.0,1.0
cultivar:af23329|cucumis_melo,species:cucumis_melo,OF_SPECIES,,,,,
cultivar:af23329|cucumis_melo,region:pi,PRODUCED_IN,,0.13,0.01,1.0,1.0
cultivar:af23330|cucumis_melo,species:cucumis_melo,OF_SPECIES,,,,,
cultivar:af23330|cucumis_melo,region:rs,PRODUCED_IN,,0.02,0.01,1.0,1.0
cultivar:af26664|cucumis_melo,species:cucumis_melo,OF_SPECIES,,,,,
cultivar:af26664|cucumis_melo,region:pi,PRODUCED_IN,,0.08,0.02,1.0,1.0
cultivar:amarelo_n|cucumis_melo,species:cucumis_melo,OF_SPECIES,,,,,
cultivar:amarelo_n|cucumis_melo,region:ba,PRODUCED_IN,,0.5,0.1,1.0,1.0
cultivar:amarelo|cucumis_melo,species:cucumis_melo,OF_SPECIES,,,,,
cultivar:amarelo|cucumis_melo,region:ba,PRODUCED_IN,,1.0,0.35,1.0,1.0
cultivar:amarelo|cucumis_melo,region:mg,PRODUCED_IN,,20.6,5.32,24.0,12.0
cultivar:amarelo|cucumis_melo,region:rs,PRODUCED_IN,,2.0,0.7,3.0,3.0
cultivar:asturia|cucumis_melo,species:cucumis_melo,OF_SPECIES,,,,,
cultivar:asturia|cucumis_melo,region:mt,PRODUCED_IN,,6.96,0.88,11.0,5.0
cultivar:asturia|cucumis_melo,region:pi,PRODUCED_IN,,4.61,0.66,11.0,5.0
cultivar:brs_anton|cucumis_melo,species:cucumis_melo,OF_SPECIES,,,,,
cultivar:brs_anton|cucumis_melo,region:df,PRODUCED_IN,,0.05,0.03,1.0,1.0
cultivar:brs_araguaia|cucumis_melo,species:cucumis_melo,OF_SPECIES,,,,,
cultivar:brs_araguaia|cucumis_melo,region:mg,PRODUCED_IN,,4.1,0.41,2.0,2.0
cultivar:brs_araguaia|cucumis_melo,region:sp,PRODUCED_IN,,0.06,0.01,1.0,1.0
cultivar:caipira|cucumis_melo,species:cucumis_melo,OF_SPECIES,,,,,
cultivar:caipira|cucumis_melo,region:ba,PRODUCED_IN,,3.0,1.15,3.0,3.0
cultivar:caipira|cucumis_melo,region:mg,PRODUCED_IN,,35.01,9.39,21.0,9.0
cultivar:caipira|cucumis_melo,region:rs,PRODUCED_IN,,5.4,1.38,6.0,2.0
cultivar:caipira|cucumis_melo,region:se,PRODUCED_IN,,0.5,0.4,1.0,1.0
cultivar:caipira_gaaocho|cucumis_melo,species:cucumis_melo,OF_SPECIES,,,,,
cultivar:caipira_gaaocho|cucumis_melo,region:mg,PRODUCED_IN,,17.87,6.75,14.0,5.0
cultivar:caipira_gaaocho|cucumis_melo,region:rs,PRODUCED_IN,,2.83,1.57,6.0,5.0
cultivar:dominique|cucumis_melo,species:cucumis_melo,OF_SPECIES,,,,,
cultivar:dominique|cucumis_melo,region:rs,PRODUCED_IN,,3.8,1.5,5.0,5.0
cultivar:dala|cucumis_melo,species:cucumis_melo,OF_SPECIES,,,,,
cultivar:dala|cucumis_melo,region:mt,PRODUCED_IN,,11.54,1.75,17.0,5.0
cultivar:dala|cucumis_melo,region:pi,PRODUCED_IN,,8.57,1.2,13.0,5.0
cultivar:dala|cucumis_melo,region:rs,PRODUCED_IN,,0.03,0.01,1.0,1.0
cultivar:del_vale|cucumis_melo,species:cucumis_melo,OF_SPECIES,,,,,
cultivar:del_vale|cucumis_melo,region:pi,PRODUCED_IN,,0.13,0.01,1.0,1.0
cultivar:del_vale|cucumis_melo,region:rs,PRODUCED_IN,,0.01,0.02,1.0,1.0
cultivar:dulce_nectar|cucumis_melo,species:cucumis_melo,OF_SPECIES,,,,,
cultivar:dulce_nectar|cucumis_melo,region:mt,PRODUCED_IN,,1.16,0.11,2.0,2.0
cultivar:dulce_nectar|cucumis_melo,region:pi,PRODUCED_IN,,1.55,0.23,5.0,5.0
cultivar:ehmel_200910|cucumis_melo,species:cucumis_melo,OF_SPECIES,,,,,
cultivar:ehmel_200910|cucumis_melo,region:df,PRODUCED_IN,,0.05,0.01,3.0,3.0
cultivar:ehmel_20095|cucumis_melo,species:cucumis_melo,OF_SPECIES,,,,,
cultivar:ehmel_20095|cucumis_melo,region:df,PRODUCED_IN,,0.03,0.0,3.0,3.0
cultivar:ehmel_20151007|cucumis_melo,species:cucumis_melo,OF_SPECIES,,,,,
cultivar:ehmel_20151007|cucumis_melo,region:df,PRODUCED_IN,,0.01,0.0,1.0,1.0
cultivar:ehmel_20151033|cucumis_melo,species:cucumis_melo,OF_SPECIES,,,,,
cultivar:ehmel_20151033|cucumis_melo,region:df,PRODUCED_IN,,0.01,0.0,1.0,1.0
cultivar:ehmel_201568|cucumis_melo,species:cucumis_melo,OF_SPECIES,,,,,
cultivar:ehmel_201568|cucumis_melo,region:df,PRODUCED_IN,,0.07,0.01,5.0,5.0
cultivar:ehmel_201590|cucumis_melo,species:cucumis_melo,OF_SPECIES,,,,,
cultivar:ehmel_201590|cucumis_melo,region:df,PRODUCED_IN,,0.05,0.01,3.0,3.0
cultivar:eldorado_300|cucumis_melo,species:cucumis_melo,OF_SPECIES,,,,,
cultivar:eldorado_300|cucumis_melo,region:df,PRODUCED_IN,,0.07,0.08,1.0,1.0
cultivar:eldorado_300|cucumis_melo,region:mg,PRODUCED_IN,,0.5,0.1,1.0,1.0
cultivar:gaucho|cucumis_melo,species:cucumis_melo,OF_SPECIES,,,,,
cultivar:gaucho|cucumis_melo,region:mg,PRODUCED_IN,,29.0,10.94,16.0,7.0
cultivar:gaucho|cucumis_melo,region:rs,PRODUCED_IN,,25.22,4.43,91.0,10.0
cultivar:gaucho|cucumis_melo,region:sp,PRODUCED_IN,,0.21,0.03,2.0,2.0
cultivar:gaaocho_casca_de_carvalho_melhorado|cucumis_melo,species:cucumis_melo,OF_SPECIES,,,,,
cultivar:gaaocho_casca_de_carvalho_melhorado|cucumis_melo,region:mg,PRODUCED_IN,,37.37,15.2,32.0,10.0
cultivar:gaaocho_casca_de_carvalho_melhorado|cucumis_melo,region:rs,PRODUCED_IN,,6.1,1.85,6.0,3.0
cultivar:gaaocho_redondo_conesul|cucumis_melo,species:cucumis_melo,OF_SPECIES,,,,,
cultivar:gaaocho_redondo_conesul|cucumis_melo,region:mg,PRODUCED_IN,,48.51,17.25,25.0,10.0
cultivar:gaaocho_redondo_conesul|cucumis_melo,region:rs,PRODUCED_IN,,10.3,2.84,13.0,2.0
cultivar:gold_news|cucumis_melo,species:cucumis_melo,OF_SPECIES,,,,,
cultivar:gold_news|cucumis_melo,region:pi,PRODUCED_IN,,6.05,0.59,11.0,4.0
cultivar:gold_news|cucumis_melo,region:rs,PRODUCED_IN,,0.3,0.03,2.0,1.0
cultivar:grand_navarro|cucumis_melo,species:cucumis_melo,OF_SPECIES,,,,,
cultivar:grand_navarro|cucumis_melo,region:pi,PRODUCED_IN,,0.6,0.06,3.0,3.0
cultivar:grand_prix|cucumis_melo,species:cucumis_melo,OF_SPECIES,,,,,
cultivar:grand_prix|cucumis_melo,region:ma,PRODUCED_IN,,1.0,0.12,1.0,1.0
cultivar:grand_prix|cucumis_melo,region:mt,PRODUCED_IN,,27.27,2.73,32.0,7.0
cultivar:grand_prix|cucumis_melo,region:pi,PRODUCED_IN,,45.47,4.61,53.0,8.0
cultivar:grand_prix|cucumis_melo,region:rs,PRODUCED_IN,,0.23,0.05,2.0,2.0
cultivar:grand_royal|cucumis_melo,species:cucumis_melo,OF_SPECIES,,,,,
cultivar:grand_royal|cucumis_melo,region:mt,PRODUCED_IN,,0.14,0.07,2.0,2.0
cultivar:grand_royal|cucumis_melo,region:pi,PRODUCED_IN,,0.57,0.06,3.0,1.0
cultivar:grand_toro|cucumis_melo,species:cucumis_melo,OF_SPECIES,,,,,
cultivar:grand_toro|cucumis_melo,region:mt,PRODUCED_IN,,0.06,0.01,1.0,1.0
cultivar:ht_80|cucumis_melo,species:cucumis_melo,OF_SPECIES,,,,,
cultivar:ht_80|cucumis_melo,region:pe,PRODUCED_IN,,0.3,0.1,1.0,1.0
cultivar:ht_80|cucumis_melo,region:sp,PRODUCED_IN,,0.3,0.04,2.0,1.0
cultivar:ht_86|cucumis_melo,species:cucumis_melo,OF_SPECIES,,,,,
cultivar:ht_86|cucumis_melo,region:sp,PRODUCED_IN,,0.3,0.04,2.0,1.0
cultivar:hales_best_jumbo|cucumis_melo,species:cucumis_melo,OF_SPECIES,,,,,
cultivar:hales_best_jumbo|cucumis_melo,region:mg,PRODUCED_IN,,18.25,4.89,15.0,10.0
cultivar:hummer|cucumis_melo,species:cucumis_melo,OF_SPECIES,,,,,
cultivar:hummer|cucumis_melo,region:sp,PRODUCED_IN,,0.38,0.12,4.0,2.0
cultivar:imperial|cucumis_melo,species:cucumis_melo,OF_SPECIES,,,,,
cultivar:imperial|cucumis_melo,region:mg,PRODUCED_IN,,9.5,2.95,4.0,3.0
cultivar:imperial|cucumis_melo,region:rs,PRODUCED_IN,,38.6,4.88,109.0,12.0
cultivar:infinite_gold|cucumis_melo,species:cucumis_melo,OF_SPECIES,,,,,
cultivar:infinite_gold|cucumis_melo,region:mt,PRODUCED_IN,,0.54,0.05,1.0,1.0
cultivar:infinite_gold|cucumis_melo,region:pi,PRODUCED_IN,,26.35,3.86,32.0,6.0
cultivar:infinite_gold|cucumis_melo,region:sp,PRODUCED_IN,,0.05,0.05,1.0,1.0
cultivar:iracema|cucumis_melo,species:cucumis_melo,OF_SPECIES,,,,,
cultivar:iracema|cucumis_melo,region:mt,PRODUCED_IN,,3.39,0.54,5.0,3.0
cultivar:journey|cucumis_melo,species:cucumis_melo,OF_SPECIES,,,,,
cultivar:journey|cucumis_melo,region:mt,PRODUCED_IN,,4.65,0.83,6.0,4.0
cultivar:journey|cucumis_melo,region:pi,PRODUCED_IN,,0.06,0.01,1.0,1.0
cultivar:ja3ia_dourada|cucumis_melo,species:cucumis_melo,OF_SPECIES,,,,,
cultivar:ja3ia_dourada|cucumis_melo,region:sp,PRODUCED_IN,,0.3,0.04,2.0,1.0
cultivar:katari|cucumis_melo,species:cucumis_melo,OF_SPECIES,,,,,
cultivar:katari|cucumis_melo,region:mt,PRODUCED_IN,,0.05,0.0,1.0,1.0
cultivar:katari|cucumis_melo,region:pi,PRODUCED_IN,,1.03,0.11,5.0,5.0
cultivar:magnum|cucumis_melo,species:cucumis_melo,OF_SPECIES,,,,,
cultivar:magnum|cucumis_melo,region:pi,PRODUCED_IN,,3.3,0.31,8.0,4.0
cultivar:magnum|cucumis_melo,region:rs,PRODUCED_IN,,0.1,0.02,1.0,1.0
cultivar:mandachuva|cucumis_melo,species:cucumis_melo,OF_SPECIES,,,,,
cultivar:mandachuva|cucumis_melo,region:pi,PRODUCED_IN,,8.98,1.08,10.0,4.0
cultivar:mandachuva|cucumis_melo,region:rs,PRODUCED_IN,,0.15,0.01,1.0,1.0
cultivar:mega|cucumis_melo,species:cucumis_melo,OF_SPECIES,,,,,
cultivar:mega|cucumis_melo,region:mt,PRODUCED_IN,,0.42,0.06,1.0,1.0
cultivar:mega|cucumis_melo,region:sp,PRODUCED_IN,,0.01,0.0,1.0,1.0
cultivar:mel_rendado|cucumis_melo,species:cucumis_melo,OF_SPECIES,,,,,
cultivar:mel_rendado|cucumis_melo,region:mg,PRODUCED_IN,,1.5,0.45,1.0,1.0
cultivar:mel_rendado|cucumis_melo,region:rs,PRODUCED_IN,,1.35,0.15,2.0,2.0
cultivar:nevado|cucumis_melo,species:cucumis_melo,OF_SPECIES,,,,,
cultivar:nevado|cucumis_melo,region:mg,PRODUCED_IN,,0.36,0.11,3.0,3.0
cultivar:olimpic_express|cucumis_melo,species:cucumis_melo,OF_SPECIES,,,,,
cultivar:olimpic_express|cucumis_melo,region:pi,PRODUCED_IN,,0.68,0.09,4.0,4.0
cultivar:olimpic_express|cucumis_melo,region:sp,PRODUCED_IN,,0.06,0.03,1.0,1.0
cultivar:orange_flesh_ht|cucumis_melo,species:cucumis_melo,OF_SPECIES,,,,,
cultivar:orange_flesh_ht|cucumis_melo,region:mg,PRODUCED_IN,,1.02,0.26,3.0,2.0
cultivar:orange_flesh_ht|cucumis_melo,region:sp,PRODUCED_IN,,0.22,0.03,2.0,2.0
cultivar:premier|cucumis_melo,species:cucumis_melo,OF_SPECIES,,,,,
cultivar:premier|cucumis_melo,region:mt,PRODUCED_IN,,5.53,0.61,9.0,3.0
cultivar:premier|cucumis_melo,region:pi,PRODUCED_IN,,0.5,0.05,1.0,1.0
cultivar:redondo_gaaocho|cucumis_melo,species:cucumis_melo,OF_SPECIES,,,,,
cultivar:redondo_gaaocho|cucumis_melo,region:ba,PRODUCED_IN,,2.2,0.65,2.0,2.0
cultivar:redondo_gaaocho|cucumis_melo,region:mg,PRODUCED_IN,,25.77,9.96,18.0,8.0
cultivar:redondo_gaaocho|cucumis_melo,region:rs,PRODUCED_IN,,28.3,8.42,30.0,10.0
cultivar:redondo_gaaocho|cucumis_melo,region:se,PRODUCED_IN,,0.3,0.2,1.0,1.0
cultivar:supreme|cucumis_melo,species:cucumis_melo,OF_SPECIES,,,,,
cultivar:supreme|cucumis_melo,region:mt,PRODUCED_IN,,3.74,0.36,6.0,3.0
cultivar:te_015|cucumis_melo,species:cucumis_melo,OF_SPECIES,,,,,
cultivar:te_015|cucumis_melo,region:rs,PRODUCED_IN,,19.8,4.3,21.0,7.0
cultivar:turmalina|cucumis_melo,species:cucumis_melo,OF_SPECIES,,,,,
cultivar:turmalina|cucumis_melo,region:pi,PRODUCED_IN,,4.5,0.45,5.0,2.0
cultivar:vme_525|cucumis_melo,species:cucumis_melo,OF_SPECIES,,,,,
cultivar:vme_525|cucumis_melo,region:mt,PRODUCED_IN,,0.15,0.03,1.0,1.0
cultivar:vme_532|cucumis_melo,species:cucumis_melo,OF_SPECIES,,,,,
cultivar:vme_532|cucumis_melo,region:pi,PRODUCED_IN,,0.1,0.04,1.0,1.0
cultivar:vme_550_r|cucumis_melo,species:cucumis_melo,OF_SPECIES,,,,,
cultivar:vme_550_r|cucumis_melo,region:mt,PRODUCED_IN,,0.36,0.07,1.0,1.0
cultivar:vme_581|cucumis_melo,species:cucumis_melo,OF_SPECIES,,,,,
cultivar:vme_581|cucumis_melo,region:mt,PRODUCED_IN,,0.08,0.01,1.0,1.0
cultivar:vme_670|cucumis_melo,species:cucumis_melo,OF_SPECIES,,,,,
cultivar:vme_670|cucumis_melo,region:mt,PRODUCED_IN,,0.54,0.1,1.0,1.0
cultivar:vme_678|cucumis_melo,species:cucumis_melo,OF_SPECIES,,,,,
cultivar:vme_678|cucumis_melo,region:pi,PRODUCED_IN,,0.38,0.05,1.0,1.0
cultivar:vme_682r|cucumis_melo,species:cucumis_melo,OF_SPECIES,,,,,
cultivar:vme_682r|cucumis_melo,region:mt,PRODUCED_IN,,12.99,2.04,14.0,7.0
cultivar:vme_682r|cucumis_melo,region:pi,PRODUCED_IN,,2.23,0.33,4.0,3.0
cultivar:vme_683|cucumis_melo,species:cucumis_melo,OF_SPECIES,,,,,
cultivar:vme_683|cucumis_melo,region:mt,PRODUCED_IN,,20.05,1.37,18.0,3.0
cultivar:vme_689|cucumis_melo,species:cucumis_melo,OF_SPECIES,,,,,
cultivar:vme_689|cucumis_melo,region:mt,PRODUCED_IN,,0.15,0.04,1.0,1.0
cultivar:vme_689|cucumis_melo,region:pi,PRODUCED_IN,,0.13,0.01,1.0,1.0
cultivar:vme_703|cucumis_melo,species:cucumis_melo,OF_SPECIES,,,,,
cultivar:vme_703|cucumis_melo,region:mt,PRODUCED_IN,,0.54,0.09,1.0,1.0
cultivar:vme_710|cucumis_melo,species:cucumis_melo,OF_SPECIES,,,,,
cultivar:vme_710|cucumis_melo,region:mt,PRODUCED_IN,,0.54,0.1,1.0,1.0
cultivar:vme_711|cucumis_melo,species:cucumis_melo,OF_SPECIES,,,,,
cultivar:vme_711|cucumis_melo,region:mt,PRODUCED_IN,,0.92,0.14,3.0,3.0
cultivar:vme_714|cucumis_melo,species:cucumis_melo,OF_SPECIES,,,,,
cultivar:vme_714|cucumis_melo,region:mt,PRODUCED_IN,,0.31,0.04,1.0,1.0
cultivar:vme_714|cucumis_melo,region:pi,PRODUCED_IN,,0.53,0.06,2.0,2.0
cultivar:vme_720|cucumis_melo,species:cucumis_melo,OF_SPECIES,,,,,
cultivar:vme_720|cucumis_melo,region:mt,PRODUCED_IN,,0.07,0.01,1.0,1.0
cultivar:vme_721|cucumis_melo,species:cucumis_melo,OF_SPECIES,,,,,
cultivar:vme_721|cucumis_melo,region:mt,PRODUCED_IN,,0.27,0.05,1.0,1.0
cultivar:vme_723|cucumis_melo,species:cucumis_melo,OF_SPECIES,,,,,
cultivar:vme_723|cucumis_melo,region:mt,PRODUCED_IN,,0.15,0.01,1.0,1.0
cultivar:vme_723|cucumis_melo,region:pi,PRODUCED_IN,,0.39,0.04,1.0,1.0
cultivar:vme_724|cucumis_melo,species:cucumis_melo,OF_SPECIES,,,,,
cultivar:vme_724|cucumis_melo,region:mt,PRODUCED_IN,,1.5,0.31,3.0,3.0
cultivar:vme_724|cucumis_melo,region:pi,PRODUCED_IN,,0.3,0.04,1.0,1.0
cultivar:vme_726|cucumis_melo,species:cucumis_melo,OF_SPECIES,,,,,
cultivar:vme_726|cucumis_melo,region:mt,PRODUCED_IN,,0.08,0.02,1.0,1.0
cultivar:vme_726|cucumis_melo,region:pi,PRODUCED_IN,,0.87,0.08,2.0,2.0
cultivar:vme_729|cucumis_melo,species:cucumis_melo,OF_SPECIES,,,,,
cultivar:vme_729|cucumis_melo,region:mt,PRODUCED_IN,,0.27,0.05,2.0,2.0
cultivar:vme_732|cucumis_melo,species:cucumis_melo,OF_SPECIES,,,,,
cultivar:vme_732|cucumis_melo,region:mt,PRODUCED_IN,,1.92,0.24,3.0,3.0
cultivar:vme_735|cucumis_melo,species:cucumis_melo,OF_SPECIES,,,,,
cultivar:vme_735|cucumis_melo,region:mt,PRODUCED_IN,,0.12,0.03,1.0,1.0
cultivar:vme_736|cucumis_melo,species:cucumis_melo,OF_SPECIES,,,,,
cultivar:vme_736|cucumis_melo,region:mt,PRODUCED_IN,,0.23,0.06,1.0,1.0
cultivar:vme_737|cucumis_melo,species:cucumis_melo,OF_SPECIES,,,,,
cultivar:vme_737|cucumis_melo,region:mt,PRODUCED_IN,,0.12,0.01,1.0,1.0
cultivar:vme_747|cucumis_melo,species:cucumis_melo,OF_SPECIES,,,,,
cultivar:vme_747|cucumis_melo,region:mt,PRODUCED_IN,,3.99,0.56,4.0,2.0
cultivar:vme_747|cucumis_melo,region:pi,PRODUCED_IN,,0.31,0.06,4.0,1.0
cultivar:vme_748|cucumis_melo,species:cucumis_melo,OF_SPECIES,,,,,
cultivar:vme_748|cucumis_melo,region:mt,PRODUCED_IN,,1.76,0.33,4.0,2.0
cultivar:vme_755|cucumis_melo,species:cucumis_melo,OF_SPECIES,,,,,
cultivar:vme_755|cucumis_melo,region:pi,PRODUCED_IN,,0.4,0.04,1.0,1.0
cultivar:vme575|cucumis_melo,species:cucumis_melo,OF_SPECIES,,,,,
cultivar:vme575|cucumis_melo,region:mt,PRODUCED_IN,,0.31,0.04,1.0,1.0
cultivar:vme725|cucumis_melo,species:cucumis_melo,OF_SPECIES,,,,,
cultivar:vme725|cucumis_melo,region:pi,PRODUCED_IN,,0.2,0.02,1.0,1.0
cultivar:vme731|cucumis_melo,species:cucumis_melo,OF_SPECIES,,,,,
cultivar:vme731|cucumis_melo,region:pi,PRODUCED_IN,,5.75,0.63,6.0,2.0
cultivar:vme759|cucumis_melo,species:cucumis_melo,OF_SPECIES,,,,,
cultivar:vme759|cucumis_melo,region:mt,PRODUCED_IN,,0.54,0.07,1.0,1.0
cultivar:vme761|cucumis_melo,species:cucumis_melo,OF_SPECIES,,,,,
cultivar:vme761|cucumis_melo,region:pi,PRODUCED_IN,,1.89,0.17,3.0,1.0
cultivar:vme777|cucumis_melo,species:cucumis_melo,OF_SPECIES,,,,,
cultivar:vme777|cucumis_melo,region:pi,PRODUCED_IN,,0.62,0.07,2.0,2.0
cultivar:vme780|cucumis_melo,species:cucumis_melo,OF_SPECIES,,,,,
cultivar:vme780|cucumis_melo,region:pi,PRODUCED_IN,,0.13,0.01,1.0,1.0
cultivar:vme781|cucumis_melo,species:cucumis_melo,OF_SPECIES,,,,,
cultivar:vme781|cucumis_melo,region:pi,PRODUCED_IN,,0.5,0.06,1.0,1.0
cultivar:vme805|cucumis_melo,species:cucumis_melo,OF_SPECIES,,,,,
cultivar:vme805|cucumis_melo,region:pi,PRODUCED_IN,,0.8,0.07,1.0,1.0
cultivar:vme807|cucumis_melo,species:cucumis_melo,OF_SPECIES,,,,,
cultivar:vme807|cucumis_melo,region:pi,PRODUCED_IN,,0.18,0.03,1.0,1.0
cultivar:vme808|cucumis_melo,species:cucumis_melo,OF_SPECIES,,,,,
cultivar:vme808|cucumis_melo,region:pi,PRODUCED_IN,,2.3,0.21,3.0,2.0
cultivar:vme809|cucumis_melo,species:cucumis_melo,OF_SPECIES,,,,,
cultivar:vme809|cucumis_melo,region:pi,PRODUCED_IN,,0.78,0.07,1.0,1.0
cultivar:vme810|cucumis_melo,species:cucumis_melo,OF_SPECIES,,,,,
cultivar:vme810|cucumis_melo,region:pi,PRODUCED_IN,,0.66,0.06,1.0,1.0
cultivar:xme_4020|cucumis_melo,species:cucumis_melo,OF_SPECIES,,,,,
cultivar:xme_4020|cucumis_melo,region:mt,PRODUCED_IN,,0.19,0.01,1.0,1.0
cultivar:zeus|cucumis_melo,species:cucumis_melo,OF_SPECIES,,,,,
cultivar:zeus|cucumis_melo,region:mt,PRODUCED_IN,,0.06,0.01,1.0,1.0
cultivar:zeus|cucumis_melo,region:pi,PRODUCED_IN,,1.91,0.19,3.0,3.0
species:cucumis_sativus,crop:c_10195,IS_A,100.0,,,,
cultivar:14pep00002|cucumis_sativus,species:cucumis_sativus,OF_SPECIES,,,,,
cultivar:14pep00002|cucumis_sativus,region:sp,PRODUCED_IN,,0.01,0.0,1.0,1.0
cultivar:16pep00190|cucumis_sativus,species:cucumis_sativus,OF_SPECIES,,,,,
cultivar:16pep00190|cucumis_sativus,region:sp,PRODUCED_IN,,0.01,0.0,1.0,1.0
cultivar:17pep10006|cucumis_sativus,species:cucumis_sativus,OF_SPECIES,,,,,
cultivar:17pep10006|cucumis_sativus,region:sp,PRODUCED_IN,,0.0,0.0,1.0,1.0
cultivar:20pep10864|cucumis_sativus,species:cucumis_sativus,OF_SPECIES,,,,,
cultivar:20pep10864|cucumis_sativus,region:sp,PRODUCED_IN,,0.07,0.01,1.0,1.0
cultivar:21pep11578|cucumis_sativus,species:cucumis_sativus,OF_SPECIES,,,,,
cultivar:21pep11578|cucumis_sativus,region:sp,PRODUCED_IN,,0.9,0.09,2.0,1.0
cultivar:22pep11910|cucumis_sativus,species:cucumis_sativus,OF_SPECIES,,,,,
cultivar:22pep11910|cucumis_sativus,region:mg,PRODUCED_IN,,0.2,0.02,1.0,1.0
cultivar:22pep11910|cucumis_sativus,region:sp,PRODUCED_IN,,0.01,0.0,1.0,1.0
cultivar:25pep12423|cucumis_sativus,species:cucumis_sativus,OF_SPECIES,,,,,
cultivar:25pep12423|cucumis_sativus,region:sp,PRODUCED_IN,,0.01,0.0,1.0,1.0
cultivar:25pep12438|cucumis_sativus,species:cucumis_sativus,OF_SPECIES,,,,,
cultivar:25pep12438|cucumis_sativus,region:sp,PRODUCED_IN,,0.01,0.0,1.0,1.0
cultivar:af_145|cucumis_sativus,species:cucumis_sativus,OF_SPECIES,,,,,
cultivar:af_145|cucumis_sativus,region:mg,PRODUCED_IN,,8.4,1.4,3.0,3.0
cultivar:af_152|cucumis_sativus,species:cucumis_sativus,OF_SPECIES,,,,,
cultivar:af_152|cucumis_sativus,region:mg,PRODUCED_IN,,0.5,0.15,1.0,1.0
cultivar:af_1993|cucumis_sativus,species:cucumis_sativus,OF_SPECIES,,,,,
cultivar:af_1993|cucumis_sativus,region:mg,PRODUCED_IN,,4.34,0.62,4.0,4.0
cultivar:af_712|cucumis_sativus,species:cucumis_sativus,OF_SPECIES,,,,,
cultivar:af_712|cucumis_sativus,region:mg,PRODUCED_IN,,3.2,0.4,1.0,1.0
cultivar:af1000|cucumis_sativus,species:cucumis_sativus,OF_SPECIES,,,,,
cultivar:af1000|cucumis_sativus,region:mg,PRODUCED_IN,,0.85,0.17,2.0,2.0
cultivar:af1001|cucumis_sativus,species:cucumis_sativus,OF_SPECIES,,,,,
cultivar:af1001|cucumis_sativus,region:mg,PRODUCED_IN,,1.1,0.22,1.0,1.0
cultivar:af1002|cucumis_sativus,species:cucumis_sativus,OF_SPECIES,,,,,
cultivar:af1002|cucumis_sativus,region:mg,PRODUCED_IN,,0.3,0.07,1.0,1.0
cultivar:af1015|cucumis_sativus,species:cucumis_sativus,OF_SPECIES,,,,,
cultivar:af1015|cucumis_sativus,region:mg,PRODUCED_IN,,0.5,0.1,1.0,1.0
cultivar:af1039|cucumis_sativus,species:cucumis_sativus,OF_SPECIES,,,,,
cultivar:af1039|cucumis_sativus,region:mg,PRODUCED_IN,,0.35,0.07,1.0,1.0
cultivar:af4004|cucumis_sativus,species:cucumis_sativus,OF_SPECIES,,,,,
cultivar:af4004|cucumis_sativus,region:sp,PRODUCED_IN,,0.8,0.02,2.0,2.0
cultivar:af4206|cucumis_sativus,species:cucumis_sativus,OF_SPECIES,,,,,
cultivar:af4206|cucumis_sativus,region:mg,PRODUCED_IN,,0.92,0.15,2.0,2.0
cultivar:af4206|cucumis_sativus,region:sp,PRODUCED_IN,,0.3,0.01,3.0,2.0
cultivar:aodai_carioca|cucumis_sativus,species:cucumis_sativus,OF_SPECIES,,,,,
cultivar:aodai_carioca|cucumis_sativus,region:mg,PRODUCED_IN,,1.12,0.17,5.0,2.0
cultivar:aodai_carioca|cucumis_sativus,region:sp,PRODUCED_IN,,0.19,0.04,6.0,4.0
cultivar:akira|cucumis_sativus,species:cucumis_sativus,OF_SPECIES,,,,,
cultivar:akira|cucumis_sativus,region:mg,PRODUCED_IN,,0.1,0.01,1.0,1.0
cultivar:akira|cucumis_sativus,region:sp,PRODUCED_IN,,0.2,0.1,3.0,3.0
cultivar:amin|cucumis_sativus,species:cucumis_sativus,OF_SPECIES,,,,,
cultivar:amin|cucumis_sativus,region:mg,PRODUCED_IN,,1.25,0.3,3.0,3.0
cultivar:amin|cucumis_sativus,region:sp,PRODUCED_IN,,0.02,0.01,1.0,1.0
cultivar:aodai|cucumis_sativus,species:cucumis_sativus,OF_SPECIES,,,,,
cultivar:aodai|cucumis_sativus,region:mg,PRODUCED_IN,,79.4,35.41,40.0,13.0
cultivar:aodai|cucumis_sativus,region:rs,PRODUCED_IN,,1.64,0.6,6.0,6.0
cultivar:aodai|cucumis_sativus,region:sp,PRODUCED_IN,,0.04,0.01,2.0,1.0
cultivar:aodai_ht|cucumis_sativus,species:cucumis_sativus,OF_SPECIES,,,,,
cultivar:aodai_ht|cucumis_sativus,region:mg,PRODUCED_IN,,0.75,0.14,2.0,2.0
cultivar:aodai_ht|cucumis_sativus,region:sp,PRODUCED_IN,,0.1,0.05,1.0,1.0
cultivar:bonanza|cucumis_sativus,species:cucumis_sativus,OF_SPECIES,,,,,
cultivar:bonanza|cucumis_sativus,region:go,PRODUCED_IN,,1.0,0.12,1.0,1.0
cultivar:bonanza|cucumis_sativus,region:mg,PRODUCED_IN,,2.0,0.37,2.0,2.0
cultivar:branco_meio_comprido|cucumis_sativus,species:cucumis_sativus,OF_SPECIES,,,,,
cultivar:branco_meio_comprido|cucumis_sativus,region:mg,PRODUCED_IN,,5.5,1.75,5.0,5.0
cultivar:caetano|cucumis_sativus,species:cucumis_sativus,OF_SPECIES,,,,,
cultivar:caetano|cucumis_sativus,region:mg,PRODUCED_IN,,1.1,0.18,2.0,2.0
cultivar:caetano|cucumis_sativus,region:sp,PRODUCED_IN,,0.03,0.01,1.0,1.0
cultivar:cayene|cucumis_sativus,species:cucumis_sativus,OF_SPECIES,,,,,
cultivar:cayene|cucumis_sativus,region:mg,PRODUCED_IN,,0.11,0.01,3.0,2.0
cultivar:cayene|cucumis_sativus,region:sp,PRODUCED_IN,,0.06,0.01,3.0,2.0
cultivar:caipira|cucumis_sativus,species:cucumis_sativus,OF_SPECIES,,,,,
cultivar:caipira|cucumis_sativus,region:ba,PRODUCED_IN,,6.5,1.95,4.0,2.0
cultivar:caipira|cucumis_sativus,region:go,PRODUCED_IN,,15.2,3.48,4.0,2.0
cultivar:caipira|cucumis_sativus,region:mg,PRODUCED_IN,,195.35,1068.04,71.0,12.0
cultivar:caipira|cucumis_sativus,region:pe,PRODUCED_IN,,5.0,1.35,2.0,2.0
cultivar:caipira|cucumis_sativus,region:rs,PRODUCED_IN,,18.59,2.46,24.0,10.0
cultivar:caipira|cucumis_sativus,region:sp,PRODUCED_IN,,0.1,0.04,1.0,1.0
cultivar:caipira_verde_ht|cucumis_sativus,species:cucumis_sativus,OF_SPECIES,,,,,
cultivar:caipira_verde_ht|cucumis_sativus,region:mg,PRODUCED_IN,,20.1,5.18,13.0,6.0
cultivar:caipira_verde_ht|cucumis_sativus,region:sp,PRODUCED_IN,,0.12,0.03,2.0,2.0
cultivar:calypso|cucumis_sativus,species:cucumis_sativus,OF_SPECIES,,,,,
cultivar:calypso|cucumis_sativus,region:rs,PRODUCED_IN,,0.01,0.0,1.0,1.0
cultivar:campeiro|cucumis_sativus,species:cucumis_sativus,OF_SPECIES,,,,,
cultivar:campeiro|cucumis_sativus,region:mg,PRODUCED_IN,,8.75,2.52,10.0,10.0
cultivar:caramba|cucumis_sativus,species:cucumis_sativus,OF_SPECIES,,,,,
cultivar:caramba|cucumis_sativus,region:rs,PRODUCED_IN,,1.15,0.44,4.0,3.0
cultivar:caramba|cucumis_sativus,region:sp,PRODUCED_IN,,3.0,0.6,1.0,1.0
cultivar:compadre|cucumis_sativus,species:cucumis_sativus,OF_SPECIES,,,,,
cultivar:compadre|cucumis_sativus,region:mg,PRODUCED_IN,,1.0,0.12,1.0,1.0
cultivar:conserva_wisconsin_smr_18|cucumis_sativus,species:cucumis_sativus,OF_SPECIES,,,,,
cultivar:conserva_wisconsin_smr_18|cucumis_sativus,region:mg,PRODUCED_IN,,5.0,1.25,2.0,1.0
cultivar:conserva_wisconsin_smr_18|cucumis_sativus,region:rs,PRODUCED_IN,,4.71,0.38,25.0,7.0
cultivar:corona|cucumis_sativus,species:cucumis_sativus,OF_SPECIES,,,,,
cultivar:corona|cucumis_sativus,region:mg,PRODUCED_IN,,1.8,0.43,3.0,3.0
cultivar:corona|cucumis_sativus,region:sp,PRODUCED_IN,,0.02,0.0,1.0,1.0
cultivar:cristal|cucumis_sativus,species:cucumis_sativus,OF_SPECIES,,,,,
cultivar:cristal|cucumis_sativus,region:mg,PRODUCED_IN,,37.11,4.43,16.0,13.0
cultivar:cristal|cucumis_sativus,region:sp,PRODUCED_IN,,1.89,0.29,11.0,6.0
cultivar:diplomata|cucumis_sativus,species:cucumis_sativus,OF_SPECIES,,,,,
cultivar:diplomata|cucumis_sativus,region:mg,PRODUCED_IN,,4.93,1.9,5.0,5.0
cultivar:esmeralda_tipo_caipira|cucumis_sativus,species:cucumis_sativus,OF_SPECIES,,,,,
cultivar:esmeralda_tipo_caipira|cucumis_sativus,region:ba,PRODUCED_IN,,7.5,3.75,1.0,1.0
cultivar:esmeralda_tipo_caipira|cucumis_sativus,region:mg,PRODUCED_IN,,83.22,34.38,24.0,13.0
cultivar:esmeralda_tipo_caipira|cucumis_sativus,region:rs,PRODUCED_IN,,8.4,2.25,4.0,2.0
cultivar:gael|cucumis_sativus,species:cucumis_sativus,OF_SPECIES,,,,,
cultivar:gael|cucumis_sativus,region:sp,PRODUCED_IN,,0.03,0.0,1.0,1.0
cultivar:ginga|cucumis_sativus,species:cucumis_sativus,OF_SPECIES,,,,,
cultivar:ginga|cucumis_sativus,region:mg,PRODUCED_IN,,3.2,0.76,3.0,3.0
cultivar:goia|cucumis_sativus,species:cucumis_sativus,OF_SPECIES,,,,,
cultivar:goia|cucumis_sativus,region:mg,PRODUCED_IN,,0.75,0.2,2.0,2.0
cultivar:guarani|cucumis_sativus,species:cucumis_sativus,OF_SPECIES,,,,,
cultivar:guarani|cucumis_sativus,region:mg,PRODUCED_IN,,8.2,2.13,4.0,4.0
cultivar:gustavo|cucumis_sativus,species:cucumis_sativus,OF_SPECIES,,,,,
cultivar:gustavo|cucumis_sativus,region:mg,PRODUCED_IN,,5.45,1.27,5.0,5.0
cultivar:gustavo|cucumis_sativus,region:sp,PRODUCED_IN,,0.86,0.11,3.0,2.0
cultivar:ht_05|cucumis_sativus,species:cucumis_sativus,OF_SPECIES,,,,,
cultivar:ht_05|cucumis_sativus,region:mg,PRODUCED_IN,,2.68,0.62,7.0,4.0
cultivar:ht_05|cucumis_sativus,region:sp,PRODUCED_IN,,0.12,0.03,5.0,3.0
cultivar:ht_69|cucumis_sativus,species:cucumis_sativus,OF_SPECIES,,,,,
cultivar:ht_69|cucumis_sativus,region:sp,PRODUCED_IN,,0.05,0.01,2.0,1.0
cultivar:ht_91|cucumis_sativus,species:cucumis_sativus,OF_SPECIES,,,,,
cultivar:ht_91|cucumis_sativus,region:mg,PRODUCED_IN,,2.12,0.47,5.0,4.0
cultivar:ht_91|cucumis_sativus,region:sp,PRODUCED_IN,,0.56,0.16,4.0,3.0
cultivar:hana|cucumis_sativus,species:cucumis_sativus,OF_SPECIES,,,,,
cultivar:hana|cucumis_sativus,region:mg,PRODUCED_IN,,4.5,0.51,8.0,8.0
cultivar:hana|cucumis_sativus,region:sp,PRODUCED_IN,,0.28,0.04,4.0,3.0
cultivar:heitor|cucumis_sativus,species:cucumis_sativus,OF_SPECIES,,,,,
cultivar:heitor|cucumis_sativus,region:mg,PRODUCED_IN,,0.1,0.01,1.0,1.0
cultivar:hiroshi|cucumis_sativus,species:cucumis_sativus,OF_SPECIES,,,,,
cultivar:hiroshi|cucumis_sativus,region:mg,PRODUCED_IN,,6.5,1.4,7.0,3.0
cultivar:hiroshi|cucumis_sativus,region:rs,PRODUCED_IN,,0.11,0.02,1.0,1.0
cultivar:itiro|cucumis_sativus,species:cucumis_sativus,OF_SPECIES,,,,,
cultivar:itiro|cucumis_sativus,region:sp,PRODUCED_IN,,0.04,0.01,2.0,1.0
cultivar:kawaii|cucumis_sativus,species:cucumis_sativus,OF_SPECIES,,,,,
cultivar:kawaii|cucumis_sativus,region:mg,PRODUCED_IN,,3.2,0.3,8.0,6.0
cultivar:kawaii|cucumis_sativus,region:sp,PRODUCED_IN,,1.02,0.1,5.0,4.0
cultivar:mont_serrat|cucumis_sativus,species:cucumis_sativus,OF_SPECIES,,,,,
cultivar:mont_serrat|cucumis_sativus,region:mg,PRODUCED_IN,,1.16,0.27,5.0,2.0
cultivar:mont_serrat|cucumis_sativus,region:sp,PRODUCED_IN,,0.07,0.01,2.0,2.0
cultivar:monte_verde|cucumis_sativus,species:cucumis_sativus,OF_SPECIES,,,,,
cultivar:monte_verde|cucumis_sativus,region:mg,PRODUCED_IN,,0.3,0.1,1.0,1.0
cultivar:monte_verde|cucumis_sativus,region:sp,PRODUCED_IN,,0.01,0.0,1.0,1.0
cultivar:marvin|cucumis_sativus,species:cucumis_sativus,OF_SPECIES,,,,,
cultivar:marvin|cucumis_sativus,region:mg,PRODUCED_IN,,1.5,0.27,2.0,2.0
cultivar:marvin|cucumis_sativus,region:sp,PRODUCED_IN,,0.34,0.07,3.0,2.0
cultivar:miguel|cucumis_sativus,species:cucumis_sativus,OF_SPECIES,,,,,
cultivar:miguel|cucumis_sativus,region:mg,PRODUCED_IN,,0.1,0.01,1.0,1.0
cultivar:noa|cucumis_sativus,species:cucumis_sativus,OF_SPECIES,,,,,
cultivar:noa|cucumis_sativus,region:mg,PRODUCED_IN,,0.5,0.08,2.0,2.0
cultivar:noa|cucumis_sativus,region:sp,PRODUCED_IN,,0.03,0.0,1.0,1.0
cultivar:opala|cucumis_sativus,species:cucumis_sativus,OF_SPECIES,,,,,
cultivar:opala|cucumis_sativus,region:mg,PRODUCED_IN,,3.3,0.43,10.0,7.0
cultivar:opala|cucumis_sativus,region:sp,PRODUCED_IN,,0.1,0.01,1.0,1.0
cultivar:pb_027|cucumis_sativus,species:cucumis_sativus,OF_SPECIES,,,,,
cultivar:pb_027|cucumis_sativus,region:rs,PRODUCED_IN,,0.1,0.1,1.0,1.0
cultivar:pb_027|cucumis_sativus,region:sp,PRODUCED_IN,,0.2,0.2,1.0,1.0
cultivar:pickles|cucumis_sativus,species:cucumis_sativus,OF_SPECIES,,,,,
cultivar:pickles|cucumis_sativus,region:mg,PRODUCED_IN,,0.85,0.18,3.0,1.0
cultivar:pickles|cucumis_sativus,region:sp,PRODUCED_IN,,0.24,0.14,4.0,3.0
cultivar:pioneiro|cucumis_sativus,species:cucumis_sativus,OF_SPECIES,,,,,
cultivar:pioneiro|cucumis_sativus,region:mg,PRODUCED_IN,,22.3,6.72,11.0,6.0
cultivar:praamio|cucumis_sativus,species:cucumis_sativus,OF_SPECIES,,,,,
cultivar:praamio|cucumis_sativus,region:mg,PRODUCED_IN,,6.72,2.63,8.0,7.0
cultivar:praamio|cucumis_sativus,region:sp,PRODUCED_IN,,0.04,0.01,2.0,1.0
cultivar:record|cucumis_sativus,species:cucumis_sativus,OF_SPECIES,,,,,
cultivar:record|cucumis_sativus,region:mg,PRODUCED_IN,,2.58,0.61,5.0,5.0
cultivar:record|cucumis_sativus,region:sp,PRODUCED_IN,,0.08,0.02,3.0,3.0
cultivar:ranger|cucumis_sativus,species:cucumis_sativus,OF_SPECIES,,,,,
cultivar:ranger|cucumis_sativus,region:mg,PRODUCED_IN,,3.5,1.1,4.0,3.0
cultivar:ranger|cucumis_sativus,region:sp,PRODUCED_IN,,1.0,0.02,2.0,1.0
cultivar:riesenschael|cucumis_sativus,species:cucumis_sativus,OF_SPECIES,,,,,
cultivar:riesenschael|cucumis_sativus,region:sp,PRODUCED_IN,,0.04,0.01,2.0,1.0
cultivar:runner|cucumis_sativus,species:cucumis_sativus,OF_SPECIES,,,,,
cultivar:runner|cucumis_sativus,region:mg,PRODUCED_IN,,13.33,4.0,4.0,1.0
cultivar:suzuka|cucumis_sativus,species:cucumis_sativus,OF_SPECIES,,,,,
cultivar:suzuka|cucumis_sativus,region:mg,PRODUCED_IN,,0.06,0.01,2.0,2.0
cultivar:suzuka|cucumis_sativus,region:sp,PRODUCED_IN,,0.18,0.02,6.0,4.0
cultivar:safira|cucumis_sativus,species:cucumis_sativus,OF_SPECIES,,,,,
cultivar:safira|cucumis_sativus,region:mg,PRODUCED_IN,,31.82,11.74,16.0,10.0
cultivar:satoru|cucumis_sativus,species:cucumis_sativus,OF_SPECIES,,,,,
cultivar:satoru|cucumis_sativus,region:mg,PRODUCED_IN,,0.3,0.03,2.0,2.0
cultivar:satoru|cucumis_sativus,region:sp,PRODUCED_IN,,0.04,0.01,1.0,1.0
cultivar:sugoi|cucumis_sativus,species:cucumis_sativus,OF_SPECIES,,,,,
cultivar:sugoi|cucumis_sativus,region:mg,PRODUCED_IN,,0.1,0.01,2.0,1.0
cultivar:sugoi|cucumis_sativus,region:sp,PRODUCED_IN,,0.04,0.01,2.0,1.0
cultivar:tomita|cucumis_sativus,species:cucumis_sativus,OF_SPECIES,,,,,
cultivar:tomita|cucumis_sativus,region:mg,PRODUCED_IN,,0.11,0.01,3.0,2.0
cultivar:tomita|cucumis_sativus,region:sp,PRODUCED_IN,,0.07,0.01,4.0,2.0
cultivar:toshiro|cucumis_sativus,species:cucumis_sativus,OF_SPECIES,,,,,
cultivar:toshiro|cucumis_sativus,region:mg,PRODUCED_IN,,0.2,0.02,1.0,1.0
cultivar:twister|cucumis_sativus,species:cucumis_sativus,OF_SPECIES,,,,,
cultivar:twister|cucumis_sativus,region:mg,PRODUCED_IN,,0.47,0.07,3.0,2.0
cultivar:twister|cucumis_sativus,region:sp,PRODUCED_IN,,0.2,0.08,5.0,3.0
cultivar:vcu_011|cucumis_sativus,species:cucumis_sativus,OF_SPECIES,,,,,
cultivar:vcu_011|cucumis_sativus,region:mg,PRODUCED_IN,,1.17,0.33,2.0,2.0
cultivar:vcu_053|cucumis_sativus,species:cucumis_sativus,OF_SPECIES,,,,,
cultivar:vcu_053|cucumis_sativus,region:mg,PRODUCED_IN,,3.83,0.6,2.0,2.0
cultivar:vcu513|cucumis_sativus,species:cucumis_sativus,OF_SPECIES,,,,,
cultivar:vcu513|cucumis_sativus,region:mg,PRODUCED_IN,,1.63,0.43,3.0,2.0
cultivar:vcu552|cucumis_sativus,species:cucumis_sativus,OF_SPECIES,,,,,
cultivar:vcu552|cucumis_sativus,region:mg,PRODUCED_IN,,70.63,141.04,29.0,6.0
cultivar:vcu583|cucumis_sativus,species:cucumis_sativus,OF_SPECIES,,,,,
cultivar:vcu583|cucumis_sativus,region:mg,PRODUCED_IN,,0.08,0.01,1.0,1.0
cultivar:vcu590|cucumis_sativus,species:cucumis_sativus,OF_SPECIES,,,,,
cultivar:vcu590|cucumis_sativus,region:mg,PRODUCED_IN,,2.0,0.4,1.0,1.0
cultivar:vcu590|cucumis_sativus,region:pi,PRODUCED_IN,,0.6,0.12,2.0,1.0
cultivar:vcu592|cucumis_sativus,species:cucumis_sativus,OF_SPECIES,,,,,
cultivar:vcu592|cucumis_sativus,region:mg,PRODUCED_IN,,4.04,0.82,3.0,3.0
cultivar:vcu592|cucumis_sativus,region:pi,PRODUCED_IN,,0.7,0.12,2.0,1.0
cultivar:vcu592|cucumis_sativus,region:sp,PRODUCED_IN,,0.05,0.01,2.0,1.0
cultivar:vcu593|cucumis_sativus,species:cucumis_sativus,OF_SPECIES,,,,,
cultivar:vcu593|cucumis_sativus,region:mg,PRODUCED_IN,,6.65,1.28,5.0,3.0
cultivar:vcu593|cucumis_sativus,region:pi,PRODUCED_IN,,0.3,0.06,1.0,1.0
cultivar:vcu593|cucumis_sativus,region:sp,PRODUCED_IN,,0.03,0.01,1.0,1.0
cultivar:vcu595|cucumis_sativus,species:cucumis_sativus,OF_SPECIES,,,,,
cultivar:vcu595|cucumis_sativus,region:mg,PRODUCED_IN,,0.9,0.18,2.0,2.0
cultivar:vcu595|cucumis_sativus,region:sp,PRODUCED_IN,,0.03,0.01,1.0,1.0
cultivar:vcu596|cucumis_sativus,species:cucumis_sativus,OF_SPECIES,,,,,
cultivar:vcu596|cucumis_sativus,region:sp,PRODUCED_IN,,0.11,0.01,2.0,2.0
cultivar:vcu599|cucumis_sativus,species:cucumis_sativus,OF_SPECIES,,,,,
cultivar:vcu599|cucumis_sativus,region:mg,PRODUCED_IN,,0.83,0.55,3.0,3.0
cultivar:vcu601|cucumis_sativus,species:cucumis_sativus,OF_SPECIES,,,,,
cultivar:vcu601|cucumis_sativus,region:mg,PRODUCED_IN,,0.4,0.08,1.0,1.0
cultivar:vcu603|cucumis_sativus,species:cucumis_sativus,OF_SPECIES,,,,,
cultivar:vcu603|cucumis_sativus,region:mg,PRODUCED_IN,,21.12,4.28,8.0,4.0
cultivar:vcu603|cucumis_sativus,region:pi,PRODUCED_IN,,0.7,0.12,2.0,1.0
cultivar:vcu603|cucumis_sativus,region:sp,PRODUCED_IN,,0.1,0.02,2.0,1.0
cultivar:vcu616|cucumis_sativus,species:cucumis_sativus,OF_SPECIES,,,,,
cultivar:vcu616|cucumis_sativus,region:mg,PRODUCED_IN,,0.4,0.06,1.0,1.0
cultivar:verde_comprido|cucumis_sativus,species:cucumis_sativus,OF_SPECIES,,,,,
cultivar:verde_comprido|cucumis_sativus,region:mg,PRODUCED_IN,,91.98,37.53,45.0,12.0
cultivar:verde_comprido|cucumis_sativus,region:rs,PRODUCED_IN,,0.01,0.01,1.0,1.0
cultivar:wisconsin_smr_58_conserva|cucumis_sativus,species:cucumis_sativus,OF_SPECIES,,,,,
cultivar:wisconsin_smr_58_conserva|cucumis_sativus,region:mg,PRODUCED_IN,,83.67,30.33,33.0,13.0
cultivar:wisconsin_smr_58_conserva|cucumis_sativus,region:rs,PRODUCED_IN,,5.0,0.5,1.0,1.0
cultivar:yarin|cucumis_sativus,species:cucumis_sativus,OF_SPECIES,,,,,
cultivar:yarin|cucumis_sativus,region:mg,PRODUCED_IN,,0.1,0.01,1.0,1.0
cultivar:yoshinari|cucumis_sativus,species:cucumis_sativus,OF_SPECIES,,,,,
cultivar:yoshinari|cucumis_sativus,region:mg,PRODUCED_IN,,2.1,0.23,3.0,3.0
cultivar:yoshinari|cucumis_sativus,region:sp,PRODUCED_IN,,0.03,0.0,1.0,1.0
species:cucurbita_maxima,crop:c_37735,IS_A,100.0,,,,
cultivar:19abo10643|cucurbita_maxima,species:cucurbita_maxima,OF_SPECIES,,,,,
cultivar:19abo10643|cucurbita_maxima,region:sp,PRODUCED_IN,,0.01,250.0,1.0,1.0
cultivar:ab_03|cucurbita_maxima,species:cucurbita_maxima,OF_SPECIES,,,,,
cultivar:ab_03|cucurbita_maxima,region:rs,PRODUCED_IN,,7.95,2.84,8.0,7.0
cultivar:ab_04|cucurbita_maxima,species:cucurbita_maxima,OF_SPECIES,,,,,
cultivar:ab_04|cucurbita_maxima,region:rs,PRODUCED_IN,,17.45,4.24,16.0,6.0
cultivar:af1044|cucurbita_maxima,species:cucurbita_maxima,OF_SPECIES,,,,,
cultivar:af1044|cucurbita_maxima,region:mg,PRODUCED_IN,,0.5,0.12,1.0,1.0
cultivar:brs_esperanaa|cucurbita_maxima,species:cucurbita_maxima,OF_SPECIES,,,,,
cultivar:brs_esperanaa|cucurbita_maxima,region:df,PRODUCED_IN,,0.01,0.0,1.0,1.0
cultivar:brs_tortai|cucurbita_maxima,species:cucurbita_maxima,OF_SPECIES,,,,,
cultivar:brs_tortai|cucurbita_maxima,region:rs,PRODUCED_IN,,11.65,1.66,49.0,10.0
cultivar:brigitte|cucurbita_maxima,species:cucurbita_maxima,OF_SPECIES,,,,,
cultivar:brigitte|cucurbita_maxima,region:mg,PRODUCED_IN,,1.2,0.45,4.0,3.0
cultivar:brigitte|cucurbita_maxima,region:rs,PRODUCED_IN,,0.01,0.01,1.0,1.0
cultivar:brigitte|cucurbita_maxima,region:sp,PRODUCED_IN,,0.08,0.01,1.0,1.0
cultivar:canario|cucurbita_maxima,species:cucurbita_maxima,OF_SPECIES,,,,,
cultivar:canario|cucurbita_maxima,region:rs,PRODUCED_IN,,8.25,1.57,9.0,4.0
cultivar:coroa|cucurbita_maxima,species:cucurbita_maxima,OF_SPECIES,,,,,
cultivar:coroa|cucurbita_maxima,region:ba,PRODUCED_IN,,1.0,0.3,1.0,1.0
cultivar:coroa|cucurbita_maxima,region:mg,PRODUCED_IN,,27.66,13.76,25.0,12.0
cultivar:coroa|cucurbita_maxima,region:rs,PRODUCED_IN,,27.25,4.86,49.0,5.0
cultivar:crioula_pataka|cucurbita_maxima,species:cucurbita_maxima,OF_SPECIES,,,,,
cultivar:crioula_pataka|cucurbita_maxima,region:mg,PRODUCED_IN,,4.6,2.3,5.0,3.0
cultivar:crioula_pataka|cucurbita_maxima,region:rs,PRODUCED_IN,,1.6,0.65,3.0,3.0
cultivar:de_mesa|cucurbita_maxima,species:cucurbita_maxima,OF_SPECIES,,,,,
cultivar:de_mesa|cucurbita_maxima,region:mg,PRODUCED_IN,,6.5,3.5,6.0,3.0
cultivar:de_mesa|cucurbita_maxima,region:rs,PRODUCED_IN,,36.3,8.36,44.0,9.0
cultivar:exposiaao|cucurbita_maxima,species:cucurbita_maxima,OF_SPECIES,,,,,
cultivar:exposiaao|cucurbita_maxima,region:ba,PRODUCED_IN,,4.7,1.41,3.0,1.0
cultivar:exposiaao|cucurbita_maxima,region:mg,PRODUCED_IN,,72.84,35.76,32.0,14.0
cultivar:exposiaao|cucurbita_maxima,region:pe,PRODUCED_IN,,2.5,0.75,1.0,1.0
cultivar:exposiaao|cucurbita_maxima,region:rs,PRODUCED_IN,,38.5,9.08,71.0,9.0
cultivar:exposiaao|cucurbita_maxima,region:se,PRODUCED_IN,,1.0,0.45,1.0,1.0
cultivar:exposiaao|cucurbita_maxima,region:sp,PRODUCED_IN,,0.02,0.0,2.0,2.0
cultivar:fortalece|cucurbita_maxima,species:cucurbita_maxima,OF_SPECIES,,,,,
cultivar:fortalece|cucurbita_maxima,region:mg,PRODUCED_IN,,0.4,0.12,2.0,1.0
cultivar:moranga_coroa|cucurbita_maxima,species:cucurbita_maxima,OF_SPECIES,,,,,
cultivar:moranga_coroa|cucurbita_maxima,region:go,PRODUCED_IN,,0.3,0.21,1.0,1.0
cultivar:moranga_coroa|cucurbita_maxima,region:mg,PRODUCED_IN,,6.0,3.5,5.0,5.0
cultivar:moranga_exp|cucurbita_maxima,species:cucurbita_maxima,OF_SPECIES,,,,,
cultivar:moranga_exp|cucurbita_maxima,region:mg,PRODUCED_IN,,24.71,10.9,12.0,9.0
cultivar:moranga_exp|cucurbita_maxima,region:rs,PRODUCED_IN,,4.67,1.05,3.0,2.0
cultivar:moranga_exposiaao|cucurbita_maxima,species:cucurbita_maxima,OF_SPECIES,,,,,
cultivar:moranga_exposiaao|cucurbita_maxima,region:ba,PRODUCED_IN,,1.0,0.6,1.0,1.0
cultivar:moranga_exposiaao|cucurbita_maxima,region:go,PRODUCED_IN,,0.25,0.15,1.0,1.0
cultivar:moranga_exposiaao|cucurbita_maxima,region:mg,PRODUCED_IN,,62.46,32.35,31.0,14.0
cultivar:moranga_exposiaao|cucurbita_maxima,region:pe,PRODUCED_IN,,1.8,0.6,1.0,1.0
cultivar:moranga_exposiaao|cucurbita_maxima,region:rs,PRODUCED_IN,,1.5,0.4,2.0,1.0
cultivar:moranga_exposiaao|cucurbita_maxima,region:se,PRODUCED_IN,,0.6,0.3,1.0,1.0
cultivar:moranga_exposiaao|cucurbita_maxima,region:sp,PRODUCED_IN,,0.23,0.08,2.0,2.0
cultivar:ouro_rosa|cucurbita_maxima,species:cucurbita_maxima,OF_SPECIES,,,,,
cultivar:ouro_rosa|cucurbita_maxima,region:mg,PRODUCED_IN,,0.5,0.2,1.0,1.0
cultivar:ouro_rosa|cucurbita_maxima,region:rs,PRODUCED_IN,,0.3,0.05,1.0,1.0
cultivar:pataca_gigante|cucurbita_maxima,species:cucurbita_maxima,OF_SPECIES,,,,,
cultivar:pataca_gigante|cucurbita_maxima,region:mg,PRODUCED_IN,,1.87,0.75,3.0,3.0
cultivar:pataca_gigante|cucurbita_maxima,region:rs,PRODUCED_IN,,25.99,5.3,75.0,12.0
cultivar:poliniza|cucurbita_maxima,species:cucurbita_maxima,OF_SPECIES,,,,,
cultivar:poliniza|cucurbita_maxima,region:rs,PRODUCED_IN,,0.18,0.04,1.0,1.0
cultivar:sc4_15|cucurbita_maxima,species:cucurbita_maxima,OF_SPECIES,,,,,
cultivar:sc4_15|cucurbita_maxima,region:sp,PRODUCED_IN,,0.17,0.01,5.0,5.0
cultivar:samantha|cucurbita_maxima,species:cucurbita_maxima,OF_SPECIES,,,,,
cultivar:samantha|cucurbita_maxima,region:sp,PRODUCED_IN,,0.01,0.0,1.0,1.0
cultivar:sul_mineiro|cucurbita_maxima,species:cucurbita_maxima,OF_SPECIES,,,,,
cultivar:sul_mineiro|cucurbita_maxima,region:mg,PRODUCED_IN,,2.8,1.2,2.0,2.0
cultivar:sul_mineiro|cucurbita_maxima,region:rs,PRODUCED_IN,,17.55,3.27,57.0,8.0
cultivar:tortuga|cucurbita_maxima,species:cucurbita_maxima,OF_SPECIES,,,,,
cultivar:tortuga|cucurbita_maxima,region:mg,PRODUCED_IN,,7.16,3.29,8.0,7.0
cultivar:tortuga|cucurbita_maxima,region:rs,PRODUCED_IN,,5.35,1.27,7.0,5.0
cultivar:vsq_535|cucurbita_maxima,species:cucurbita_maxima,OF_SPECIES,,,,,
cultivar:vsq_535|cucurbita_maxima,region:mg,PRODUCED_IN,,0.7,0.2,2.0,2.0
cultivar:vsq_535|cucurbita_maxima,region:rs,PRODUCED_IN,,0.05,0.05,1.0,1.0
cultivar:vsq_535|cucurbita_maxima,region:sp,PRODUCED_IN,,0.24,0.17,2.0,1.0
cultivar:vsq080g|cucurbita_maxima,species:cucurbita_maxima,OF_SPECIES,,,,,
cultivar:vsq080g|cucurbita_maxima,region:mg,PRODUCED_IN,,0.12,0.03,1.0,1.0
cultivar:vsq604|cucurbita_maxima,species:cucurbita_maxima,OF_SPECIES,,,,,
cultivar:vsq604|cucurbita_maxima,region:mg,PRODUCED_IN,,1.6,0.4,1.0,1.0
cultivar:vsq609|cucurbita_maxima,species:cucurbita_maxima,OF_SPECIES,,,,,
cultivar:vsq609|cucurbita_maxima,region:mg,PRODUCED_IN,,19.55,5.05,7.0,5.0
cultivar:vsq620|cucurbita_maxima,species:cucurbita_maxima,OF_SPECIES,,,,,
cultivar:vsq620|cucurbita_maxima,region:mg,PRODUCED_IN,,7.49,1.47,3.0,3.0
cultivar:af17309|cucurbita_maxima,species:cucurbita_maxima,OF_SPECIES,,,,,
cultivar:af17309|cucurbita_maxima,region:mg,PRODUCED_IN,,0.3,0.03,1.0,1.0
cultivar:af17309|cucurbita_maxima,region:sp,PRODUCED_IN,,0.08,0.01,2.0,2.0
cultivar:af17320|cucurbita_maxima,species:cucurbita_maxima,OF_SPECIES,,,,,
cultivar:af17320|cucurbita_maxima,region:rs,PRODUCED_IN,,0.11,0.02,1.0,1.0
cultivar:af17320|cucurbita_maxima,region:sp,PRODUCED_IN,,0.08,0.01,2.0,2.0
cultivar:af18800|cucurbita_maxima,species:cucurbita_maxima,OF_SPECIES,,,,,
cultivar:af18800|cucurbita_maxima,region:mg,PRODUCED_IN,,0.67,0.08,3.0,3.0
cultivar:af18804|cucurbita_maxima,species:cucurbita_maxima,OF_SPECIES,,,,,
cultivar:af18804|cucurbita_maxima,region:mg,PRODUCED_IN,,0.5,0.05,2.0,2.0
cultivar:af18809|cucurbita_maxima,species:cucurbita_maxima,OF_SPECIES,,,,,
cultivar:af18809|cucurbita_maxima,region:mg,PRODUCED_IN,,0.25,0.03,1.0,1.0
cultivar:ak_f01|cucurbita_maxima,species:cucurbita_maxima,OF_SPECIES,,,,,
cultivar:ak_f01|cucurbita_maxima,region:rs,PRODUCED_IN,,0.51,0.2,2.0,2.0
cultivar:ak_f01|cucurbita_maxima,region:sp,PRODUCED_IN,,0.15,0.05,1.0,1.0
cultivar:ak_m01|cucurbita_maxima,species:cucurbita_maxima,OF_SPECIES,,,,,
cultivar:ak_m01|cucurbita_maxima,region:rs,PRODUCED_IN,,0.51,0.2,2.0,2.0
cultivar:ak_m01|cucurbita_maxima,region:sp,PRODUCED_IN,,0.15,0.05,1.0,1.0
cultivar:aragon|cucurbita_maxima,species:cucurbita_maxima,OF_SPECIES,,,,,
cultivar:aragon|cucurbita_maxima,region:mg,PRODUCED_IN,,3.75,0.85,3.0,3.0
cultivar:divina|cucurbita_maxima,species:cucurbita_maxima,OF_SPECIES,,,,,
cultivar:divina|cucurbita_maxima,region:mg,PRODUCED_IN,,1.0,0.15,1.0,1.0
cultivar:divina|cucurbita_maxima,region:rs,PRODUCED_IN,,3.01,0.48,2.0,1.0
cultivar:fuji|cucurbita_maxima,species:cucurbita_maxima,OF_SPECIES,,,,,
cultivar:fuji|cucurbita_maxima,region:mg,PRODUCED_IN,,79.87,11.28,24.0,6.0
cultivar:fuji|cucurbita_maxima,region:rs,PRODUCED_IN,,10.35,1.62,6.0,4.0
cultivar:fuji|cucurbita_maxima,region:sp,PRODUCED_IN,,0.15,0.04,4.0,4.0
cultivar:hiroko|cucurbita_maxima,species:cucurbita_maxima,OF_SPECIES,,,,,
cultivar:hiroko|cucurbita_maxima,region:mg,PRODUCED_IN,,99.8,19.71,57.0,11.0
cultivar:hiroko|cucurbita_maxima,region:rs,PRODUCED_IN,,2.0,0.35,2.0,2.0
cultivar:jabras|cucurbita_maxima,species:cucurbita_maxima,OF_SPECIES,,,,,
cultivar:jabras|cucurbita_maxima,region:mg,PRODUCED_IN,,16.56,3.64,13.0,8.0
cultivar:jabras|cucurbita_maxima,region:rs,PRODUCED_IN,,2.0,0.39,2.0,2.0
cultivar:jabras|cucurbita_maxima,region:sc,PRODUCED_IN,,1.0,0.2,1.0,1.0
cultivar:jabras|cucurbita_maxima,region:sp,PRODUCED_IN,,0.33,0.36,5.0,3.0
cultivar:kin|cucurbita_maxima,species:cucurbita_maxima,OF_SPECIES,,,,,
cultivar:kin|cucurbita_maxima,region:mg,PRODUCED_IN,,23.25,3.69,12.0,10.0
cultivar:kin|cucurbita_maxima,region:sp,PRODUCED_IN,,0.03,0.01,1.0,1.0
cultivar:kaizen|cucurbita_maxima,species:cucurbita_maxima,OF_SPECIES,,,,,
cultivar:kaizen|cucurbita_maxima,region:mg,PRODUCED_IN,,5.0,0.4,1.0,1.0
cultivar:kururu|cucurbita_maxima,species:cucurbita_maxima,OF_SPECIES,,,,,
cultivar:kururu|cucurbita_maxima,region:mg,PRODUCED_IN,,7.63,2.63,7.0,5.0
cultivar:kyoto|cucurbita_maxima,species:cucurbita_maxima,OF_SPECIES,,,,,
cultivar:kyoto|cucurbita_maxima,region:mg,PRODUCED_IN,,0.05,0.0,1.0,1.0
cultivar:kyoto|cucurbita_maxima,region:rs,PRODUCED_IN,,1.0,0.5,1.0,1.0
cultivar:morita|cucurbita_maxima,species:cucurbita_maxima,OF_SPECIES,,,,,
cultivar:morita|cucurbita_maxima,region:mg,PRODUCED_IN,,3.0,0.12,1.0,1.0
cultivar:malibu|cucurbita_maxima,species:cucurbita_maxima,OF_SPECIES,,,,,
cultivar:malibu|cucurbita_maxima,region:mg,PRODUCED_IN,,24.25,3.95,7.0,4.0
cultivar:montana|cucurbita_maxima,species:cucurbita_maxima,OF_SPECIES,,,,,
cultivar:montana|cucurbita_maxima,region:mg,PRODUCED_IN,,206.46,23.55,44.0,8.0
cultivar:montana|cucurbita_maxima,region:rs,PRODUCED_IN,,12.5,2.22,7.0,5.0
cultivar:montana|cucurbita_maxima,region:sp,PRODUCED_IN,,0.69,90.69,10.0,6.0
cultivar:nara|cucurbita_maxima,species:cucurbita_maxima,OF_SPECIES,,,,,
cultivar:nara|cucurbita_maxima,region:sp,PRODUCED_IN,,0.02,0.0,3.0,2.0
cultivar:okamoto|cucurbita_maxima,species:cucurbita_maxima,OF_SPECIES,,,,,
cultivar:okamoto|cucurbita_maxima,region:ba,PRODUCED_IN,,9.0,0.3,1.0,1.0
cultivar:okamoto|cucurbita_maxima,region:mg,PRODUCED_IN,,115.02,4.25,34.0,5.0
cultivar:okamoto|cucurbita_maxima,region:rs,PRODUCED_IN,,1.0,0.03,1.0,1.0
cultivar:okamoto|cucurbita_maxima,region:sp,PRODUCED_IN,,10.0,0.56,3.0,2.0
cultivar:okinawa|cucurbita_maxima,species:cucurbita_maxima,OF_SPECIES,,,,,
cultivar:okinawa|cucurbita_maxima,region:mg,PRODUCED_IN,,12.0,1.16,5.0,3.0
cultivar:okinawa|cucurbita_maxima,region:rs,PRODUCED_IN,,1.0,0.15,2.0,1.0
cultivar:okinawa|cucurbita_maxima,region:sp,PRODUCED_IN,,0.01,0.0,1.0,1.0
cultivar:soberana|cucurbita_maxima,species:cucurbita_maxima,OF_SPECIES,,,,,
cultivar:soberana|cucurbita_maxima,region:mg,PRODUCED_IN,,14.17,2.33,8.0,6.0
cultivar:soberana|cucurbita_maxima,region:rs,PRODUCED_IN,,5.21,1.02,4.0,4.0
cultivar:tetsukabuto_sk|cucurbita_maxima,species:cucurbita_maxima,OF_SPECIES,,,,,
cultivar:tetsukabuto_sk|cucurbita_maxima,region:sp,PRODUCED_IN,,0.05,0.01,1.0,1.0
cultivar:turmalina|cucurbita_maxima,species:cucurbita_maxima,OF_SPECIES,,,,,
cultivar:turmalina|cucurbita_maxima,region:mg,PRODUCED_IN,,22.85,1.1,10.0,5.0
cultivar:vsq_505|cucurbita_maxima,species:cucurbita_maxima,OF_SPECIES,,,,,
cultivar:vsq_505|cucurbita_maxima,region:mg,PRODUCED_IN,,232.97,64.81,38.0,7.0
cultivar:xoda|cucurbita_maxima,species:cucurbita_maxima,OF_SPECIES,,,,,
cultivar:xoda|cucurbita_maxima,region:sp,PRODUCED_IN,,0.01,0.0,1.0,1.0
cultivar:yumi|cucurbita_maxima,species:cucurbita_maxima,OF_SPECIES,,,,,
cultivar:yumi|cucurbita_maxima,region:mg,PRODUCED_IN,,10.67,2.5,7.0,5.0
cultivar:yumi|cucurbita_maxima,region:sc,PRODUCED_IN,,1.0,0.2,1.0,1.0
cultivar:yumi|cucurbita_maxima,region:sp,PRODUCED_IN,,2.15,0.59,11.0,5.0
species:cucurbita_moschata,crop:c_37735,IS_A,100.0,,,,
cultivar:19abo10698|cucurbita_moschata,species:cucurbita_moschata,OF_SPECIES,,,,,
cultivar:19abo10698|cucurbita_moschata,region:sp,PRODUCED_IN,,0.2,12.0,1.0,1.0
cultivar:21abo11683|cucurbita_moschata,species:cucurbita_moschata,OF_SPECIES,,,,,
cultivar:21abo11683|cucurbita_moschata,region:sp,PRODUCED_IN,,0.03,0.01,1.0,1.0
cultivar:21abo11741|cucurbita_moschata,species:cucurbita_moschata,OF_SPECIES,,,,,
cultivar:21abo11741|cucurbita_moschata,region:sp,PRODUCED_IN,,2.0,0.3,1.0,1.0
cultivar:22abo12560|cucurbita_moschata,species:cucurbita_moschata,OF_SPECIES,,,,,
cultivar:22abo12560|cucurbita_moschata,region:sp,PRODUCED_IN,,0.15,0.01,1.0,1.0
cultivar:22abo12565|cucurbita_moschata,species:cucurbita_moschata,OF_SPECIES,,,,,
cultivar:22abo12565|cucurbita_moschata,region:sp,PRODUCED_IN,,0.01,0.01,1.0,1.0
cultivar:23abo12698|cucurbita_moschata,species:cucurbita_moschata,OF_SPECIES,,,,,
cultivar:23abo12698|cucurbita_moschata,region:sp,PRODUCED_IN,,0.01,0.0,1.0,1.0
cultivar:23abo12700|cucurbita_moschata,species:cucurbita_moschata,OF_SPECIES,,,,,
cultivar:23abo12700|cucurbita_moschata,region:sp,PRODUCED_IN,,0.1,0.0,1.0,1.0
cultivar:ab_01|cucurbita_moschata,species:cucurbita_moschata,OF_SPECIES,,,,,
cultivar:ab_01|cucurbita_moschata,region:rs,PRODUCED_IN,,12.95,3.04,6.0,5.0
cultivar:ab_02|cucurbita_moschata,species:cucurbita_moschata,OF_SPECIES,,,,,
cultivar:ab_02|cucurbita_moschata,region:mg,PRODUCED_IN,,2.0,1.0,1.0,1.0
cultivar:ab_02|cucurbita_moschata,region:rs,PRODUCED_IN,,4.95,2.24,5.0,4.0
cultivar:ab_05|cucurbita_moschata,species:cucurbita_moschata,OF_SPECIES,,,,,
cultivar:ab_05|cucurbita_moschata,region:rs,PRODUCED_IN,,28.95,6.89,28.0,5.0
cultivar:ab_07|cucurbita_moschata,species:cucurbita_moschata,OF_SPECIES,,,,,
cultivar:ab_07|cucurbita_moschata,region:sp,PRODUCED_IN,,0.2,0.1,1.0,1.0
cultivar:af_14800|cucurbita_moschata,species:cucurbita_moschata,OF_SPECIES,,,,,
cultivar:af_14800|cucurbita_moschata,region:sp,PRODUCED_IN,,0.05,0.01,1.0,1.0
cultivar:af_7513|cucurbita_moschata,species:cucurbita_moschata,OF_SPECIES,,,,,
cultivar:af_7513|cucurbita_moschata,region:sp,PRODUCED_IN,,0.25,0.01,1.0,1.0
cultivar:af_7527|cucurbita_moschata,species:cucurbita_moschata,OF_SPECIES,,,,,
cultivar:af_7527|cucurbita_moschata,region:mg,PRODUCED_IN,,1.4,0.16,2.0,2.0
cultivar:af_7527|cucurbita_moschata,region:sp,PRODUCED_IN,,0.25,0.01,1.0,1.0
cultivar:af_7542|cucurbita_moschata,species:cucurbita_moschata,OF_SPECIES,,,,,
cultivar:af_7542|cucurbita_moschata,region:sp,PRODUCED_IN,,0.05,0.01,1.0,1.0
cultivar:af13518|cucurbita_moschata,species:cucurbita_moschata,OF_SPECIES,,,,,
cultivar:af13518|cucurbita_moschata,region:mg,PRODUCED_IN,,0.5,0.05,1.0,1.0
cultivar:af13518|cucurbita_moschata,region:sp,PRODUCED_IN,,0.17,0.01,3.0,3.0
cultivar:af15449|cucurbita_moschata,species:cucurbita_moschata,OF_SPECIES,,,,,
cultivar:af15449|cucurbita_moschata,region:sp,PRODUCED_IN,,0.08,0.01,1.0,1.0
cultivar:af15488|cucurbita_moschata,species:cucurbita_moschata,OF_SPECIES,,,,,
cultivar:af15488|cucurbita_moschata,region:mg,PRODUCED_IN,,5.06,1.05,8.0,6.0
cultivar:af15488|cucurbita_moschata,region:sp,PRODUCED_IN,,0.25,0.09,5.0,3.0
cultivar:af16411|cucurbita_moschata,species:cucurbita_moschata,OF_SPECIES,,,,,
cultivar:af16411|cucurbita_moschata,region:sp,PRODUCED_IN,,0.11,0.02,2.0,2.0
cultivar:af16413|cucurbita_moschata,species:cucurbita_moschata,OF_SPECIES,,,,,
cultivar:af16413|cucurbita_moschata,region:sp,PRODUCED_IN,,0.11,0.02,2.0,2.0
cultivar:af16416|cucurbita_moschata,species:cucurbita_moschata,OF_SPECIES,,,,,
cultivar:af16416|cucurbita_moschata,region:sp,PRODUCED_IN,,0.05,0.01,1.0,1.0
cultivar:af18054|cucurbita_moschata,species:cucurbita_moschata,OF_SPECIES,,,,,
cultivar:af18054|cucurbita_moschata,region:mg,PRODUCED_IN,,44.07,5.05,10.0,6.0
cultivar:af18054|cucurbita_moschata,region:rs,PRODUCED_IN,,1.0,0.13,1.0,1.0
cultivar:af18054|cucurbita_moschata,region:sp,PRODUCED_IN,,0.55,0.06,10.0,8.0
cultivar:af18087|cucurbita_moschata,species:cucurbita_moschata,OF_SPECIES,,,,,
cultivar:af18087|cucurbita_moschata,region:mg,PRODUCED_IN,,0.5,0.07,2.0,2.0
cultivar:af18087|cucurbita_moschata,region:sp,PRODUCED_IN,,0.3,0.01,3.0,3.0
cultivar:af18098|cucurbita_moschata,species:cucurbita_moschata,OF_SPECIES,,,,,
cultivar:af18098|cucurbita_moschata,region:mg,PRODUCED_IN,,16.93,2.53,6.0,5.0
cultivar:af18140|cucurbita_moschata,species:cucurbita_moschata,OF_SPECIES,,,,,
cultivar:af18140|cucurbita_moschata,region:mg,PRODUCED_IN,,41.77,13.6,14.0,7.0
cultivar:af18140|cucurbita_moschata,region:sp,PRODUCED_IN,,0.18,0.03,4.0,4.0
cultivar:af19868|cucurbita_moschata,species:cucurbita_moschata,OF_SPECIES,,,,,
cultivar:af19868|cucurbita_moschata,region:mg,PRODUCED_IN,,0.2,0.02,1.0,1.0
cultivar:af19930|cucurbita_moschata,species:cucurbita_moschata,OF_SPECIES,,,,,
cultivar:af19930|cucurbita_moschata,region:mg,PRODUCED_IN,,0.84,0.12,2.0,2.0
cultivar:af30178|cucurbita_moschata,species:cucurbita_moschata,OF_SPECIES,,,,,
cultivar:af30178|cucurbita_moschata,region:mg,PRODUCED_IN,,2.0,0.3,1.0,1.0
cultivar:af30683|cucurbita_moschata,species:cucurbita_moschata,OF_SPECIES,,,,,
cultivar:af30683|cucurbita_moschata,region:mg,PRODUCED_IN,,0.8,0.08,1.0,1.0
cultivar:af30683|cucurbita_moschata,region:rs,PRODUCED_IN,,0.63,0.05,1.0,1.0
cultivar:af32055|cucurbita_moschata,species:cucurbita_moschata,OF_SPECIES,,,,,
cultivar:af32055|cucurbita_moschata,region:mg,PRODUCED_IN,,1.2,0.18,1.0,1.0
cultivar:af35310|cucurbita_moschata,species:cucurbita_moschata,OF_SPECIES,,,,,
cultivar:af35310|cucurbita_moschata,region:mg,PRODUCED_IN,,3.0,0.8,2.0,2.0
cultivar:af35414|cucurbita_moschata,species:cucurbita_moschata,OF_SPECIES,,,,,
cultivar:af35414|cucurbita_moschata,region:mg,PRODUCED_IN,,1.2,0.18,1.0,1.0
cultivar:atlas|cucurbita_moschata,species:cucurbita_moschata,OF_SPECIES,,,,,
cultivar:atlas|cucurbita_moschata,region:mg,PRODUCED_IN,,225.98,38.99,54.0,10.0
cultivar:atlas|cucurbita_moschata,region:sp,PRODUCED_IN,,0.78,0.03,3.0,3.0
cultivar:brs_brasileirinha|cucurbita_moschata,species:cucurbita_moschata,OF_SPECIES,,,,,
cultivar:brs_brasileirinha|cucurbita_moschata,region:df,PRODUCED_IN,,0.17,0.0,2.0,2.0
cultivar:brs_brasileirinha|cucurbita_moschata,region:mg,PRODUCED_IN,,2.1,0.68,3.0,3.0
cultivar:brs_celebraaao|cucurbita_moschata,species:cucurbita_moschata,OF_SPECIES,,,,,
cultivar:brs_celebraaao|cucurbita_moschata,region:df,PRODUCED_IN,,0.01,0.0,1.0,1.0
cultivar:brs_graciosa|cucurbita_moschata,species:cucurbita_moschata,OF_SPECIES,,,,,
cultivar:brs_graciosa|cucurbita_moschata,region:df,PRODUCED_IN,,0.17,0.0,2.0,2.0
cultivar:bahiana_tropical|cucurbita_moschata,species:cucurbita_moschata,OF_SPECIES,,,,,
cultivar:bahiana_tropical|cucurbita_moschata,region:ba,PRODUCED_IN,,1.0,0.35,1.0,1.0
cultivar:bahiana_tropical|cucurbita_moschata,region:go,PRODUCED_IN,,2.0,0.6,1.0,1.0
cultivar:bahiana_tropical|cucurbita_moschata,region:mg,PRODUCED_IN,,98.72,28.41,38.0,11.0
cultivar:bahiana_tropical|cucurbita_moschata,region:se,PRODUCED_IN,,2.5,0.95,2.0,1.0
cultivar:biocosta|cucurbita_moschata,species:cucurbita_moschata,OF_SPECIES,,,,,
cultivar:biocosta|cucurbita_moschata,region:mg,PRODUCED_IN,,0.2,0.04,1.0,1.0
cultivar:biocosta|cucurbita_moschata,region:sp,PRODUCED_IN,,0.45,0.03,3.0,3.0
cultivar:bogota|cucurbita_moschata,species:cucurbita_moschata,OF_SPECIES,,,,,
cultivar:bogota|cucurbita_moschata,region:sp,PRODUCED_IN,,0.27,0.05,4.0,3.0
cultivar:bonna|cucurbita_moschata,species:cucurbita_moschata,OF_SPECIES,,,,,
cultivar:bonna|cucurbita_moschata,region:rs,PRODUCED_IN,,0.1,0.01,1.0,1.0
cultivar:butternut|cucurbita_moschata,species:cucurbita_moschata,OF_SPECIES,,,,,
cultivar:butternut|cucurbita_moschata,region:mg,PRODUCED_IN,,0.5,0.2,1.0,1.0
cultivar:butternut|cucurbita_moschata,region:sp,PRODUCED_IN,,0.02,0.01,1.0,1.0
cultivar:barbara|cucurbita_moschata,species:cucurbita_moschata,OF_SPECIES,,,,,
cultivar:barbara|cucurbita_moschata,region:mg,PRODUCED_IN,,299.36,45.33,63.0,13.0
cultivar:barbara|cucurbita_moschata,region:sp,PRODUCED_IN,,0.03,0.01,1.0,1.0
cultivar:coraaao|cucurbita_moschata,species:cucurbita_moschata,OF_SPECIES,,,,,
cultivar:coraaao|cucurbita_moschata,region:mg,PRODUCED_IN,,0.5,0.25,1.0,1.0
cultivar:coraaao|cucurbita_moschata,region:rs,PRODUCED_IN,,0.5,0.2,1.0,1.0
cultivar:caipira|cucurbita_moschata,species:cucurbita_moschata,OF_SPECIES,,,,,
cultivar:caipira|cucurbita_moschata,region:ba,PRODUCED_IN,,1.0,0.5,1.0,1.0
cultivar:caipira|cucurbita_moschata,region:go,PRODUCED_IN,,3.35,0.65,3.0,2.0
cultivar:caipira|cucurbita_moschata,region:mg,PRODUCED_IN,,14.0,2.55,5.0,5.0
cultivar:canesi|cucurbita_moschata,species:cucurbita_moschata,OF_SPECIES,,,,,
cultivar:canesi|cucurbita_moschata,region:mg,PRODUCED_IN,,3.0,0.45,3.0,1.0
cultivar:canesi|cucurbita_moschata,region:sp,PRODUCED_IN,,3.48,0.84,6.0,4.0
cultivar:canhao_seca_gigante|cucurbita_moschata,species:cucurbita_moschata,OF_SPECIES,,,,,
cultivar:canhao_seca_gigante|cucurbita_moschata,region:mg,PRODUCED_IN,,43.5,13.86,12.0,6.0
cultivar:canhao_seca_gigante|cucurbita_moschata,region:rs,PRODUCED_IN,,6.0,0.8,3.0,1.0
cultivar:caravela|cucurbita_moschata,species:cucurbita_moschata,OF_SPECIES,,,,,
cultivar:caravela|cucurbita_moschata,region:sp,PRODUCED_IN,,0.05,0.02,1.0,1.0
cultivar:caravelle|cucurbita_moschata,species:cucurbita_moschata,OF_SPECIES,,,,,
cultivar:caravelle|cucurbita_moschata,region:go,PRODUCED_IN,,0.1,0.02,1.0,1.0
cultivar:caravelle|cucurbita_moschata,region:mg,PRODUCED_IN,,4.5,0.85,4.0,3.0
cultivar:chicago|cucurbita_moschata,species:cucurbita_moschata,OF_SPECIES,,,,,
cultivar:chicago|cucurbita_moschata,region:mg,PRODUCED_IN,,2.5,0.9,2.0,2.0
cultivar:chicago|cucurbita_moschata,region:rs,PRODUCED_IN,,1.0,0.2,1.0,1.0
cultivar:cigana|cucurbita_moschata,species:cucurbita_moschata,OF_SPECIES,,,,,
cultivar:cigana|cucurbita_moschata,region:mg,PRODUCED_IN,,2.2,0.36,3.0,3.0
cultivar:cosmos|cucurbita_moschata,species:cucurbita_moschata,OF_SPECIES,,,,,
cultivar:cosmos|cucurbita_moschata,region:mg,PRODUCED_IN,,3.53,0.52,4.0,4.0
cultivar:cosmos|cucurbita_moschata,region:sp,PRODUCED_IN,,0.17,0.03,4.0,4.0
cultivar:daiane|cucurbita_moschata,species:cucurbita_moschata,OF_SPECIES,,,,,
cultivar:daiane|cucurbita_moschata,region:mg,PRODUCED_IN,,61.79,7.48,40.0,13.0
cultivar:daiane|cucurbita_moschata,region:pi,PRODUCED_IN,,0.04,0.01,1.0,1.0
cultivar:daiane|cucurbita_moschata,region:sp,PRODUCED_IN,,0.05,0.01,2.0,2.0
cultivar:esmeralda_brasileira|cucurbita_moschata,species:cucurbita_moschata,OF_SPECIES,,,,,
cultivar:esmeralda_brasileira|cucurbita_moschata,region:mg,PRODUCED_IN,,0.53,0.19,3.0,2.0
cultivar:estar|cucurbita_moschata,species:cucurbita_moschata,OF_SPECIES,,,,,
cultivar:estar|cucurbita_moschata,region:mg,PRODUCED_IN,,23.08,4.52,14.0,9.0
cultivar:estar|cucurbita_moschata,region:sp,PRODUCED_IN,,0.02,0.0,3.0,3.0
cultivar:gemini|cucurbita_moschata,species:cucurbita_moschata,OF_SPECIES,,,,,
cultivar:gemini|cucurbita_moschata,region:mg,PRODUCED_IN,,24.01,1.82,7.0,3.0
cultivar:gemini|cucurbita_moschata,region:rs,PRODUCED_IN,,0.4,0.03,1.0,1.0
cultivar:gemini|cucurbita_moschata,region:sp,PRODUCED_IN,,0.43,0.04,7.0,4.0
cultivar:goianinha|cucurbita_moschata,species:cucurbita_moschata,OF_SPECIES,,,,,
cultivar:goianinha|cucurbita_moschata,region:ba,PRODUCED_IN,,7.2,1.76,5.0,3.0
cultivar:goianinha|cucurbita_moschata,region:mg,PRODUCED_IN,,40.06,13.85,30.0,10.0
cultivar:goianinha|cucurbita_moschata,region:rs,PRODUCED_IN,,1.53,0.54,5.0,5.0
cultivar:guaruja|cucurbita_moschata,species:cucurbita_moschata,OF_SPECIES,,,,,
cultivar:guaruja|cucurbita_moschata,region:mg,PRODUCED_IN,,7.8,1.19,4.0,4.0
cultivar:ht_75|cucurbita_moschata,species:cucurbita_moschata,OF_SPECIES,,,,,
cultivar:ht_75|cucurbita_moschata,region:mg,PRODUCED_IN,,7.4,2.29,4.0,3.0
cultivar:ht_75|cucurbita_moschata,region:sp,PRODUCED_IN,,0.6,0.16,2.0,2.0
cultivar:halloween|cucurbita_moschata,species:cucurbita_moschata,OF_SPECIES,,,,,
cultivar:halloween|cucurbita_moschata,region:mg,PRODUCED_IN,,1.0,0.2,1.0,1.0
cultivar:halloween|cucurbita_moschata,region:rs,PRODUCED_IN,,0.1,0.05,1.0,1.0
cultivar:is_036|cucurbita_moschata,species:cucurbita_moschata,OF_SPECIES,,,,,
cultivar:is_036|cucurbita_moschata,region:mg,PRODUCED_IN,,0.4,0.15,1.0,1.0
cultivar:is_913|cucurbita_moschata,species:cucurbita_moschata,OF_SPECIES,,,,,
cultivar:is_913|cucurbita_moschata,region:rs,PRODUCED_IN,,0.05,0.0,1.0,1.0
cultivar:itapua_301|cucurbita_moschata,species:cucurbita_moschata,OF_SPECIES,,,,,
cultivar:itapua_301|cucurbita_moschata,region:mg,PRODUCED_IN,,70.88,25.74,28.0,8.0
cultivar:itapua_301|cucurbita_moschata,region:rs,PRODUCED_IN,,0.05,0.01,1.0,1.0
cultivar:jacarezinho|cucurbita_moschata,species:cucurbita_moschata,OF_SPECIES,,,,,
cultivar:jacarezinho|cucurbita_moschata,region:ba,PRODUCED_IN,,14.55,4.35,6.0,2.0
cultivar:jacarezinho|cucurbita_moschata,region:mg,PRODUCED_IN,,46.15,18.98,16.0,8.0
cultivar:jacarezinho|cucurbita_moschata,region:pe,PRODUCED_IN,,13.3,3.74,5.0,2.0
cultivar:jacarezinho|cucurbita_moschata,region:rs,PRODUCED_IN,,1.0,0.5,1.0,1.0
cultivar:jack|cucurbita_moschata,species:cucurbita_moschata,OF_SPECIES,,,,,
cultivar:jack|cucurbita_moschata,region:mg,PRODUCED_IN,,8.1,2.53,7.0,6.0
cultivar:jack|cucurbita_moschata,region:sp,PRODUCED_IN,,0.1,0.01,1.0,1.0
cultivar:lily|cucurbita_moschata,species:cucurbita_moschata,OF_SPECIES,,,,,
cultivar:lily|cucurbita_moschata,region:sp,PRODUCED_IN,,0.05,0.01,1.0,1.0
cultivar:landa|cucurbita_moschata,species:cucurbita_moschata,OF_SPECIES,,,,,
cultivar:landa|cucurbita_moschata,region:mg,PRODUCED_IN,,35.4,5.82,21.0,13.0
cultivar:landa|cucurbita_moschata,region:rs,PRODUCED_IN,,2.12,0.12,3.0,3.0
cultivar:landa|cucurbita_moschata,region:sp,PRODUCED_IN,,1.22,0.08,5.0,4.0
cultivar:leonis|cucurbita_moschata,species:cucurbita_moschata,OF_SPECIES,,,,,
cultivar:leonis|cucurbita_moschata,region:mg,PRODUCED_IN,,0.5,0.05,1.0,1.0
cultivar:luara|cucurbita_moschata,species:cucurbita_moschata,OF_SPECIES,,,,,
cultivar:luara|cucurbita_moschata,region:mg,PRODUCED_IN,,1.2,0.14,1.0,1.0
cultivar:maitaa|cucurbita_moschata,species:cucurbita_moschata,OF_SPECIES,,,,,
cultivar:maitaa|cucurbita_moschata,region:mg,PRODUCED_IN,,4.3,0.88,5.0,5.0
cultivar:maitaa|cucurbita_moschata,region:sp,PRODUCED_IN,,1.0,0.09,1.0,1.0
cultivar:majestade|cucurbita_moschata,species:cucurbita_moschata,OF_SPECIES,,,,,
cultivar:majestade|cucurbita_moschata,region:mg,PRODUCED_IN,,7.23,1.17,5.0,4.0
cultivar:mama_tingo|cucurbita_moschata,species:cucurbita_moschata,OF_SPECIES,,,,,
cultivar:mama_tingo|cucurbita_moschata,region:mg,PRODUCED_IN,,4.7,1.26,4.0,4.0
cultivar:mama_tingo|cucurbita_moschata,region:sp,PRODUCED_IN,,0.03,0.0,1.0,1.0
cultivar:maranhao|cucurbita_moschata,species:cucurbita_moschata,OF_SPECIES,,,,,
cultivar:maranhao|cucurbita_moschata,region:ba,PRODUCED_IN,,5.0,1000.0,1.0,1.0
cultivar:maranhao|cucurbita_moschata,region:mg,PRODUCED_IN,,129.7,1466.0,25.0,16.0
cultivar:maranhao|cucurbita_moschata,region:rs,PRODUCED_IN,,0.05,0.03,1.0,1.0
cultivar:marieta|cucurbita_moschata,species:cucurbita_moschata,OF_SPECIES,,,,,
cultivar:marieta|cucurbita_moschata,region:mg,PRODUCED_IN,,9.8,1.34,6.0,3.0
cultivar:marieta|cucurbita_moschata,region:sp,PRODUCED_IN,,0.4,0.03,1.0,1.0
cultivar:marte|cucurbita_moschata,species:cucurbita_moschata,OF_SPECIES,,,,,
cultivar:marte|cucurbita_moschata,region:mg,PRODUCED_IN,,17.27,1.75,6.0,4.0
cultivar:marte|cucurbita_moschata,region:rs,PRODUCED_IN,,0.5,0.05,1.0,1.0
cultivar:marte|cucurbita_moschata,region:sp,PRODUCED_IN,,1.82,0.05,5.0,3.0
cultivar:medelin|cucurbita_moschata,species:cucurbita_moschata,OF_SPECIES,,,,,
cultivar:medelin|cucurbita_moschata,region:sp,PRODUCED_IN,,0.6,0.03,2.0,1.0
cultivar:menina_brasileira|cucurbita_moschata,species:cucurbita_moschata,OF_SPECIES,,,,,
cultivar:menina_brasileira|cucurbita_moschata,region:go,PRODUCED_IN,,0.4,0.1,1.0,1.0
cultivar:menina_brasileira|cucurbita_moschata,region:mg,PRODUCED_IN,,312.6,111.2,106.0,14.0
cultivar:menina_brasileira|cucurbita_moschata,region:rs,PRODUCED_IN,,35.98,6.92,163.0,15.0
cultivar:menina_brasileira|cucurbita_moschata,region:sp,PRODUCED_IN,,0.27,0.01,3.0,3.0
cultivar:menina_brasileira_pescoao_torto|cucurbita_moschata,species:cucurbita_moschata,OF_SPECIES,,,,,
cultivar:menina_brasileira_pescoao_torto|cucurbita_moschata,region:mg,PRODUCED_IN,,1.5,0.6,1.0,1.0
cultivar:menina_rajada_seca|cucurbita_moschata,species:cucurbita_moschata,OF_SPECIES,,,,,
cultivar:menina_rajada_seca|cucurbita_moschata,region:mg,PRODUCED_IN,,133.37,38.86,59.0,14.0
cultivar:menina_rajada_seca|cucurbita_moschata,region:pe,PRODUCED_IN,,6.0,1.5,2.0,2.0
cultivar:menina_rajada_seca|cucurbita_moschata,region:rs,PRODUCED_IN,,12.4,1.72,54.0,8.0
cultivar:mini_decorativas|cucurbita_moschata,species:cucurbita_moschata,OF_SPECIES,,,,,
cultivar:mini_decorativas|cucurbita_moschata,region:mg,PRODUCED_IN,,0.5,0.22,2.0,2.0
cultivar:mini_jack|cucurbita_moschata,species:cucurbita_moschata,OF_SPECIES,,,,,
cultivar:mini_jack|cucurbita_moschata,region:mg,PRODUCED_IN,,1.55,0.26,3.0,2.0
cultivar:mini_jack|cucurbita_moschata,region:rs,PRODUCED_IN,,0.52,0.15,2.0,2.0
cultivar:mini_paulista|cucurbita_moschata,species:cucurbita_moschata,OF_SPECIES,,,,,
cultivar:mini_paulista|cucurbita_moschata,region:ba,PRODUCED_IN,,1.0,0.35,1.0,1.0
cultivar:mini_paulista|cucurbita_moschata,region:go,PRODUCED_IN,,0.4,0.16,3.0,1.0
cultivar:mini_paulista|cucurbita_moschata,region:mg,PRODUCED_IN,,188.05,1452.81,76.0,13.0
cultivar:mini_paulista|cucurbita_moschata,region:sp,PRODUCED_IN,,2.25,0.68,4.0,3.0
cultivar:mini_paulista_isabella|cucurbita_moschata,species:cucurbita_moschata,OF_SPECIES,,,,,
cultivar:mini_paulista_isabella|cucurbita_moschata,region:mg,PRODUCED_IN,,47.91,18.99,35.0,13.0
cultivar:mini_paulista_isabella|cucurbita_moschata,region:sp,PRODUCED_IN,,1.02,0.05,3.0,3.0
cultivar:mirian|cucurbita_moschata,species:cucurbita_moschata,OF_SPECIES,,,,,
cultivar:mirian|cucurbita_moschata,region:mg,PRODUCED_IN,,79.42,11.31,35.0,11.0
cultivar:mirian|cucurbita_moschata,region:sp,PRODUCED_IN,,0.1,0.02,1.0,1.0
cultivar:mogango_barao|cucurbita_moschata,species:cucurbita_moschata,OF_SPECIES,,,,,
cultivar:mogango_barao|cucurbita_moschata,region:mg,PRODUCED_IN,,2.6,0.99,3.0,3.0
cultivar:mogango_barao|cucurbita_moschata,region:rs,PRODUCED_IN,,1.0,0.3,1.0,1.0
cultivar:mogango_sul_mineiro|cucurbita_moschata,species:cucurbita_moschata,OF_SPECIES,,,,,
cultivar:mogango_sul_mineiro|cucurbita_moschata,region:mg,PRODUCED_IN,,29.8,13.49,28.0,13.0
cultivar:mogango_sul_mineiro|cucurbita_moschata,region:rs,PRODUCED_IN,,16.95,3.4,38.0,6.0
cultivar:mogango_sul_mineiro|cucurbita_moschata,region:sp,PRODUCED_IN,,0.28,0.07,3.0,2.0
cultivar:moranga|cucurbita_moschata,species:cucurbita_moschata,OF_SPECIES,,,,,
cultivar:moranga|cucurbita_moschata,region:mg,PRODUCED_IN,,0.6,0.36,1.0,1.0
cultivar:morena_ht|cucurbita_moschata,species:cucurbita_moschata,OF_SPECIES,,,,,
cultivar:morena_ht|cucurbita_moschata,region:sp,PRODUCED_IN,,0.05,0.01,1.0,1.0
cultivar:morgana|cucurbita_moschata,species:cucurbita_moschata,OF_SPECIES,,,,,
cultivar:morgana|cucurbita_moschata,region:mg,PRODUCED_IN,,2.5,0.5,3.0,3.0
cultivar:nova_caravela|cucurbita_moschata,species:cucurbita_moschata,OF_SPECIES,,,,,
cultivar:nova_caravela|cucurbita_moschata,region:mg,PRODUCED_IN,,11.75,2.92,7.0,5.0
cultivar:nova_caravela|cucurbita_moschata,region:pe,PRODUCED_IN,,1.2,0.3,1.0,1.0
cultivar:para|cucurbita_moschata,species:cucurbita_moschata,OF_SPECIES,,,,,
cultivar:para|cucurbita_moschata,region:mg,PRODUCED_IN,,1.1,0.33,2.0,1.0
cultivar:para|cucurbita_moschata,region:sp,PRODUCED_IN,,0.02,0.0,1.0,1.0
cultivar:pluto|cucurbita_moschata,species:cucurbita_moschata,OF_SPECIES,,,,,
cultivar:pluto|cucurbita_moschata,region:mg,PRODUCED_IN,,296.33,62.17,83.0,13.0
cultivar:pluto|cucurbita_moschata,region:pi,PRODUCED_IN,,3.06,0.52,4.0,4.0
cultivar:pluto|cucurbita_moschata,region:rs,PRODUCED_IN,,1.5,0.3,2.0,1.0
cultivar:pluto|cucurbita_moschata,region:sp,PRODUCED_IN,,0.32,0.09,7.0,5.0
cultivar:rajada_seca_melhorada|cucurbita_moschata,species:cucurbita_moschata,OF_SPECIES,,,,,
cultivar:rajada_seca_melhorada|cucurbita_moschata,region:mg,PRODUCED_IN,,90.75,29.49,32.0,13.0
cultivar:rajada_seca_melhorada|cucurbita_moschata,region:rs,PRODUCED_IN,,12.05,1.66,5.0,3.0
cultivar:rajada_seca_melhorada|cucurbita_moschata,region:sp,PRODUCED_IN,,0.05,0.0,2.0,2.0
cultivar:sandy|cucurbita_moschata,species:cucurbita_moschata,OF_SPECIES,,,,,
cultivar:sandy|cucurbita_moschata,region:mg,PRODUCED_IN,,43.61,4.95,31.0,11.0
cultivar:sandy|cucurbita_moschata,region:sp,PRODUCED_IN,,0.03,0.01,1.0,1.0
cultivar:saudade|cucurbita_moschata,species:cucurbita_moschata,OF_SPECIES,,,,,
cultivar:saudade|cucurbita_moschata,region:mg,PRODUCED_IN,,1.0,0.2,1.0,1.0
cultivar:seca|cucurbita_moschata,species:cucurbita_moschata,OF_SPECIES,,,,,
cultivar:seca|cucurbita_moschata,region:mg,PRODUCED_IN,,9.87,3.22,9.0,5.0
cultivar:seca|cucurbita_moschata,region:rs,PRODUCED_IN,,3.6,0.36,18.0,1.0
cultivar:seca|cucurbita_moschata,region:sp,PRODUCED_IN,,0.1,0.01,1.0,1.0
cultivar:sergipana|cucurbita_moschata,species:cucurbita_moschata,OF_SPECIES,,,,,
cultivar:sergipana|cucurbita_moschata,region:go,PRODUCED_IN,,1.0,0.15,1.0,1.0
cultivar:sergipana|cucurbita_moschata,region:mg,PRODUCED_IN,,109.1,23.38,32.0,12.0
cultivar:sergipana|cucurbita_moschata,region:pe,PRODUCED_IN,,1.0,0.35,1.0,1.0
cultivar:sergipana|cucurbita_moschata,region:se,PRODUCED_IN,,1.0,0.3,1.0,1.0
cultivar:te_013|cucurbita_moschata,species:cucurbita_moschata,OF_SPECIES,,,,,
cultivar:te_013|cucurbita_moschata,region:rs,PRODUCED_IN,,4.95,2.29,5.0,4.0
cultivar:tropical|cucurbita_moschata,species:cucurbita_moschata,OF_SPECIES,,,,,
cultivar:tropical|cucurbita_moschata,region:mg,PRODUCED_IN,,15.3,1.22,10.0,5.0
cultivar:tropicana|cucurbita_moschata,species:cucurbita_moschata,OF_SPECIES,,,,,
cultivar:tropicana|cucurbita_moschata,region:mg,PRODUCED_IN,,55.65,11.56,16.0,8.0
cultivar:vsq_549|cucurbita_moschata,species:cucurbita_moschata,OF_SPECIES,,,,,
cultivar:vsq_549|cucurbita_moschata,region:mg,PRODUCED_IN,,19.05,3.55,5.0,2.0
cultivar:vsq_562|cucurbita_moschata,species:cucurbita_moschata,OF_SPECIES,,,,,
cultivar:vsq_562|cucurbita_moschata,region:mg,PRODUCED_IN,,84.73,17.82,16.0,3.0
cultivar:vsq_563|cucurbita_moschata,species:cucurbita_moschata,OF_SPECIES,,,,,
cultivar:vsq_563|cucurbita_moschata,region:mg,PRODUCED_IN,,385.59,61.54,97.0,11.0
cultivar:vsq_563|cucurbita_moschata,region:sp,PRODUCED_IN,,0.03,0.01,1.0,1.0
cultivar:vsq_569|cucurbita_moschata,species:cucurbita_moschata,OF_SPECIES,,,,,
cultivar:vsq_569|cucurbita_moschata,region:mg,PRODUCED_IN,,22.7,3.79,9.0,7.0
cultivar:vsq_577|cucurbita_moschata,species:cucurbita_moschata,OF_SPECIES,,,,,
cultivar:vsq_577|cucurbita_moschata,region:mg,PRODUCED_IN,,2.2,0.33,1.0,1.0
cultivar:vsq_611|cucurbita_moschata,species:cucurbita_moschata,OF_SPECIES,,,,,
cultivar:vsq_611|cucurbita_moschata,region:mg,PRODUCED_IN,,8.25,1.32,2.0,1.0
cultivar:vsq_611|cucurbita_moschata,region:sp,PRODUCED_IN,,0.3,0.06,4.0,2.0
cultivar:vsq044g|cucurbita_moschata,species:cucurbita_moschata,OF_SPECIES,,,,,
cultivar:vsq044g|cucurbita_moschata,region:mg,PRODUCED_IN,,0.03,0.01,1.0,1.0
cultivar:vsq045g|cucurbita_moschata,species:cucurbita_moschata,OF_SPECIES,,,,,
cultivar:vsq045g|cucurbita_moschata,region:mg,PRODUCED_IN,,1.63,0.15,3.0,3.0
cultivar:xinga3_jacarezinho_casca_grossa|cucurbita_moschata,species:cucurbita_moschata,OF_SPECIES,,,,,
cultivar:xinga3_jacarezinho_casca_grossa|cucurbita_moschata,region:ba,PRODUCED_IN,,14.5,5.4,2.0,1.0
cultivar:xinga3_jacarezinho_casca_grossa|cucurbita_moschata,region:mg,PRODUCED_IN,,132.78,45.52,29.0,12.0
cultivar:xinga3_jacarezinho_casca_grossa|cucurbita_moschata,region:sp,PRODUCED_IN,,0.02,0.0,2.0,2.0
cultivar:atila|cucurbita_moschata,species:cucurbita_moschata,OF_SPECIES,,,,,
cultivar:atila|cucurbita_moschata,region:mg,PRODUCED_IN,,4.3,0.6,1.0,1.0
species:cucurbita_pepo,crop:c_12414,IS_A,100.0,,,,
cultivar:10d2248|cucurbita_pepo,species:cucurbita_pepo,OF_SPECIES,,,,,
cultivar:10d2248|cucurbita_pepo,region:mg,PRODUCED_IN,,0.4,0.08,1.0,1.0
cultivar:18abb10266|cucurbita_pepo,species:cucurbita_pepo,OF_SPECIES,,,,,
cultivar:18abb10266|cucurbita_pepo,region:sp,PRODUCED_IN,,2.02,250.05,2.0,1.0
cultivar:18abb10284|cucurbita_pepo,species:cucurbita_pepo,OF_SPECIES,,,,,
cultivar:18abb10284|cucurbita_pepo,region:sp,PRODUCED_IN,,0.01,0.0,1.0,1.0
cultivar:19abb10475|cucurbita_pepo,species:cucurbita_pepo,OF_SPECIES,,,,,
cultivar:19abb10475|cucurbita_pepo,region:sp,PRODUCED_IN,,0.4,0.02,1.0,1.0
cultivar:af_13733|cucurbita_pepo,species:cucurbita_pepo,OF_SPECIES,,,,,
cultivar:af_13733|cucurbita_pepo,region:mg,PRODUCED_IN,,0.25,0.1,1.0,1.0
cultivar:af_14511|cucurbita_pepo,species:cucurbita_pepo,OF_SPECIES,,,,,
cultivar:af_14511|cucurbita_pepo,region:sp,PRODUCED_IN,,0.05,0.01,1.0,1.0
cultivar:af_14795|cucurbita_pepo,species:cucurbita_pepo,OF_SPECIES,,,,,
cultivar:af_14795|cucurbita_pepo,region:mg,PRODUCED_IN,,0.57,0.2,1.0,1.0
cultivar:af_14795|cucurbita_pepo,region:sp,PRODUCED_IN,,0.05,0.01,1.0,1.0
cultivar:af_15724|cucurbita_pepo,species:cucurbita_pepo,OF_SPECIES,,,,,
cultivar:af_15724|cucurbita_pepo,region:sp,PRODUCED_IN,,0.08,0.01,2.0,2.0
cultivar:af_15725|cucurbita_pepo,species:cucurbita_pepo,OF_SPECIES,,,,,
cultivar:af_15725|cucurbita_pepo,region:mg,PRODUCED_IN,,0.25,0.1,1.0,1.0
cultivar:af_15725|cucurbita_pepo,region:sp,PRODUCED_IN,,0.03,0.01,1.0,1.0
cultivar:af_15726|cucurbita_pepo,species:cucurbita_pepo,OF_SPECIES,,,,,
cultivar:af_15726|cucurbita_pepo,region:mg,PRODUCED_IN,,0.25,0.1,1.0,1.0
cultivar:af_15726|cucurbita_pepo,region:sp,PRODUCED_IN,,0.03,0.01,1.0,1.0
cultivar:af_3477|cucurbita_pepo,species:cucurbita_pepo,OF_SPECIES,,,,,
cultivar:af_3477|cucurbita_pepo,region:mg,PRODUCED_IN,,1.28,0.45,2.0,2.0
cultivar:af_3477|cucurbita_pepo,region:sp,PRODUCED_IN,,0.17,0.04,4.0,3.0
cultivar:af_3479|cucurbita_pepo,species:cucurbita_pepo,OF_SPECIES,,,,,
cultivar:af_3479|cucurbita_pepo,region:mg,PRODUCED_IN,,0.28,0.05,1.0,1.0
cultivar:af1000|cucurbita_pepo,species:cucurbita_pepo,OF_SPECIES,,,,,
cultivar:af1000|cucurbita_pepo,region:mg,PRODUCED_IN,,1.25,0.15,2.0,2.0
cultivar:af1001|cucurbita_pepo,species:cucurbita_pepo,OF_SPECIES,,,,,
cultivar:af1001|cucurbita_pepo,region:mg,PRODUCED_IN,,0.6,0.06,1.0,1.0
cultivar:af1002|cucurbita_pepo,species:cucurbita_pepo,OF_SPECIES,,,,,
cultivar:af1002|cucurbita_pepo,region:mg,PRODUCED_IN,,1.4,0.18,2.0,2.0
cultivar:af1003|cucurbita_pepo,species:cucurbita_pepo,OF_SPECIES,,,,,
cultivar:af1003|cucurbita_pepo,region:mg,PRODUCED_IN,,1.76,0.22,1.0,1.0
cultivar:af1005|cucurbita_pepo,species:cucurbita_pepo,OF_SPECIES,,,,,
cultivar:af1005|cucurbita_pepo,region:mg,PRODUCED_IN,,3.34,0.83,2.0,2.0
cultivar:af1014|cucurbita_pepo,species:cucurbita_pepo,OF_SPECIES,,,,,
cultivar:af1014|cucurbita_pepo,region:mg,PRODUCED_IN,,0.5,0.5,1.0,1.0
cultivar:af1027|cucurbita_pepo,species:cucurbita_pepo,OF_SPECIES,,,,,
cultivar:af1027|cucurbita_pepo,region:mg,PRODUCED_IN,,0.6,0.06,1.0,1.0
cultivar:af1028|cucurbita_pepo,species:cucurbita_pepo,OF_SPECIES,,,,,
cultivar:af1028|cucurbita_pepo,region:mg,PRODUCED_IN,,0.6,0.06,1.0,1.0
cultivar:af1030|cucurbita_pepo,species:cucurbita_pepo,OF_SPECIES,,,,,
cultivar:af1030|cucurbita_pepo,region:rs,PRODUCED_IN,,0.5,0.07,1.0,1.0
cultivar:af1036|cucurbita_pepo,species:cucurbita_pepo,OF_SPECIES,,,,,
cultivar:af1036|cucurbita_pepo,region:mg,PRODUCED_IN,,0.8,0.12,1.0,1.0
cultivar:af13637|cucurbita_pepo,species:cucurbita_pepo,OF_SPECIES,,,,,
cultivar:af13637|cucurbita_pepo,region:mg,PRODUCED_IN,,0.92,0.17,3.0,3.0
cultivar:af13637|cucurbita_pepo,region:sp,PRODUCED_IN,,0.2,0.03,5.0,5.0
cultivar:af14458|cucurbita_pepo,species:cucurbita_pepo,OF_SPECIES,,,,,
cultivar:af14458|cucurbita_pepo,region:mg,PRODUCED_IN,,1.33,0.4,2.0,2.0
cultivar:af15157|cucurbita_pepo,species:cucurbita_pepo,OF_SPECIES,,,,,
cultivar:af15157|cucurbita_pepo,region:sp,PRODUCED_IN,,0.38,0.03,3.0,3.0
cultivar:af16099|cucurbita_pepo,species:cucurbita_pepo,OF_SPECIES,,,,,
cultivar:af16099|cucurbita_pepo,region:pi,PRODUCED_IN,,0.04,0.01,1.0,1.0
cultivar:af16105|cucurbita_pepo,species:cucurbita_pepo,OF_SPECIES,,,,,
cultivar:af16105|cucurbita_pepo,region:mg,PRODUCED_IN,,0.1,0.2,1.0,1.0
cultivar:af16105|cucurbita_pepo,region:pi,PRODUCED_IN,,0.04,0.01,1.0,1.0
cultivar:af16105|cucurbita_pepo,region:sp,PRODUCED_IN,,0.03,0.01,1.0,1.0
cultivar:af16549|cucurbita_pepo,species:cucurbita_pepo,OF_SPECIES,,,,,
cultivar:af16549|cucurbita_pepo,region:sp,PRODUCED_IN,,0.2,0.04,3.0,2.0
cultivar:af16556|cucurbita_pepo,species:cucurbita_pepo,OF_SPECIES,,,,,
cultivar:af16556|cucurbita_pepo,region:mg,PRODUCED_IN,,0.4,0.08,1.0,1.0
cultivar:af16556|cucurbita_pepo,region:sp,PRODUCED_IN,,0.05,0.01,1.0,1.0
cultivar:af16560|cucurbita_pepo,species:cucurbita_pepo,OF_SPECIES,,,,,
cultivar:af16560|cucurbita_pepo,region:mg,PRODUCED_IN,,0.08,0.02,1.0,1.0
cultivar:af16560|cucurbita_pepo,region:sp,PRODUCED_IN,,0.08,0.02,1.0,1.0
cultivar:af16847|cucurbita_pepo,species:cucurbita_pepo,OF_SPECIES,,,,,
cultivar:af16847|cucurbita_pepo,region:pi,PRODUCED_IN,,0.05,0.01,1.0,1.0
cultivar:af17093|cucurbita_pepo,species:cucurbita_pepo,OF_SPECIES,,,,,
cultivar:af17093|cucurbita_pepo,region:mg,PRODUCED_IN,,0.67,0.22,2.0,2.0
cultivar:af17093|cucurbita_pepo,region:sp,PRODUCED_IN,,0.03,0.01,1.0,1.0
cultivar:af17112|cucurbita_pepo,species:cucurbita_pepo,OF_SPECIES,,,,,
cultivar:af17112|cucurbita_pepo,region:mg,PRODUCED_IN,,0.1,0.02,1.0,1.0
cultivar:af17167|cucurbita_pepo,species:cucurbita_pepo,OF_SPECIES,,,,,
cultivar:af17167|cucurbita_pepo,region:mg,PRODUCED_IN,,0.1,0.02,1.0,1.0
cultivar:af18232|cucurbita_pepo,species:cucurbita_pepo,OF_SPECIES,,,,,
cultivar:af18232|cucurbita_pepo,region:sp,PRODUCED_IN,,0.26,0.06,6.0,5.0
cultivar:af18233|cucurbita_pepo,species:cucurbita_pepo,OF_SPECIES,,,,,
cultivar:af18233|cucurbita_pepo,region:mg,PRODUCED_IN,,2.2,0.56,4.0,4.0
cultivar:af18233|cucurbita_pepo,region:sp,PRODUCED_IN,,0.39,0.07,9.0,8.0
cultivar:af18330|cucurbita_pepo,species:cucurbita_pepo,OF_SPECIES,,,,,
cultivar:af18330|cucurbita_pepo,region:mg,PRODUCED_IN,,0.73,0.15,2.0,2.0
cultivar:af18330|cucurbita_pepo,region:pi,PRODUCED_IN,,0.06,0.01,1.0,1.0
cultivar:af18330|cucurbita_pepo,region:rs,PRODUCED_IN,,0.01,0.0,1.0,1.0
cultivar:af18330|cucurbita_pepo,region:sp,PRODUCED_IN,,0.08,0.03,3.0,2.0
cultivar:af18334|cucurbita_pepo,species:cucurbita_pepo,OF_SPECIES,,,,,
cultivar:af18334|cucurbita_pepo,region:pi,PRODUCED_IN,,0.06,0.01,1.0,1.0
cultivar:af18396|cucurbita_pepo,species:cucurbita_pepo,OF_SPECIES,,,,,
cultivar:af18396|cucurbita_pepo,region:sp,PRODUCED_IN,,0.05,0.01,1.0,1.0
cultivar:af18404|cucurbita_pepo,species:cucurbita_pepo,OF_SPECIES,,,,,
cultivar:af18404|cucurbita_pepo,region:sp,PRODUCED_IN,,0.05,0.01,1.0,1.0
cultivar:af18418|cucurbita_pepo,species:cucurbita_pepo,OF_SPECIES,,,,,
cultivar:af18418|cucurbita_pepo,region:mg,PRODUCED_IN,,72.67,14.31,22.0,6.0
cultivar:af18418|cucurbita_pepo,region:sp,PRODUCED_IN,,1.1,0.19,11.0,6.0
cultivar:af18419|cucurbita_pepo,species:cucurbita_pepo,OF_SPECIES,,,,,
cultivar:af18419|cucurbita_pepo,region:mg,PRODUCED_IN,,95.14,31.91,24.0,8.0
cultivar:af18419|cucurbita_pepo,region:sp,PRODUCED_IN,,0.05,0.01,1.0,1.0
cultivar:af18434|cucurbita_pepo,species:cucurbita_pepo,OF_SPECIES,,,,,
cultivar:af18434|cucurbita_pepo,region:mg,PRODUCED_IN,,1.07,0.29,3.0,3.0
cultivar:af18434|cucurbita_pepo,region:pi,PRODUCED_IN,,0.1,0.05,1.0,1.0
cultivar:af18434|cucurbita_pepo,region:sp,PRODUCED_IN,,0.25,0.04,5.0,4.0
cultivar:af18486|cucurbita_pepo,species:cucurbita_pepo,OF_SPECIES,,,,,
cultivar:af18486|cucurbita_pepo,region:pi,PRODUCED_IN,,0.04,0.01,1.0,1.0
cultivar:af18486|cucurbita_pepo,region:rs,PRODUCED_IN,,0.01,0.0,1.0,1.0
cultivar:af18524|cucurbita_pepo,species:cucurbita_pepo,OF_SPECIES,,,,,
cultivar:af18524|cucurbita_pepo,region:mg,PRODUCED_IN,,0.5,0.1,1.0,1.0
cultivar:af18524|cucurbita_pepo,region:sp,PRODUCED_IN,,0.1,0.02,2.0,2.0
cultivar:af19150|cucurbita_pepo,species:cucurbita_pepo,OF_SPECIES,,,,,
cultivar:af19150|cucurbita_pepo,region:mg,PRODUCED_IN,,0.4,0.08,1.0,1.0
cultivar:af19150|cucurbita_pepo,region:pi,PRODUCED_IN,,0.08,0.02,1.0,1.0
cultivar:af19150|cucurbita_pepo,region:rs,PRODUCED_IN,,0.01,0.02,1.0,1.0
cultivar:af19150|cucurbita_pepo,region:sp,PRODUCED_IN,,0.05,0.01,2.0,2.0
cultivar:af19206|cucurbita_pepo,species:cucurbita_pepo,OF_SPECIES,,,,,
cultivar:af19206|cucurbita_pepo,region:mg,PRODUCED_IN,,0.75,0.15,2.0,2.0
cultivar:af19206|cucurbita_pepo,region:sp,PRODUCED_IN,,0.14,0.03,4.0,2.0
cultivar:af19214|cucurbita_pepo,species:cucurbita_pepo,OF_SPECIES,,,,,
cultivar:af19214|cucurbita_pepo,region:rs,PRODUCED_IN,,0.4,0.12,1.0,1.0
cultivar:af19214|cucurbita_pepo,region:sp,PRODUCED_IN,,0.05,0.01,2.0,1.0
cultivar:af19244|cucurbita_pepo,species:cucurbita_pepo,OF_SPECIES,,,,,
cultivar:af19244|cucurbita_pepo,region:rs,PRODUCED_IN,,0.1,0.03,1.0,1.0
cultivar:af19244|cucurbita_pepo,region:sp,PRODUCED_IN,,0.03,0.01,1.0,1.0
cultivar:af19246|cucurbita_pepo,species:cucurbita_pepo,OF_SPECIES,,,,,
cultivar:af19246|cucurbita_pepo,region:mg,PRODUCED_IN,,5.38,1.07,5.0,3.0
cultivar:af19246|cucurbita_pepo,region:rs,PRODUCED_IN,,0.67,0.12,1.0,1.0
cultivar:af19246|cucurbita_pepo,region:sp,PRODUCED_IN,,0.38,0.09,6.0,5.0
cultivar:af19254|cucurbita_pepo,species:cucurbita_pepo,OF_SPECIES,,,,,
cultivar:af19254|cucurbita_pepo,region:rs,PRODUCED_IN,,0.1,0.03,1.0,1.0
cultivar:af19254|cucurbita_pepo,region:sp,PRODUCED_IN,,0.03,0.01,1.0,1.0
cultivar:af19255|cucurbita_pepo,species:cucurbita_pepo,OF_SPECIES,,,,,
cultivar:af19255|cucurbita_pepo,region:mg,PRODUCED_IN,,1.55,0.31,3.0,3.0
cultivar:af19255|cucurbita_pepo,region:rs,PRODUCED_IN,,0.1,0.03,1.0,1.0
cultivar:af19255|cucurbita_pepo,region:sp,PRODUCED_IN,,0.1,0.02,3.0,3.0
cultivar:af19265|cucurbita_pepo,species:cucurbita_pepo,OF_SPECIES,,,,,
cultivar:af19265|cucurbita_pepo,region:mg,PRODUCED_IN,,1.35,0.3,3.0,3.0
cultivar:af19265|cucurbita_pepo,region:sp,PRODUCED_IN,,0.21,0.04,3.0,3.0
cultivar:af19267|cucurbita_pepo,species:cucurbita_pepo,OF_SPECIES,,,,,
cultivar:af19267|cucurbita_pepo,region:mg,PRODUCED_IN,,4.84,1.09,5.0,5.0
cultivar:af19267|cucurbita_pepo,region:sp,PRODUCED_IN,,0.12,0.02,4.0,4.0
cultivar:af19280|cucurbita_pepo,species:cucurbita_pepo,OF_SPECIES,,,,,
cultivar:af19280|cucurbita_pepo,region:rs,PRODUCED_IN,,0.1,0.03,1.0,1.0
cultivar:af19554|cucurbita_pepo,species:cucurbita_pepo,OF_SPECIES,,,,,
cultivar:af19554|cucurbita_pepo,region:mg,PRODUCED_IN,,13.99,3.5,7.0,5.0
cultivar:af19554|cucurbita_pepo,region:sp,PRODUCED_IN,,0.15,0.03,5.0,2.0
cultivar:af20182|cucurbita_pepo,species:cucurbita_pepo,OF_SPECIES,,,,,
cultivar:af20182|cucurbita_pepo,region:mg,PRODUCED_IN,,0.11,0.04,2.0,2.0
cultivar:af20215|cucurbita_pepo,species:cucurbita_pepo,OF_SPECIES,,,,,
cultivar:af20215|cucurbita_pepo,region:mg,PRODUCED_IN,,0.08,0.02,1.0,1.0
cultivar:af20215|cucurbita_pepo,region:sp,PRODUCED_IN,,0.03,0.01,1.0,1.0
cultivar:af24237|cucurbita_pepo,species:cucurbita_pepo,OF_SPECIES,,,,,
cultivar:af24237|cucurbita_pepo,region:mg,PRODUCED_IN,,0.29,0.1,1.0,1.0
cultivar:af24237|cucurbita_pepo,region:sp,PRODUCED_IN,,0.01,0.0,1.0,1.0
cultivar:af25576|cucurbita_pepo,species:cucurbita_pepo,OF_SPECIES,,,,,
cultivar:af25576|cucurbita_pepo,region:mg,PRODUCED_IN,,8.15,2.57,7.0,5.0
cultivar:af25576|cucurbita_pepo,region:sp,PRODUCED_IN,,0.45,0.03,6.0,5.0
cultivar:af25923|cucurbita_pepo,species:cucurbita_pepo,OF_SPECIES,,,,,
cultivar:af25923|cucurbita_pepo,region:mg,PRODUCED_IN,,0.08,0.01,1.0,1.0
cultivar:af25934|cucurbita_pepo,species:cucurbita_pepo,OF_SPECIES,,,,,
cultivar:af25934|cucurbita_pepo,region:mg,PRODUCED_IN,,2.87,1.73,5.0,5.0
cultivar:af25934|cucurbita_pepo,region:sp,PRODUCED_IN,,0.12,0.02,3.0,2.0
cultivar:af25939|cucurbita_pepo,species:cucurbita_pepo,OF_SPECIES,,,,,
cultivar:af25939|cucurbita_pepo,region:mg,PRODUCED_IN,,0.08,0.01,1.0,1.0
cultivar:af25979|cucurbita_pepo,species:cucurbita_pepo,OF_SPECIES,,,,,
cultivar:af25979|cucurbita_pepo,region:mg,PRODUCED_IN,,0.08,0.15,1.0,1.0
cultivar:af25983|cucurbita_pepo,species:cucurbita_pepo,OF_SPECIES,,,,,
cultivar:af25983|cucurbita_pepo,region:mg,PRODUCED_IN,,0.08,0.01,1.0,1.0
cultivar:af25987|cucurbita_pepo,species:cucurbita_pepo,OF_SPECIES,,,,,
cultivar:af25987|cucurbita_pepo,region:rs,PRODUCED_IN,,0.5,0.15,1.0,1.0
cultivar:af25987|cucurbita_pepo,region:sp,PRODUCED_IN,,0.05,0.01,1.0,1.0
cultivar:af29802|cucurbita_pepo,species:cucurbita_pepo,OF_SPECIES,,,,,
cultivar:af29802|cucurbita_pepo,region:mg,PRODUCED_IN,,0.3,0.06,2.0,2.0
cultivar:af30011|cucurbita_pepo,species:cucurbita_pepo,OF_SPECIES,,,,,
cultivar:af30011|cucurbita_pepo,region:mg,PRODUCED_IN,,0.8,0.16,1.0,1.0
cultivar:af30011|cucurbita_pepo,region:rs,PRODUCED_IN,,0.1,0.02,1.0,1.0
cultivar:af30046|cucurbita_pepo,species:cucurbita_pepo,OF_SPECIES,,,,,
cultivar:af30046|cucurbita_pepo,region:mg,PRODUCED_IN,,0.12,0.02,1.0,1.0
cultivar:af33493|cucurbita_pepo,species:cucurbita_pepo,OF_SPECIES,,,,,
cultivar:af33493|cucurbita_pepo,region:mg,PRODUCED_IN,,41.31,8.86,8.0,3.0
cultivar:af33493|cucurbita_pepo,region:rs,PRODUCED_IN,,3.7,0.74,4.0,2.0
cultivar:af33493|cucurbita_pepo,region:sp,PRODUCED_IN,,1.42,0.11,5.0,1.0
cultivar:af34001|cucurbita_pepo,species:cucurbita_pepo,OF_SPECIES,,,,,
cultivar:af34001|cucurbita_pepo,region:mg,PRODUCED_IN,,2.78,0.5,1.0,1.0
cultivar:af34001|cucurbita_pepo,region:sp,PRODUCED_IN,,0.05,0.02,1.0,1.0
cultivar:af34108|cucurbita_pepo,species:cucurbita_pepo,OF_SPECIES,,,,,
cultivar:af34108|cucurbita_pepo,region:mg,PRODUCED_IN,,0.12,0.12,1.0,1.0
cultivar:af35502|cucurbita_pepo,species:cucurbita_pepo,OF_SPECIES,,,,,
cultivar:af35502|cucurbita_pepo,region:mg,PRODUCED_IN,,2.75,0.53,2.0,2.0
cultivar:af35502|cucurbita_pepo,region:rs,PRODUCED_IN,,0.5,0.1,1.0,1.0
cultivar:af35502|cucurbita_pepo,region:sp,PRODUCED_IN,,0.25,0.01,1.0,1.0
cultivar:af35503|cucurbita_pepo,species:cucurbita_pepo,OF_SPECIES,,,,,
cultivar:af35503|cucurbita_pepo,region:mg,PRODUCED_IN,,4.25,1.05,3.0,3.0
cultivar:af35503|cucurbita_pepo,region:rs,PRODUCED_IN,,1.5,0.27,3.0,2.0
cultivar:af35503|cucurbita_pepo,region:sp,PRODUCED_IN,,0.07,0.01,1.0,1.0
cultivar:af35504|cucurbita_pepo,species:cucurbita_pepo,OF_SPECIES,,,,,
cultivar:af35504|cucurbita_pepo,region:rs,PRODUCED_IN,,0.3,0.06,1.0,1.0
cultivar:af36495|cucurbita_pepo,species:cucurbita_pepo,OF_SPECIES,,,,,
cultivar:af36495|cucurbita_pepo,region:mg,PRODUCED_IN,,0.59,0.1,1.0,1.0
cultivar:af36495|cucurbita_pepo,region:rs,PRODUCED_IN,,0.47,0.09,1.0,1.0
cultivar:af36508|cucurbita_pepo,species:cucurbita_pepo,OF_SPECIES,,,,,
cultivar:af36508|cucurbita_pepo,region:mg,PRODUCED_IN,,0.5,0.09,1.0,1.0
cultivar:af36508|cucurbita_pepo,region:rs,PRODUCED_IN,,0.61,0.11,1.0,1.0
cultivar:af36517|cucurbita_pepo,species:cucurbita_pepo,OF_SPECIES,,,,,
cultivar:af36517|cucurbita_pepo,region:rs,PRODUCED_IN,,0.09,0.02,1.0,1.0
cultivar:af38666|cucurbita_pepo,species:cucurbita_pepo,OF_SPECIES,,,,,
cultivar:af38666|cucurbita_pepo,region:mg,PRODUCED_IN,,3.5,0.7,2.0,2.0
cultivar:af38666|cucurbita_pepo,region:rs,PRODUCED_IN,,0.28,0.05,1.0,1.0
cultivar:ascona|cucurbita_pepo,species:cucurbita_pepo,OF_SPECIES,,,,,
cultivar:ascona|cucurbita_pepo,region:mg,PRODUCED_IN,,18.99,5.37,16.0,10.0
cultivar:ascona|cucurbita_pepo,region:rs,PRODUCED_IN,,2.0,0.45,1.0,1.0
cultivar:ascona|cucurbita_pepo,region:sp,PRODUCED_IN,,0.25,0.04,5.0,4.0
cultivar:adele|cucurbita_pepo,species:cucurbita_pepo,OF_SPECIES,,,,,
cultivar:adele|cucurbita_pepo,region:mg,PRODUCED_IN,,170.41,88.83,38.0,10.0
cultivar:adele|cucurbita_pepo,region:pi,PRODUCED_IN,,4.03,1.41,5.0,5.0
cultivar:adele|cucurbita_pepo,region:rs,PRODUCED_IN,,15.0,4.64,8.0,5.0
cultivar:adele|cucurbita_pepo,region:sp,PRODUCED_IN,,0.44,110.43,4.0,1.0
cultivar:alanis|cucurbita_pepo,species:cucurbita_pepo,OF_SPECIES,,,,,
cultivar:alanis|cucurbita_pepo,region:mg,PRODUCED_IN,,56.24,25.91,18.0,8.0
cultivar:alanis|cucurbita_pepo,region:pi,PRODUCED_IN,,0.03,0.01,1.0,1.0
cultivar:alanis|cucurbita_pepo,region:rs,PRODUCED_IN,,2.0,2.4,2.0,1.0
cultivar:alexa|cucurbita_pepo,species:cucurbita_pepo,OF_SPECIES,,,,,
cultivar:alexa|cucurbita_pepo,region:mg,PRODUCED_IN,,25.81,10.2,10.0,6.0
cultivar:alexa|cucurbita_pepo,region:rs,PRODUCED_IN,,4.0,1.3,4.0,2.0
cultivar:alexa|cucurbita_pepo,region:sp,PRODUCED_IN,,0.29,0.02,3.0,3.0
cultivar:aline|cucurbita_pepo,species:cucurbita_pepo,OF_SPECIES,,,,,
cultivar:aline|cucurbita_pepo,region:mg,PRODUCED_IN,,72.78,33.28,14.0,8.0
cultivar:aline|cucurbita_pepo,region:rs,PRODUCED_IN,,1.0,0.8,1.0,1.0
cultivar:aline|cucurbita_pepo,region:sp,PRODUCED_IN,,0.03,0.01,1.0,1.0
cultivar:alacia|cucurbita_pepo,species:cucurbita_pepo,OF_SPECIES,,,,,
cultivar:alacia|cucurbita_pepo,region:mg,PRODUCED_IN,,20.22,7.5,9.0,8.0
cultivar:alacia|cucurbita_pepo,region:sp,PRODUCED_IN,,0.03,0.01,1.0,1.0
cultivar:anita|cucurbita_pepo,species:cucurbita_pepo,OF_SPECIES,,,,,
cultivar:anita|cucurbita_pepo,region:mg,PRODUCED_IN,,31.1,11.18,8.0,6.0
cultivar:asmara|cucurbita_pepo,species:cucurbita_pepo,OF_SPECIES,,,,,
cultivar:asmara|cucurbita_pepo,region:sp,PRODUCED_IN,,0.01,0.0,1.0,1.0
cultivar:atlanta|cucurbita_pepo,species:cucurbita_pepo,OF_SPECIES,,,,,
cultivar:atlanta|cucurbita_pepo,region:mg,PRODUCED_IN,,5.8,1.57,6.0,4.0
cultivar:aurora|cucurbita_pepo,species:cucurbita_pepo,OF_SPECIES,,,,,
cultivar:aurora|cucurbita_pepo,region:mg,PRODUCED_IN,,1.35,0.35,1.0,1.0
cultivar:brs_estrela|cucurbita_pepo,species:cucurbita_pepo,OF_SPECIES,,,,,
cultivar:brs_estrela|cucurbita_pepo,region:rs,PRODUCED_IN,,2.2,0.28,10.0,3.0
cultivar:brs_linda|cucurbita_pepo,species:cucurbita_pepo,OF_SPECIES,,,,,
cultivar:brs_linda|cucurbita_pepo,region:rs,PRODUCED_IN,,1.7,0.18,9.0,2.0
cultivar:bs_ab0183|cucurbita_pepo,species:cucurbita_pepo,OF_SPECIES,,,,,
cultivar:bs_ab0183|cucurbita_pepo,region:mg,PRODUCED_IN,,3.07,0.78,2.0,2.0
cultivar:bs_ab0183|cucurbita_pepo,region:sp,PRODUCED_IN,,0.28,0.01,2.0,2.0
cultivar:bavette|cucurbita_pepo,species:cucurbita_pepo,OF_SPECIES,,,,,
cultivar:bavette|cucurbita_pepo,region:mg,PRODUCED_IN,,0.5,0.15,1.0,1.0
cultivar:caserta|cucurbita_pepo,species:cucurbita_pepo,OF_SPECIES,,,,,
cultivar:caserta|cucurbita_pepo,region:ba,PRODUCED_IN,,1.0,0.3,1.0,1.0
cultivar:caserta|cucurbita_pepo,region:mg,PRODUCED_IN,,18.05,9.57,8.0,4.0
cultivar:caserta|cucurbita_pepo,region:rs,PRODUCED_IN,,3.2,0.85,4.0,2.0
cultivar:caserta|cucurbita_pepo,region:se,PRODUCED_IN,,1.0,0.5,1.0,1.0
cultivar:caserta|cucurbita_pepo,region:sp,PRODUCED_IN,,0.14,0.04,3.0,2.0
cultivar:caserta|cucurbita_pepo,region:pe,PRODUCED_IN,,1.0,0.4,1.0,1.0
cultivar:caserta_italiana|cucurbita_pepo,species:cucurbita_pepo,OF_SPECIES,,,,,
cultivar:caserta_italiana|cucurbita_pepo,region:ba,PRODUCED_IN,,7.5,3.6,1.0,1.0
cultivar:caserta_italiana|cucurbita_pepo,region:mg,PRODUCED_IN,,89.65,38.72,37.0,13.0
cultivar:caserta_italiana|cucurbita_pepo,region:rs,PRODUCED_IN,,11.45,4.29,9.0,2.0
cultivar:caserta_italiana|cucurbita_pepo,region:sp,PRODUCED_IN,,0.02,0.0,2.0,2.0
cultivar:clara|cucurbita_pepo,species:cucurbita_pepo,OF_SPECIES,,,,,
cultivar:clara|cucurbita_pepo,region:mg,PRODUCED_IN,,1.0,0.45,2.0,2.0
cultivar:clara|cucurbita_pepo,region:rs,PRODUCED_IN,,0.7,0.24,2.0,2.0
cultivar:de_tronco_redonda|cucurbita_pepo,species:cucurbita_pepo,OF_SPECIES,,,,,
cultivar:de_tronco_redonda|cucurbita_pepo,region:mg,PRODUCED_IN,,1.0,0.3,1.0,1.0
cultivar:de_tronco_redonda|cucurbita_pepo,region:rs,PRODUCED_IN,,15.83,4.0,48.0,10.0
cultivar:de_tronco_redonda|cucurbita_pepo,region:sp,PRODUCED_IN,,0.1,0.03,1.0,1.0
cultivar:de_tronco_branca|cucurbita_pepo,species:cucurbita_pepo,OF_SPECIES,,,,,
cultivar:de_tronco_branca|cucurbita_pepo,region:ba,PRODUCED_IN,,1.3,0.39,1.0,1.0
cultivar:de_tronco_branca|cucurbita_pepo,region:mg,PRODUCED_IN,,0.95,0.72,3.0,2.0
cultivar:de_tronco_branca|cucurbita_pepo,region:rs,PRODUCED_IN,,0.5,0.12,1.0,1.0
cultivar:de_tronco_caserta|cucurbita_pepo,species:cucurbita_pepo,OF_SPECIES,,,,,
cultivar:de_tronco_caserta|cucurbita_pepo,region:ba,PRODUCED_IN,,6.4,1.92,4.0,3.0
cultivar:de_tronco_caserta|cucurbita_pepo,region:mg,PRODUCED_IN,,62.7,24.8,21.0,7.0
cultivar:de_tronco_caserta|cucurbita_pepo,region:pe,PRODUCED_IN,,2.0,0.6,1.0,1.0
cultivar:de_tronco_caserta|cucurbita_pepo,region:rs,PRODUCED_IN,,90.86,21.34,127.0,17.0
cultivar:de_tronco_redonda_verde|cucurbita_pepo,species:cucurbita_pepo,OF_SPECIES,,,,,
cultivar:de_tronco_redonda_verde|cucurbita_pepo,region:mg,PRODUCED_IN,,20.65,12.49,16.0,9.0
cultivar:de_tronco_redonda_verde|cucurbita_pepo,region:rs,PRODUCED_IN,,2.0,1.0,2.0,1.0
cultivar:de_tronco_redonda_verde|cucurbita_pepo,region:sp,PRODUCED_IN,,0.02,0.0,2.0,2.0
cultivar:decorativa_sortida|cucurbita_pepo,species:cucurbita_pepo,OF_SPECIES,,,,,
cultivar:decorativa_sortida|cucurbita_pepo,region:mg,PRODUCED_IN,,0.3,0.06,1.0,1.0
cultivar:decorativa_sortida|cucurbita_pepo,region:rs,PRODUCED_IN,,0.25,0.05,1.0,1.0
cultivar:emanuela|cucurbita_pepo,species:cucurbita_pepo,OF_SPECIES,,,,,
cultivar:emanuela|cucurbita_pepo,region:mg,PRODUCED_IN,,8.1,2.18,8.0,7.0
cultivar:emanuela|cucurbita_pepo,region:sp,PRODUCED_IN,,3.56,0.25,5.0,3.0
cultivar:giovana|cucurbita_pepo,species:cucurbita_pepo,OF_SPECIES,,,,,
cultivar:giovana|cucurbita_pepo,region:rs,PRODUCED_IN,,0.05,0.01,1.0,1.0
cultivar:hilary|cucurbita_pepo,species:cucurbita_pepo,OF_SPECIES,,,,,
cultivar:hilary|cucurbita_pepo,region:mg,PRODUCED_IN,,6.8,2.05,4.0,3.0
cultivar:hilary|cucurbita_pepo,region:sp,PRODUCED_IN,,0.01,0.01,2.0,2.0
cultivar:ht_25|cucurbita_pepo,species:cucurbita_pepo,OF_SPECIES,,,,,
cultivar:ht_25|cucurbita_pepo,region:mg,PRODUCED_IN,,4.87,2.45,7.0,6.0
cultivar:ht_25|cucurbita_pepo,region:sp,PRODUCED_IN,,0.14,0.02,2.0,2.0
cultivar:jaqueline|cucurbita_pepo,species:cucurbita_pepo,OF_SPECIES,,,,,
cultivar:jaqueline|cucurbita_pepo,region:mg,PRODUCED_IN,,1.4,0.35,3.0,3.0
cultivar:jaqueline|cucurbita_pepo,region:sp,PRODUCED_IN,,0.03,0.01,3.0,2.0
cultivar:joaquina|cucurbita_pepo,species:cucurbita_pepo,OF_SPECIES,,,,,
cultivar:joaquina|cucurbita_pepo,region:mg,PRODUCED_IN,,1.64,0.55,3.0,2.0
cultivar:joaquina|cucurbita_pepo,region:sp,PRODUCED_IN,,0.1,0.01,1.0,1.0
cultivar:juliete|cucurbita_pepo,species:cucurbita_pepo,OF_SPECIES,,,,,
cultivar:juliete|cucurbita_pepo,region:mg,PRODUCED_IN,,1.2,0.26,2.0,2.0
cultivar:kamileh|cucurbita_pepo,species:cucurbita_pepo,OF_SPECIES,,,,,
cultivar:kamileh|cucurbita_pepo,region:mg,PRODUCED_IN,,5.53,1.67,6.0,6.0
cultivar:kamileh|cucurbita_pepo,region:sp,PRODUCED_IN,,0.23,0.03,6.0,5.0
cultivar:la_belle|cucurbita_pepo,species:cucurbita_pepo,OF_SPECIES,,,,,
cultivar:la_belle|cucurbita_pepo,region:mg,PRODUCED_IN,,7.73,2.34,9.0,7.0
cultivar:la_belle|cucurbita_pepo,region:sp,PRODUCED_IN,,0.24,0.17,4.0,4.0
cultivar:mammoth|cucurbita_pepo,species:cucurbita_pepo,OF_SPECIES,,,,,
cultivar:mammoth|cucurbita_pepo,region:mg,PRODUCED_IN,,1.0,0.2,2.0,2.0
cultivar:mammoth|cucurbita_pepo,region:rs,PRODUCED_IN,,0.5,0.1,1.0,1.0
cultivar:melissa|cucurbita_pepo,species:cucurbita_pepo,OF_SPECIES,,,,,
cultivar:melissa|cucurbita_pepo,region:mg,PRODUCED_IN,,13.0,6.5,7.0,2.0
cultivar:menina_brasileira_precoce|cucurbita_pepo,species:cucurbita_pepo,OF_SPECIES,,,,,
cultivar:menina_brasileira_precoce|cucurbita_pepo,region:ba,PRODUCED_IN,,22.0,4.4,3.0,1.0
cultivar:menina_brasileira_precoce|cucurbita_pepo,region:mg,PRODUCED_IN,,108.17,37.77,44.0,14.0
cultivar:menina_brasileira_precoce|cucurbita_pepo,region:rs,PRODUCED_IN,,0.0,0.0,1.0,1.0
cultivar:menina_brasileira_precoce|cucurbita_pepo,region:sp,PRODUCED_IN,,0.83,0.19,6.0,4.0
cultivar:meteoro|cucurbita_pepo,species:cucurbita_pepo,OF_SPECIES,,,,,
cultivar:meteoro|cucurbita_pepo,region:mg,PRODUCED_IN,,8.47,1.95,9.0,5.0
cultivar:meteoro|cucurbita_pepo,region:sp,PRODUCED_IN,,0.27,0.05,4.0,3.0
cultivar:mogango|cucurbita_pepo,species:cucurbita_pepo,OF_SPECIES,,,,,
cultivar:mogango|cucurbita_pepo,region:mg,PRODUCED_IN,,0.5,0.33,2.0,2.0
cultivar:ouro_negro|cucurbita_pepo,species:cucurbita_pepo,OF_SPECIES,,,,,
cultivar:ouro_negro|cucurbita_pepo,region:mg,PRODUCED_IN,,0.18,0.07,2.0,2.0
cultivar:paola|cucurbita_pepo,species:cucurbita_pepo,OF_SPECIES,,,,,
cultivar:paola|cucurbita_pepo,region:go,PRODUCED_IN,,1.0,1.09,2.0,2.0
cultivar:paola|cucurbita_pepo,region:mg,PRODUCED_IN,,1.6,0.58,3.0,2.0
cultivar:pira_moita|cucurbita_pepo,species:cucurbita_pepo,OF_SPECIES,,,,,
cultivar:pira_moita|cucurbita_pepo,region:mg,PRODUCED_IN,,8.75,2.39,7.0,4.0
cultivar:sc4_15|cucurbita_pepo,species:cucurbita_pepo,OF_SPECIES,,,,,
cultivar:sc4_15|cucurbita_pepo,region:sp,PRODUCED_IN,,0.05,0.01,2.0,1.0
cultivar:sk2028|cucurbita_pepo,species:cucurbita_pepo,OF_SPECIES,,,,,
cultivar:sk2028|cucurbita_pepo,region:mg,PRODUCED_IN,,8.6,2.52,3.0,2.0
cultivar:siena|cucurbita_pepo,species:cucurbita_pepo,OF_SPECIES,,,,,
cultivar:siena|cucurbita_pepo,region:sp,PRODUCED_IN,,0.2,0.1,2.0,1.0
cultivar:simone|cucurbita_pepo,species:cucurbita_pepo,OF_SPECIES,,,,,
cultivar:simone|cucurbita_pepo,region:mg,PRODUCED_IN,,35.75,13.46,18.0,12.0
cultivar:simone|cucurbita_pepo,region:rs,PRODUCED_IN,,9.67,3.35,7.0,4.0
cultivar:simone|cucurbita_pepo,region:sp,PRODUCED_IN,,0.45,0.04,7.0,6.0
cultivar:sumaia|cucurbita_pepo,species:cucurbita_pepo,OF_SPECIES,,,,,
cultivar:sumaia|cucurbita_pepo,region:mg,PRODUCED_IN,,0.65,0.14,2.0,2.0
cultivar:te_014|cucurbita_pepo,species:cucurbita_pepo,OF_SPECIES,,,,,
cultivar:te_014|cucurbita_pepo,region:rs,PRODUCED_IN,,0.95,0.29,3.0,3.0
cultivar:te_020|cucurbita_pepo,species:cucurbita_pepo,OF_SPECIES,,,,,
cultivar:te_020|cucurbita_pepo,region:rs,PRODUCED_IN,,0.5,0.15,1.0,1.0
cultivar:vpu519|cucurbita_pepo,species:cucurbita_pepo,OF_SPECIES,,,,,
cultivar:vpu519|cucurbita_pepo,region:mg,PRODUCED_IN,,6.85,1.42,5.0,3.0
cultivar:vpu519|cucurbita_pepo,region:rs,PRODUCED_IN,,1.5,0.3,1.0,1.0
cultivar:vpu519|cucurbita_pepo,region:sp,PRODUCED_IN,,0.25,0.01,1.0,1.0
cultivar:vpu525|cucurbita_pepo,species:cucurbita_pepo,OF_SPECIES,,,,,
cultivar:vpu525|cucurbita_pepo,region:mg,PRODUCED_IN,,0.78,0.16,2.0,2.0
cultivar:vpu526|cucurbita_pepo,species:cucurbita_pepo,OF_SPECIES,,,,,
cultivar:vpu526|cucurbita_pepo,region:mg,PRODUCED_IN,,0.73,0.54,2.0,2.0
cultivar:vpu528|cucurbita_pepo,species:cucurbita_pepo,OF_SPECIES,,,,,
cultivar:vpu528|cucurbita_pepo,region:mg,PRODUCED_IN,,10.93,1.42,4.0,2.0
cultivar:vpu531|cucurbita_pepo,species:cucurbita_pepo,OF_SPECIES,,,,,
cultivar:vpu531|cucurbita_pepo,region:mg,PRODUCED_IN,,3.42,0.72,4.0,4.0
cultivar:vpu532|cucurbita_pepo,species:cucurbita_pepo,OF_SPECIES,,,,,
cultivar:vpu532|cucurbita_pepo,region:mg,PRODUCED_IN,,0.5,0.2,1.0,1.0
cultivar:vpu533|cucurbita_pepo,species:cucurbita_pepo,OF_SPECIES,,,,,
cultivar:vpu533|cucurbita_pepo,region:mg,PRODUCED_IN,,1.27,0.19,1.0,1.0
cultivar:vpu534|cucurbita_pepo,species:cucurbita_pepo,OF_SPECIES,,,,,
cultivar:vpu534|cucurbita_pepo,region:mg,PRODUCED_IN,,2.2,0.45,3.0,3.0
cultivar:vpu536|cucurbita_pepo,species:cucurbita_pepo,OF_SPECIES,,,,,
cultivar:vpu536|cucurbita_pepo,region:mg,PRODUCED_IN,,2.31,0.27,3.0,3.0
cultivar:vpu537|cucurbita_pepo,species:cucurbita_pepo,OF_SPECIES,,,,,
cultivar:vpu537|cucurbita_pepo,region:mg,PRODUCED_IN,,2.24,0.42,3.0,3.0
cultivar:vsq_559|cucurbita_pepo,species:cucurbita_pepo,OF_SPECIES,,,,,
cultivar:vsq_559|cucurbita_pepo,region:mg,PRODUCED_IN,,21.09,9.5,5.0,2.0
cultivar:vsq_568|cucurbita_pepo,species:cucurbita_pepo,OF_SPECIES,,,,,
cultivar:vsq_568|cucurbita_pepo,region:mg,PRODUCED_IN,,17.09,18.52,16.0,11.0
cultivar:vsq_568|cucurbita_pepo,region:sp,PRODUCED_IN,,0.07,0.01,1.0,1.0
cultivar:vsq_902|cucurbita_pepo,species:cucurbita_pepo,OF_SPECIES,,,,,
cultivar:vsq_902|cucurbita_pepo,region:mg,PRODUCED_IN,,7.8,2.32,6.0,4.0
cultivar:vsq_902|cucurbita_pepo,region:sp,PRODUCED_IN,,0.1,0.03,2.0,1.0
cultivar:vsq_907|cucurbita_pepo,species:cucurbita_pepo,OF_SPECIES,,,,,
cultivar:vsq_907|cucurbita_pepo,region:mg,PRODUCED_IN,,0.25,0.05,1.0,1.0
cultivar:vsq_907|cucurbita_pepo,region:sp,PRODUCED_IN,,0.05,0.01,1.0,1.0
cultivar:vsq_908|cucurbita_pepo,species:cucurbita_pepo,OF_SPECIES,,,,,
cultivar:vsq_908|cucurbita_pepo,region:mg,PRODUCED_IN,,5.96,1.52,6.0,6.0
cultivar:vsq_908|cucurbita_pepo,region:sp,PRODUCED_IN,,0.49,0.04,6.0,4.0
cultivar:vsq_909|cucurbita_pepo,species:cucurbita_pepo,OF_SPECIES,,,,,
cultivar:vsq_909|cucurbita_pepo,region:mg,PRODUCED_IN,,28.75,8.16,10.0,7.0
cultivar:vsq_909|cucurbita_pepo,region:rs,PRODUCED_IN,,0.5,0.15,1.0,1.0
cultivar:vsq_909|cucurbita_pepo,region:sp,PRODUCED_IN,,0.69,0.13,7.0,5.0
cultivar:vsq_910|cucurbita_pepo,species:cucurbita_pepo,OF_SPECIES,,,,,
cultivar:vsq_910|cucurbita_pepo,region:mg,PRODUCED_IN,,0.5,0.1,1.0,1.0
cultivar:vsq_910|cucurbita_pepo,region:sp,PRODUCED_IN,,0.17,0.05,1.0,1.0
cultivar:vsq_911|cucurbita_pepo,species:cucurbita_pepo,OF_SPECIES,,,,,
cultivar:vsq_911|cucurbita_pepo,region:mg,PRODUCED_IN,,1.0,0.2,2.0,2.0
cultivar:vsq013g|cucurbita_pepo,species:cucurbita_pepo,OF_SPECIES,,,,,
cultivar:vsq013g|cucurbita_pepo,region:mg,PRODUCED_IN,,1.2,0.24,1.0,1.0
cultivar:vsq039g|cucurbita_pepo,species:cucurbita_pepo,OF_SPECIES,,,,,
cultivar:vsq039g|cucurbita_pepo,region:mg,PRODUCED_IN,,0.6,0.12,1.0,1.0
cultivar:vsq564|cucurbita_pepo,species:cucurbita_pepo,OF_SPECIES,,,,,
cultivar:vsq564|cucurbita_pepo,region:mg,PRODUCED_IN,,3.34,0.6,2.0,2.0
cultivar:vsq905|cucurbita_pepo,species:cucurbita_pepo,OF_SPECIES,,,,,
cultivar:vsq905|cucurbita_pepo,region:mg,PRODUCED_IN,,16.47,4.29,9.0,7.0
cultivar:vsq905|cucurbita_pepo,region:sp,PRODUCED_IN,,0.05,0.01,2.0,1.0
cultivar:vsq923|cucurbita_pepo,species:cucurbita_pepo,OF_SPECIES,,,,,
cultivar:vsq923|cucurbita_pepo,region:mg,PRODUCED_IN,,0.15,0.01,1.0,1.0
cultivar:veneza|cucurbita_pepo,species:cucurbita_pepo,OF_SPECIES,,,,,
cultivar:veneza|cucurbita_pepo,region:sp,PRODUCED_IN,,0.9,0.35,5.0,3.0
cultivar:viena|cucurbita_pepo,species:cucurbita_pepo,OF_SPECIES,,,,,
cultivar:viena|cucurbita_pepo,region:sp,PRODUCED_IN,,0.5,0.25,3.0,2.0
cultivar:yasmin|cucurbita_pepo,species:cucurbita_pepo,OF_SPECIES,,,,,
cultivar:yasmin|cucurbita_pepo,region:mg,PRODUCED_IN,,48.57,15.61,22.0,12.0
cultivar:yasmin|cucurbita_pepo,region:rs,PRODUCED_IN,,4.0,1.2,1.0,1.0
cultivar:yasmin|cucurbita_pepo,region:sp,PRODUCED_IN,,0.63,0.07,6.0,4.0
cultivar:cibele|cucurbita_pepo,species:cucurbita_pepo,OF_SPECIES,,,,,
cultivar:cibele|cucurbita_pepo,region:sp,PRODUCED_IN,,2.07,1.25,5.0,3.0
cultivar:dany|cucurbita_pepo,species:cucurbita_pepo,OF_SPECIES,,,,,
cultivar:dany|cucurbita_pepo,region:mg,PRODUCED_IN,,11.26,2.42,7.0,6.0
cultivar:dany|cucurbita_pepo,region:sp,PRODUCED_IN,,1.95,0.25,18.0,5.0
cultivar:galicia|cucurbita_pepo,species:cucurbita_pepo,OF_SPECIES,,,,,
cultivar:galicia|cucurbita_pepo,region:mg,PRODUCED_IN,,0.05,0.02,2.0,1.0
cultivar:ht_57|cucurbita_pepo,species:cucurbita_pepo,OF_SPECIES,,,,,
cultivar:ht_57|cucurbita_pepo,region:mg,PRODUCED_IN,,7.0,2.85,6.0,4.0
cultivar:ht_57|cucurbita_pepo,region:sp,PRODUCED_IN,,0.08,0.02,2.0,1.0
cultivar:ht_65|cucurbita_pepo,species:cucurbita_pepo,OF_SPECIES,,,,,
cultivar:ht_65|cucurbita_pepo,region:mg,PRODUCED_IN,,2.04,1.21,4.0,2.0
cultivar:ht_65|cucurbita_pepo,region:sp,PRODUCED_IN,,0.06,0.07,3.0,2.0
cultivar:joyce|cucurbita_pepo,species:cucurbita_pepo,OF_SPECIES,,,,,
cultivar:joyce|cucurbita_pepo,region:sp,PRODUCED_IN,,1.06,0.62,3.0,2.0
cultivar:scv_2111|cucurbita_pepo,species:cucurbita_pepo,OF_SPECIES,,,,,
cultivar:scv_2111|cucurbita_pepo,region:mg,PRODUCED_IN,,0.25,0.2,1.0,1.0
cultivar:scv_2211|cucurbita_pepo,species:cucurbita_pepo,OF_SPECIES,,,,,
cultivar:scv_2211|cucurbita_pepo,region:pe,PRODUCED_IN,,1.5,0.3,1.0,1.0
cultivar:scv_2211|cucurbita_pepo,region:rs,PRODUCED_IN,,2.0,0.5,1.0,1.0
cultivar:scv_2316|cucurbita_pepo,species:cucurbita_pepo,OF_SPECIES,,,,,
cultivar:scv_2316|cucurbita_pepo,region:pe,PRODUCED_IN,,0.2,0.1,1.0,1.0
cultivar:scv_2416|cucurbita_pepo,species:cucurbita_pepo,OF_SPECIES,,,,,
cultivar:scv_2416|cucurbita_pepo,region:mg,PRODUCED_IN,,0.25,0.25,1.0,1.0
species:daucus_carota,crop:c_9640,IS_A,100.0,,,,
cultivar:agr_123|daucus_carota,species:daucus_carota,OF_SPECIES,,,,,
cultivar:agr_123|daucus_carota,region:go,PRODUCED_IN,,0.8,0.48,1.0,1.0
cultivar:agr_125|daucus_carota,species:daucus_carota,OF_SPECIES,,,,,
cultivar:agr_125|daucus_carota,region:go,PRODUCED_IN,,1.2,0.72,1.0,1.0
cultivar:agr_125|daucus_carota,region:rs,PRODUCED_IN,,2.2,0.68,4.0,1.0
cultivar:alvorada|daucus_carota,species:daucus_carota,OF_SPECIES,,,,,
cultivar:alvorada|daucus_carota,region:rs,PRODUCED_IN,,3.48,1.18,13.0,5.0
cultivar:amanda|daucus_carota,species:daucus_carota,OF_SPECIES,,,,,
cultivar:amanda|daucus_carota,region:rn,PRODUCED_IN,,2.4,0.9,1.0,1.0
cultivar:andressa|daucus_carota,species:daucus_carota,OF_SPECIES,,,,,
cultivar:andressa|daucus_carota,region:go,PRODUCED_IN,,3.3,1.81,4.0,3.0
cultivar:ariele|daucus_carota,species:daucus_carota,OF_SPECIES,,,,,
cultivar:ariele|daucus_carota,region:rs,PRODUCED_IN,,0.7,0.35,7.0,4.0
cultivar:bas_10739|daucus_carota,species:daucus_carota,OF_SPECIES,,,,,
cultivar:bas_10739|daucus_carota,region:mg,PRODUCED_IN,,0.04,0.01,1.0,1.0
cultivar:bas_10745|daucus_carota,species:daucus_carota,OF_SPECIES,,,,,
cultivar:bas_10745|daucus_carota,region:mg,PRODUCED_IN,,0.08,0.01,1.0,1.0
cultivar:bas_15275|daucus_carota,species:daucus_carota,OF_SPECIES,,,,,
cultivar:bas_15275|daucus_carota,region:mg,PRODUCED_IN,,0.02,0.0,1.0,1.0
cultivar:bas_15282|daucus_carota,species:daucus_carota,OF_SPECIES,,,,,
cultivar:bas_15282|daucus_carota,region:mg,PRODUCED_IN,,0.01,0.0,1.0,1.0
cultivar:bas_15288|daucus_carota,species:daucus_carota,OF_SPECIES,,,,,
cultivar:bas_15288|daucus_carota,region:mg,PRODUCED_IN,,0.04,0.01,1.0,1.0
cultivar:bas_23098|daucus_carota,species:daucus_carota,OF_SPECIES,,,,,
cultivar:bas_23098|daucus_carota,region:mg,PRODUCED_IN,,0.04,0.01,1.0,1.0
cultivar:bas_23099|daucus_carota,species:daucus_carota,OF_SPECIES,,,,,
cultivar:bas_23099|daucus_carota,region:mg,PRODUCED_IN,,0.04,0.01,1.0,1.0
cultivar:brs_carmela|daucus_carota,species:daucus_carota,OF_SPECIES,,,,,
cultivar:brs_carmela|daucus_carota,region:rs,PRODUCED_IN,,0.2,0.17,2.0,2.0
cultivar:brs_esplanada|daucus_carota,species:daucus_carota,OF_SPECIES,,,,,
cultivar:brs_esplanada|daucus_carota,region:rs,PRODUCED_IN,,2.95,0.99,9.0,3.0
cultivar:brs_paranoa|daucus_carota,species:daucus_carota,OF_SPECIES,,,,,
cultivar:brs_paranoa|daucus_carota,region:df,PRODUCED_IN,,0.11,0.01,2.0,2.0
cultivar:brs_paranoa|daucus_carota,region:rs,PRODUCED_IN,,21.73,15.87,16.0,5.0
cultivar:brs_planalto|daucus_carota,species:daucus_carota,OF_SPECIES,,,,,
cultivar:brs_planalto|daucus_carota,region:df,PRODUCED_IN,,0.15,0.06,3.0,3.0
cultivar:brs_planalto|daucus_carota,region:rs,PRODUCED_IN,,35.49,21.52,30.0,11.0
cultivar:brasilia_irecaa|daucus_carota,species:daucus_carota,OF_SPECIES,,,,,
cultivar:brasilia_irecaa|daucus_carota,region:rs,PRODUCED_IN,,41.8,24.9,17.0,6.0
cultivar:brasalia|daucus_carota,species:daucus_carota,OF_SPECIES,,,,,
cultivar:brasalia|daucus_carota,region:go,PRODUCED_IN,,2.2,1.16,5.0,4.0
cultivar:brasalia|daucus_carota,region:mg,PRODUCED_IN,,0.1,0.1,1.0,1.0
cultivar:brasalia|daucus_carota,region:rs,PRODUCED_IN,,267.66,12145.77,157.0,22.0
cultivar:brasalia|daucus_carota,region:sp,PRODUCED_IN,,10.88,10.81,7.0,5.0
cultivar:brazlandia|daucus_carota,species:daucus_carota,OF_SPECIES,,,,,
cultivar:brazlandia|daucus_carota,region:rs,PRODUCED_IN,,3.8,2.28,1.0,1.0
cultivar:brazlandia|daucus_carota,region:sp,PRODUCED_IN,,0.05,0.01,1.0,1.0
cultivar:cen_01|daucus_carota,species:daucus_carota,OF_SPECIES,,,,,
cultivar:cen_01|daucus_carota,region:rs,PRODUCED_IN,,11.22,14.22,10.0,7.0
cultivar:cristalina|daucus_carota,species:daucus_carota,OF_SPECIES,,,,,
cultivar:cristalina|daucus_carota,region:sp,PRODUCED_IN,,0.55,1.01,2.0,1.0
cultivar:danvers_meio_comprida|daucus_carota,species:daucus_carota,OF_SPECIES,,,,,
cultivar:danvers_meio_comprida|daucus_carota,region:rs,PRODUCED_IN,,0.08,0.01,1.0,1.0
cultivar:eloasa|daucus_carota,species:daucus_carota,OF_SPECIES,,,,,
cultivar:eloasa|daucus_carota,region:rs,PRODUCED_IN,,0.72,0.09,5.0,4.0
cultivar:erica|daucus_carota,species:daucus_carota,OF_SPECIES,,,,,
cultivar:erica|daucus_carota,region:go,PRODUCED_IN,,5.85,2.52,6.0,6.0
cultivar:francine|daucus_carota,species:daucus_carota,OF_SPECIES,,,,,
cultivar:francine|daucus_carota,region:go,PRODUCED_IN,,3.06,0.92,4.0,4.0
cultivar:francine|daucus_carota,region:rs,PRODUCED_IN,,1.0,0.6,1.0,1.0
cultivar:gigante_de_flakker|daucus_carota,species:daucus_carota,OF_SPECIES,,,,,
cultivar:gigante_de_flakker|daucus_carota,region:rs,PRODUCED_IN,,0.0,0.0,1.0,1.0
cultivar:h12la|daucus_carota,species:daucus_carota,OF_SPECIES,,,,,
cultivar:h12la|daucus_carota,region:df,PRODUCED_IN,,0.02,0.0,1.0,1.0
cultivar:h12lb|daucus_carota,species:daucus_carota,OF_SPECIES,,,,,
cultivar:h12lb|daucus_carota,region:df,PRODUCED_IN,,0.02,0.0,1.0,1.0
cultivar:h12lc|daucus_carota,species:daucus_carota,OF_SPECIES,,,,,
cultivar:h12lc|daucus_carota,region:df,PRODUCED_IN,,0.02,0.0,1.0,1.0
cultivar:h8la|daucus_carota,species:daucus_carota,OF_SPECIES,,,,,
cultivar:h8la|daucus_carota,region:df,PRODUCED_IN,,0.02,0.0,2.0,2.0
cultivar:h8lb|daucus_carota,species:daucus_carota,OF_SPECIES,,,,,
cultivar:h8lb|daucus_carota,region:df,PRODUCED_IN,,0.02,0.0,1.0,1.0
cultivar:h8lc|daucus_carota,species:daucus_carota,OF_SPECIES,,,,,
cultivar:h8lc|daucus_carota,region:df,PRODUCED_IN,,0.02,0.0,2.0,2.0
cultivar:ht_2000|daucus_carota,species:daucus_carota,OF_SPECIES,,,,,
cultivar:ht_2000|daucus_carota,region:sp,PRODUCED_IN,,0.05,0.02,1.0,1.0
cultivar:is_825|daucus_carota,species:daucus_carota,OF_SPECIES,,,,,
cultivar:is_825|daucus_carota,region:rs,PRODUCED_IN,,2.09,0.8,2.0,1.0
cultivar:is_825a|daucus_carota,species:daucus_carota,OF_SPECIES,,,,,
cultivar:is_825a|daucus_carota,region:rs,PRODUCED_IN,,0.5,0.1,2.0,2.0
cultivar:is_825c|daucus_carota,species:daucus_carota,OF_SPECIES,,,,,
cultivar:is_825c|daucus_carota,region:rs,PRODUCED_IN,,0.5,0.1,1.0,1.0
cultivar:is_914a|daucus_carota,species:daucus_carota,OF_SPECIES,,,,,
cultivar:is_914a|daucus_carota,region:rs,PRODUCED_IN,,0.5,0.15,1.0,1.0
cultivar:is_914c|daucus_carota,species:daucus_carota,OF_SPECIES,,,,,
cultivar:is_914c|daucus_carota,region:rs,PRODUCED_IN,,0.59,0.15,1.0,1.0
cultivar:is_931|daucus_carota,species:daucus_carota,OF_SPECIES,,,,,
cultivar:is_931|daucus_carota,region:rs,PRODUCED_IN,,5.9,2.2,4.0,4.0
cultivar:is_931a|daucus_carota,species:daucus_carota,OF_SPECIES,,,,,
cultivar:is_931a|daucus_carota,region:rs,PRODUCED_IN,,0.5,0.15,1.0,1.0
cultivar:is_931c|daucus_carota,species:daucus_carota,OF_SPECIES,,,,,
cultivar:is_931c|daucus_carota,region:rs,PRODUCED_IN,,0.5,0.15,1.0,1.0
cultivar:is_994|daucus_carota,species:daucus_carota,OF_SPECIES,,,,,
cultivar:is_994|daucus_carota,region:rs,PRODUCED_IN,,1.5,0.85,3.0,2.0
cultivar:is_999a|daucus_carota,species:daucus_carota,OF_SPECIES,,,,,
cultivar:is_999a|daucus_carota,region:rs,PRODUCED_IN,,0.5,0.15,1.0,1.0
cultivar:is_999c|daucus_carota,species:daucus_carota,OF_SPECIES,,,,,
cultivar:is_999c|daucus_carota,region:rs,PRODUCED_IN,,0.5,0.15,1.0,1.0
cultivar:ingrid|daucus_carota,species:daucus_carota,OF_SPECIES,,,,,
cultivar:ingrid|daucus_carota,region:rs,PRODUCED_IN,,0.39,0.12,4.0,3.0
cultivar:kuronan|daucus_carota,species:daucus_carota,OF_SPECIES,,,,,
cultivar:kuronan|daucus_carota,region:rs,PRODUCED_IN,,1.25,0.5,3.0,1.0
cultivar:lilian|daucus_carota,species:daucus_carota,OF_SPECIES,,,,,
cultivar:lilian|daucus_carota,region:rs,PRODUCED_IN,,0.54,0.14,4.0,3.0
cultivar:luiza|daucus_carota,species:daucus_carota,OF_SPECIES,,,,,
cultivar:luiza|daucus_carota,region:rs,PRODUCED_IN,,0.54,0.12,5.0,4.0
cultivar:lagia|daucus_carota,species:daucus_carota,OF_SPECIES,,,,,
cultivar:lagia|daucus_carota,region:sp,PRODUCED_IN,,2.88,2.71,10.0,3.0
cultivar:lavia|daucus_carota,species:daucus_carota,OF_SPECIES,,,,,
cultivar:lavia|daucus_carota,region:rs,PRODUCED_IN,,20.6,9.0,10.0,2.0
cultivar:melissa|daucus_carota,species:daucus_carota,OF_SPECIES,,,,,
cultivar:melissa|daucus_carota,region:go,PRODUCED_IN,,2.0,0.5,1.0,1.0
cultivar:mariana|daucus_carota,species:daucus_carota,OF_SPECIES,,,,,
cultivar:mariana|daucus_carota,region:rs,PRODUCED_IN,,0.2,0.05,1.0,1.0
cultivar:marly|daucus_carota,species:daucus_carota,OF_SPECIES,,,,,
cultivar:marly|daucus_carota,region:sp,PRODUCED_IN,,2.59,2.42,9.0,3.0
cultivar:melinda|daucus_carota,species:daucus_carota,OF_SPECIES,,,,,
cultivar:melinda|daucus_carota,region:rs,PRODUCED_IN,,0.4,0.2,1.0,1.0
cultivar:melinda|daucus_carota,region:sp,PRODUCED_IN,,0.9,0.06,1.0,1.0
cultivar:nadia|daucus_carota,species:daucus_carota,OF_SPECIES,,,,,
cultivar:nadia|daucus_carota,region:sp,PRODUCED_IN,,0.04,0.01,1.0,1.0
cultivar:nancy|daucus_carota,species:daucus_carota,OF_SPECIES,,,,,
cultivar:nancy|daucus_carota,region:sp,PRODUCED_IN,,0.13,0.05,3.0,1.0
cultivar:nantes|daucus_carota,species:daucus_carota,OF_SPECIES,,,,,
cultivar:nantes|daucus_carota,region:go,PRODUCED_IN,,0.09,0.25,1.0,1.0
cultivar:nantes|daucus_carota,region:rs,PRODUCED_IN,,2.61,0.56,3.0,3.0
cultivar:nantes|daucus_carota,region:sp,PRODUCED_IN,,0.38,0.3,4.0,4.0
cultivar:nantes_milena|daucus_carota,species:daucus_carota,OF_SPECIES,,,,,
cultivar:nantes_milena|daucus_carota,region:rs,PRODUCED_IN,,0.5,0.1,2.0,2.0
cultivar:nantes_superior|daucus_carota,species:daucus_carota,OF_SPECIES,,,,,
cultivar:nantes_superior|daucus_carota,region:go,PRODUCED_IN,,2.0,0.5,1.0,1.0
cultivar:nimes|daucus_carota,species:daucus_carota,OF_SPECIES,,,,,
cultivar:nimes|daucus_carota,region:sp,PRODUCED_IN,,0.13,0.05,3.0,1.0
cultivar:nova_kuroda|daucus_carota,species:daucus_carota,OF_SPECIES,,,,,
cultivar:nova_kuroda|daucus_carota,region:go,PRODUCED_IN,,2.0,0.5,1.0,1.0
cultivar:paloma|daucus_carota,species:daucus_carota,OF_SPECIES,,,,,
cultivar:paloma|daucus_carota,region:go,PRODUCED_IN,,5.4,1.8,3.0,3.0
cultivar:paloma|daucus_carota,region:mg,PRODUCED_IN,,1.0,0.4,1.0,1.0
cultivar:roterda|daucus_carota,species:daucus_carota,OF_SPECIES,,,,,
cultivar:roterda|daucus_carota,region:rs,PRODUCED_IN,,0.1,0.1,1.0,1.0
cultivar:royal_kuroda|daucus_carota,species:daucus_carota,OF_SPECIES,,,,,
cultivar:royal_kuroda|daucus_carota,region:rs,PRODUCED_IN,,5.5,3.0,2.0,1.0
cultivar:sertao|daucus_carota,species:daucus_carota,OF_SPECIES,,,,,
cultivar:sertao|daucus_carota,region:rs,PRODUCED_IN,,4.1,2.02,2.0,2.0
cultivar:sertao|daucus_carota,region:sp,PRODUCED_IN,,0.02,0.01,1.0,1.0
cultivar:solar|daucus_carota,species:daucus_carota,OF_SPECIES,,,,,
cultivar:solar|daucus_carota,region:rn,PRODUCED_IN,,0.6,0.23,1.0,1.0
cultivar:suprema|daucus_carota,species:daucus_carota,OF_SPECIES,,,,,
cultivar:suprema|daucus_carota,region:rs,PRODUCED_IN,,23.35,16.4,16.0,8.0
cultivar:tpc_18087|daucus_carota,species:daucus_carota,OF_SPECIES,,,,,
cultivar:tpc_18087|daucus_carota,region:go,PRODUCED_IN,,1.0,0.4,1.0,1.0
cultivar:thais|daucus_carota,species:daucus_carota,OF_SPECIES,,,,,
cultivar:thais|daucus_carota,region:sp,PRODUCED_IN,,0.13,0.05,3.0,1.0
cultivar:verao_ht|daucus_carota,species:daucus_carota,OF_SPECIES,,,,,
cultivar:verao_ht|daucus_carota,region:sp,PRODUCED_IN,,1.19,0.44,7.0,3.0
cultivar:vitoria|daucus_carota,species:daucus_carota,OF_SPECIES,,,,,
cultivar:vitoria|daucus_carota,region:rn,PRODUCED_IN,,0.3,0.13,1.0,1.0
cultivar:af3299|daucus_carota,species:daucus_carota,OF_SPECIES,,,,,
cultivar:af3299|daucus_carota,region:rs,PRODUCED_IN,,4.5,2.9,4.0,3.0
species:lactuca_sativa,crop:c_12151,IS_A,100.0,,,,
cultivar:af_3918|lactuca_sativa,species:lactuca_sativa,OF_SPECIES,,,,,
cultivar:af_3918|lactuca_sativa,region:mg,PRODUCED_IN,,0.53,0.2,2.0,2.0
cultivar:af_5007|lactuca_sativa,species:lactuca_sativa,OF_SPECIES,,,,,
cultivar:af_5007|lactuca_sativa,region:mg,PRODUCED_IN,,1.41,0.48,4.0,4.0
cultivar:af_5007|lactuca_sativa,region:sp,PRODUCED_IN,,0.03,0.0,1.0,1.0
cultivar:af_5010|lactuca_sativa,species:lactuca_sativa,OF_SPECIES,,,,,
cultivar:af_5010|lactuca_sativa,region:mg,PRODUCED_IN,,1.79,0.63,6.0,5.0
cultivar:af_5010|lactuca_sativa,region:sp,PRODUCED_IN,,0.05,0.0,3.0,3.0
cultivar:af_5137|lactuca_sativa,species:lactuca_sativa,OF_SPECIES,,,,,
cultivar:af_5137|lactuca_sativa,region:mg,PRODUCED_IN,,1.25,0.6,6.0,6.0
cultivar:af_5137|lactuca_sativa,region:sp,PRODUCED_IN,,0.04,0.03,2.0,2.0
cultivar:af_5254|lactuca_sativa,species:lactuca_sativa,OF_SPECIES,,,,,
cultivar:af_5254|lactuca_sativa,region:mg,PRODUCED_IN,,7.71,3.61,15.0,12.0
cultivar:af_5254|lactuca_sativa,region:sp,PRODUCED_IN,,0.04,0.03,2.0,2.0
cultivar:af_5267|lactuca_sativa,species:lactuca_sativa,OF_SPECIES,,,,,
cultivar:af_5267|lactuca_sativa,region:mg,PRODUCED_IN,,4.0,0.8,7.0,6.0
cultivar:af_5267|lactuca_sativa,region:sp,PRODUCED_IN,,0.03,0.03,2.0,2.0
cultivar:af_5345|lactuca_sativa,species:lactuca_sativa,OF_SPECIES,,,,,
cultivar:af_5345|lactuca_sativa,region:sp,PRODUCED_IN,,0.03,0.0,2.0,2.0
cultivar:af_5542|lactuca_sativa,species:lactuca_sativa,OF_SPECIES,,,,,
cultivar:af_5542|lactuca_sativa,region:mg,PRODUCED_IN,,1.82,0.67,6.0,6.0
cultivar:af_5542|lactuca_sativa,region:sp,PRODUCED_IN,,0.15,0.04,3.0,3.0
cultivar:af_5547|lactuca_sativa,species:lactuca_sativa,OF_SPECIES,,,,,
cultivar:af_5547|lactuca_sativa,region:sp,PRODUCED_IN,,0.09,0.01,2.0,2.0
cultivar:af_5627|lactuca_sativa,species:lactuca_sativa,OF_SPECIES,,,,,
cultivar:af_5627|lactuca_sativa,region:mg,PRODUCED_IN,,1.8,0.85,6.0,6.0
cultivar:af_5627|lactuca_sativa,region:sp,PRODUCED_IN,,0.03,0.03,2.0,2.0
cultivar:af12163|lactuca_sativa,species:lactuca_sativa,OF_SPECIES,,,,,
cultivar:af12163|lactuca_sativa,region:sp,PRODUCED_IN,,0.01,0.0,1.0,1.0
cultivar:af12759|lactuca_sativa,species:lactuca_sativa,OF_SPECIES,,,,,
cultivar:af12759|lactuca_sativa,region:sp,PRODUCED_IN,,0.01,0.0,1.0,1.0
cultivar:af13381|lactuca_sativa,species:lactuca_sativa,OF_SPECIES,,,,,
cultivar:af13381|lactuca_sativa,region:sp,PRODUCED_IN,,0.0,0.0,1.0,1.0
cultivar:af15807|lactuca_sativa,species:lactuca_sativa,OF_SPECIES,,,,,
cultivar:af15807|lactuca_sativa,region:sp,PRODUCED_IN,,0.03,0.01,2.0,2.0
cultivar:af15809|lactuca_sativa,species:lactuca_sativa,OF_SPECIES,,,,,
cultivar:af15809|lactuca_sativa,region:sp,PRODUCED_IN,,0.03,0.01,1.0,1.0
cultivar:af17928|lactuca_sativa,species:lactuca_sativa,OF_SPECIES,,,,,
cultivar:af17928|lactuca_sativa,region:sp,PRODUCED_IN,,0.03,0.01,1.0,1.0
cultivar:af18920|lactuca_sativa,species:lactuca_sativa,OF_SPECIES,,,,,
cultivar:af18920|lactuca_sativa,region:sp,PRODUCED_IN,,0.03,0.01,1.0,1.0
cultivar:af18921|lactuca_sativa,species:lactuca_sativa,OF_SPECIES,,,,,
cultivar:af18921|lactuca_sativa,region:sp,PRODUCED_IN,,0.03,0.01,1.0,1.0
cultivar:af7816|lactuca_sativa,species:lactuca_sativa,OF_SPECIES,,,,,
cultivar:af7816|lactuca_sativa,region:sp,PRODUCED_IN,,0.08,0.0,1.0,1.0
cultivar:af7944|lactuca_sativa,species:lactuca_sativa,OF_SPECIES,,,,,
cultivar:af7944|lactuca_sativa,region:mg,PRODUCED_IN,,8.24,3.57,16.0,8.0
cultivar:af7944|lactuca_sativa,region:sp,PRODUCED_IN,,0.15,0.03,4.0,4.0
cultivar:af7945|lactuca_sativa,species:lactuca_sativa,OF_SPECIES,,,,,
cultivar:af7945|lactuca_sativa,region:sp,PRODUCED_IN,,0.08,0.0,1.0,1.0
cultivar:af9708|lactuca_sativa,species:lactuca_sativa,OF_SPECIES,,,,,
cultivar:af9708|lactuca_sativa,region:sp,PRODUCED_IN,,0.03,0.0,1.0,1.0
cultivar:abarquina|lactuca_sativa,species:lactuca_sativa,OF_SPECIES,,,,,
cultivar:abarquina|lactuca_sativa,region:mg,PRODUCED_IN,,0.33,0.1,1.0,1.0
cultivar:abarquina|lactuca_sativa,region:sp,PRODUCED_IN,,0.03,0.01,2.0,2.0
cultivar:adely|lactuca_sativa,species:lactuca_sativa,OF_SPECIES,,,,,
cultivar:adely|lactuca_sativa,region:mg,PRODUCED_IN,,0.0,0.0,1.0,1.0
cultivar:adely|lactuca_sativa,region:sp,PRODUCED_IN,,0.07,0.04,2.0,2.0
cultivar:adriele|lactuca_sativa,species:lactuca_sativa,OF_SPECIES,,,,,
cultivar:adriele|lactuca_sativa,region:sp,PRODUCED_IN,,0.01,0.0,1.0,1.0
cultivar:agnes|lactuca_sativa,species:lactuca_sativa,OF_SPECIES,,,,,
cultivar:agnes|lactuca_sativa,region:mg,PRODUCED_IN,,0.25,0.02,1.0,1.0
cultivar:agnes|lactuca_sativa,region:sp,PRODUCED_IN,,0.01,0.0,1.0,1.0
cultivar:alana|lactuca_sativa,species:lactuca_sativa,OF_SPECIES,,,,,
cultivar:alana|lactuca_sativa,region:mg,PRODUCED_IN,,0.0,0.01,1.0,1.0
cultivar:alana|lactuca_sativa,region:sp,PRODUCED_IN,,0.12,0.05,4.0,4.0
cultivar:alcione|lactuca_sativa,species:lactuca_sativa,OF_SPECIES,,,,,
cultivar:alcione|lactuca_sativa,region:sp,PRODUCED_IN,,0.02,0.01,2.0,2.0
cultivar:alice|lactuca_sativa,species:lactuca_sativa,OF_SPECIES,,,,,
cultivar:alice|lactuca_sativa,region:go,PRODUCED_IN,,0.32,0.11,5.0,4.0
cultivar:aline|lactuca_sativa,species:lactuca_sativa,OF_SPECIES,,,,,
cultivar:aline|lactuca_sativa,region:sp,PRODUCED_IN,,0.05,0.01,2.0,2.0
cultivar:alioth|lactuca_sativa,species:lactuca_sativa,OF_SPECIES,,,,,
cultivar:alioth|lactuca_sativa,region:sp,PRODUCED_IN,,0.02,0.01,2.0,2.0
cultivar:americana|lactuca_sativa,species:lactuca_sativa,OF_SPECIES,,,,,
cultivar:americana|lactuca_sativa,region:mg,PRODUCED_IN,,0.25,0.01,1.0,1.0
cultivar:americana|lactuca_sativa,region:sp,PRODUCED_IN,,0.21,0.1,2.0,2.0
cultivar:americana_grandes_lagos_659|lactuca_sativa,species:lactuca_sativa,OF_SPECIES,,,,,
cultivar:americana_grandes_lagos_659|lactuca_sativa,region:ba,PRODUCED_IN,,2.0,0.8,1.0,1.0
cultivar:americana_grandes_lagos_659|lactuca_sativa,region:mg,PRODUCED_IN,,20.72,10.78,23.0,7.0
cultivar:americana_grandes_lagos_659|lactuca_sativa,region:rs,PRODUCED_IN,,0.01,0.0,1.0,1.0
cultivar:americana_lady|lactuca_sativa,species:lactuca_sativa,OF_SPECIES,,,,,
cultivar:americana_lady|lactuca_sativa,region:mg,PRODUCED_IN,,0.26,0.08,2.0,2.0
cultivar:americana_lady|lactuca_sativa,region:sp,PRODUCED_IN,,0.12,0.04,2.0,2.0
cultivar:analu|lactuca_sativa,species:lactuca_sativa,OF_SPECIES,,,,,
cultivar:analu|lactuca_sativa,region:mg,PRODUCED_IN,,0.26,0.03,2.0,2.0
cultivar:analu|lactuca_sativa,region:sp,PRODUCED_IN,,0.0,0.01,1.0,1.0
cultivar:andressa|lactuca_sativa,species:lactuca_sativa,OF_SPECIES,,,,,
cultivar:andressa|lactuca_sativa,region:mg,PRODUCED_IN,,0.01,0.02,1.0,1.0
cultivar:andressa|lactuca_sativa,region:sp,PRODUCED_IN,,0.01,0.01,1.0,1.0
cultivar:andriely|lactuca_sativa,species:lactuca_sativa,OF_SPECIES,,,,,
cultivar:andriely|lactuca_sativa,region:sp,PRODUCED_IN,,0.07,0.03,2.0,2.0
cultivar:angelina|lactuca_sativa,species:lactuca_sativa,OF_SPECIES,,,,,
cultivar:angelina|lactuca_sativa,region:mg,PRODUCED_IN,,5.44,1.55,14.0,11.0
cultivar:angelina|lactuca_sativa,region:sp,PRODUCED_IN,,0.03,0.0,2.0,2.0
cultivar:angra|lactuca_sativa,species:lactuca_sativa,OF_SPECIES,,,,,
cultivar:angra|lactuca_sativa,region:rs,PRODUCED_IN,,0.4,0.11,2.0,2.0
cultivar:ariadne|lactuca_sativa,species:lactuca_sativa,OF_SPECIES,,,,,
cultivar:ariadne|lactuca_sativa,region:mg,PRODUCED_IN,,0.3,0.05,2.0,2.0
cultivar:ariadne|lactuca_sativa,region:sp,PRODUCED_IN,,0.0,0.01,1.0,1.0
cultivar:ariana|lactuca_sativa,species:lactuca_sativa,OF_SPECIES,,,,,
cultivar:ariana|lactuca_sativa,region:mg,PRODUCED_IN,,0.51,0.19,2.0,1.0
cultivar:ariana|lactuca_sativa,region:rs,PRODUCED_IN,,0.02,0.0,1.0,1.0
cultivar:ariana|lactuca_sativa,region:sp,PRODUCED_IN,,0.03,0.01,2.0,2.0
cultivar:ariel|lactuca_sativa,species:lactuca_sativa,OF_SPECIES,,,,,
cultivar:ariel|lactuca_sativa,region:go,PRODUCED_IN,,0.47,0.21,4.0,3.0
cultivar:ariel|lactuca_sativa,region:mg,PRODUCED_IN,,0.63,0.14,3.0,2.0
cultivar:ariel|lactuca_sativa,region:sp,PRODUCED_IN,,0.01,0.0,1.0,1.0
cultivar:astra|lactuca_sativa,species:lactuca_sativa,OF_SPECIES,,,,,
cultivar:astra|lactuca_sativa,region:go,PRODUCED_IN,,0.31,0.14,3.0,3.0
cultivar:atalaia|lactuca_sativa,species:lactuca_sativa,OF_SPECIES,,,,,
cultivar:atalaia|lactuca_sativa,region:mg,PRODUCED_IN,,0.43,0.13,3.0,2.0
cultivar:augusta|lactuca_sativa,species:lactuca_sativa,OF_SPECIES,,,,,
cultivar:augusta|lactuca_sativa,region:mg,PRODUCED_IN,,1.0,0.49,3.0,2.0
cultivar:augusta|lactuca_sativa,region:rs,PRODUCED_IN,,0.01,0.0,1.0,1.0
cultivar:biof01|lactuca_sativa,species:lactuca_sativa,OF_SPECIES,,,,,
cultivar:biof01|lactuca_sativa,region:sp,PRODUCED_IN,,0.02,0.0,1.0,1.0
cultivar:biof04|lactuca_sativa,species:lactuca_sativa,OF_SPECIES,,,,,
cultivar:biof04|lactuca_sativa,region:sp,PRODUCED_IN,,0.0,0.0,1.0,1.0
cultivar:biof05|lactuca_sativa,species:lactuca_sativa,OF_SPECIES,,,,,
cultivar:biof05|lactuca_sativa,region:sp,PRODUCED_IN,,0.02,0.0,1.0,1.0
cultivar:biof06|lactuca_sativa,species:lactuca_sativa,OF_SPECIES,,,,,
cultivar:biof06|lactuca_sativa,region:sp,PRODUCED_IN,,0.02,0.0,1.0,1.0
cultivar:bolinha|lactuca_sativa,species:lactuca_sativa,OF_SPECIES,,,,,
cultivar:bolinha|lactuca_sativa,region:ba,PRODUCED_IN,,0.5,0.15,1.0,1.0
cultivar:bolinha|lactuca_sativa,region:mg,PRODUCED_IN,,2.3,0.52,8.0,8.0
cultivar:bolinha|lactuca_sativa,region:sp,PRODUCED_IN,,0.11,0.01,2.0,2.0
cultivar:brida|lactuca_sativa,species:lactuca_sativa,OF_SPECIES,,,,,
cultivar:brida|lactuca_sativa,region:mg,PRODUCED_IN,,8.1,2.49,12.0,7.0
cultivar:brida|lactuca_sativa,region:sp,PRODUCED_IN,,0.14,0.02,4.0,4.0
cultivar:brs_leila|lactuca_sativa,species:lactuca_sativa,OF_SPECIES,,,,,
cultivar:brs_leila|lactuca_sativa,region:df,PRODUCED_IN,,0.04,0.02,4.0,4.0
cultivar:brs_lelia|lactuca_sativa,species:lactuca_sativa,OF_SPECIES,,,,,
cultivar:brs_lelia|lactuca_sativa,region:ba,PRODUCED_IN,,0.25,0.1,1.0,1.0
cultivar:brs_lelia|lactuca_sativa,region:df,PRODUCED_IN,,0.02,0.0,3.0,3.0
cultivar:brs_mediterranea|lactuca_sativa,species:lactuca_sativa,OF_SPECIES,,,,,
cultivar:brs_mediterranea|lactuca_sativa,region:ba,PRODUCED_IN,,0.25,0.1,1.0,1.0
cultivar:brs_mediterranea|lactuca_sativa,region:df,PRODUCED_IN,,0.06,0.01,4.0,4.0
cultivar:brunela|lactuca_sativa,species:lactuca_sativa,OF_SPECIES,,,,,
cultivar:brunela|lactuca_sativa,region:mg,PRODUCED_IN,,1.1,0.37,3.0,3.0
cultivar:brunela|lactuca_sativa,region:pe,PRODUCED_IN,,2.2,0.5,2.0,2.0
cultivar:brunela|lactuca_sativa,region:sp,PRODUCED_IN,,0.44,0.04,11.0,8.0
cultivar:bs_am0074|lactuca_sativa,species:lactuca_sativa,OF_SPECIES,,,,,
cultivar:bs_am0074|lactuca_sativa,region:mg,PRODUCED_IN,,0.03,0.01,2.0,2.0
cultivar:bs_am0074|lactuca_sativa,region:sp,PRODUCED_IN,,0.06,0.04,6.0,6.0
cultivar:bs_ambol0188|lactuca_sativa,species:lactuca_sativa,OF_SPECIES,,,,,
cultivar:bs_ambol0188|lactuca_sativa,region:sp,PRODUCED_IN,,0.01,0.0,2.0,2.0
cultivar:bs_amr0075|lactuca_sativa,species:lactuca_sativa,OF_SPECIES,,,,,
cultivar:bs_amr0075|lactuca_sativa,region:sp,PRODUCED_IN,,0.17,0.02,7.0,5.0
cultivar:bs_amr0076|lactuca_sativa,species:lactuca_sativa,OF_SPECIES,,,,,
cultivar:bs_amr0076|lactuca_sativa,region:mg,PRODUCED_IN,,0.03,0.01,2.0,2.0
cultivar:bs_amr0076|lactuca_sativa,region:sp,PRODUCED_IN,,0.18,5.06,9.0,7.0
cultivar:bs_amr0077|lactuca_sativa,species:lactuca_sativa,OF_SPECIES,,,,,
cultivar:bs_amr0077|lactuca_sativa,region:mg,PRODUCED_IN,,0.02,0.01,1.0,1.0
cultivar:bs_amr0077|lactuca_sativa,region:sp,PRODUCED_IN,,0.07,0.02,8.0,7.0
cultivar:baba_de_verao|lactuca_sativa,species:lactuca_sativa,OF_SPECIES,,,,,
cultivar:baba_de_verao|lactuca_sativa,region:ba,PRODUCED_IN,,4.0,1.6,2.0,2.0
cultivar:baba_de_verao|lactuca_sativa,region:mg,PRODUCED_IN,,3.1,1.55,3.0,3.0
cultivar:baba_de_verao|lactuca_sativa,region:rs,PRODUCED_IN,,0.77,0.07,5.0,2.0
cultivar:baba_de_verao|lactuca_sativa,region:sp,PRODUCED_IN,,0.01,0.01,1.0,1.0
cultivar:baba_de_verao_manteiga|lactuca_sativa,species:lactuca_sativa,OF_SPECIES,,,,,
cultivar:baba_de_verao_manteiga|lactuca_sativa,region:mg,PRODUCED_IN,,5.01,3.1,6.0,4.0
cultivar:bella_folha|lactuca_sativa,species:lactuca_sativa,OF_SPECIES,,,,,
cultivar:bella_folha|lactuca_sativa,region:mg,PRODUCED_IN,,1.33,0.4,3.0,2.0
cultivar:betania|lactuca_sativa,species:lactuca_sativa,OF_SPECIES,,,,,
cultivar:betania|lactuca_sativa,region:mg,PRODUCED_IN,,2.31,0.77,5.0,4.0
cultivar:betania|lactuca_sativa,region:sp,PRODUCED_IN,,0.02,0.0,1.0,1.0
cultivar:bia|lactuca_sativa,species:lactuca_sativa,OF_SPECIES,,,,,
cultivar:bia|lactuca_sativa,region:mg,PRODUCED_IN,,0.83,0.25,2.0,2.0
cultivar:bia|lactuca_sativa,region:sp,PRODUCED_IN,,0.1,0.03,4.0,3.0
cultivar:black_seeded_simpson|lactuca_sativa,species:lactuca_sativa,OF_SPECIES,,,,,
cultivar:black_seeded_simpson|lactuca_sativa,region:mg,PRODUCED_IN,,2.45,1.11,6.0,4.0
cultivar:branca_de_boston_manteiga|lactuca_sativa,species:lactuca_sativa,OF_SPECIES,,,,,
cultivar:branca_de_boston_manteiga|lactuca_sativa,region:mg,PRODUCED_IN,,4.8,2.67,7.0,3.0
cultivar:brasil_303|lactuca_sativa,species:lactuca_sativa,OF_SPECIES,,,,,
cultivar:brasil_303|lactuca_sativa,region:ba,PRODUCED_IN,,1.0,0.4,1.0,1.0
cultivar:brasil_303|lactuca_sativa,region:mg,PRODUCED_IN,,1.0,0.6,1.0,1.0
cultivar:brasil_303|lactuca_sativa,region:sp,PRODUCED_IN,,0.02,0.0,1.0,1.0
cultivar:brava|lactuca_sativa,species:lactuca_sativa,OF_SPECIES,,,,,
cultivar:brava|lactuca_sativa,region:mg,PRODUCED_IN,,0.71,0.25,2.0,2.0
cultivar:brava|lactuca_sativa,region:rs,PRODUCED_IN,,0.1,0.02,1.0,1.0
cultivar:brava|lactuca_sativa,region:sp,PRODUCED_IN,,0.12,0.0,1.0,1.0
cultivar:briana|lactuca_sativa,species:lactuca_sativa,OF_SPECIES,,,,,
cultivar:briana|lactuca_sativa,region:sp,PRODUCED_IN,,0.05,0.01,2.0,2.0
cultivar:ceres|lactuca_sativa,species:lactuca_sativa,OF_SPECIES,,,,,
cultivar:ceres|lactuca_sativa,region:rs,PRODUCED_IN,,0.02,0.0,1.0,1.0
cultivar:ceres|lactuca_sativa,region:sp,PRODUCED_IN,,0.02,0.01,2.0,2.0
cultivar:crespa_olinda|lactuca_sativa,species:lactuca_sativa,OF_SPECIES,,,,,
cultivar:crespa_olinda|lactuca_sativa,region:ba,PRODUCED_IN,,1.0,0.4,1.0,1.0
cultivar:crespa_olinda|lactuca_sativa,region:pe,PRODUCED_IN,,0.1,0.06,1.0,1.0
cultivar:crocantela|lactuca_sativa,species:lactuca_sativa,OF_SPECIES,,,,,
cultivar:crocantela|lactuca_sativa,region:mg,PRODUCED_IN,,1.08,0.53,5.0,5.0
cultivar:crocantela|lactuca_sativa,region:pe,PRODUCED_IN,,0.5,0.15,1.0,1.0
cultivar:crocantela|lactuca_sativa,region:sp,PRODUCED_IN,,0.39,0.04,10.0,7.0
cultivar:cacimba|lactuca_sativa,species:lactuca_sativa,OF_SPECIES,,,,,
cultivar:cacimba|lactuca_sativa,region:rs,PRODUCED_IN,,0.01,0.0,1.0,1.0
cultivar:camboriao|lactuca_sativa,species:lactuca_sativa,OF_SPECIES,,,,,
cultivar:camboriao|lactuca_sativa,region:mg,PRODUCED_IN,,0.1,0.05,1.0,1.0
cultivar:camila|lactuca_sativa,species:lactuca_sativa,OF_SPECIES,,,,,
cultivar:camila|lactuca_sativa,region:ba,PRODUCED_IN,,2.0,0.9,2.0,2.0
cultivar:camila|lactuca_sativa,region:go,PRODUCED_IN,,0.05,0.0,2.0,2.0
cultivar:camila|lactuca_sativa,region:mg,PRODUCED_IN,,5.1,2.72,5.0,3.0
cultivar:caprice|lactuca_sativa,species:lactuca_sativa,OF_SPECIES,,,,,
cultivar:caprice|lactuca_sativa,region:go,PRODUCED_IN,,0.04,0.02,2.0,1.0
cultivar:carmela_crespa_roxa|lactuca_sativa,species:lactuca_sativa,OF_SPECIES,,,,,
cultivar:carmela_crespa_roxa|lactuca_sativa,region:mg,PRODUCED_IN,,3.21,0.8,6.0,3.0
cultivar:carminia|lactuca_sativa,species:lactuca_sativa,OF_SPECIES,,,,,
cultivar:carminia|lactuca_sativa,region:mg,PRODUCED_IN,,0.56,0.26,3.0,2.0
cultivar:ceci|lactuca_sativa,species:lactuca_sativa,OF_SPECIES,,,,,
cultivar:ceci|lactuca_sativa,region:mg,PRODUCED_IN,,0.1,0.03,1.0,1.0
cultivar:ceci|lactuca_sativa,region:sp,PRODUCED_IN,,0.02,0.01,1.0,1.0
cultivar:cerbiatta|lactuca_sativa,species:lactuca_sativa,OF_SPECIES,,,,,
cultivar:cerbiatta|lactuca_sativa,region:mg,PRODUCED_IN,,0.5,0.2,1.0,1.0
cultivar:cerbiatta|lactuca_sativa,region:rs,PRODUCED_IN,,0.02,0.01,1.0,1.0
cultivar:cida|lactuca_sativa,species:lactuca_sativa,OF_SPECIES,,,,,
cultivar:cida|lactuca_sativa,region:go,PRODUCED_IN,,0.28,0.1,4.0,2.0
cultivar:cinderela|lactuca_sativa,species:lactuca_sativa,OF_SPECIES,,,,,
cultivar:cinderela|lactuca_sativa,region:mg,PRODUCED_IN,,25.72,11.86,25.0,6.0
cultivar:coliseu|lactuca_sativa,species:lactuca_sativa,OF_SPECIES,,,,,
cultivar:coliseu|lactuca_sativa,region:mg,PRODUCED_IN,,0.1,0.03,1.0,1.0
cultivar:condessa|lactuca_sativa,species:lactuca_sativa,OF_SPECIES,,,,,
cultivar:condessa|lactuca_sativa,region:mg,PRODUCED_IN,,1.15,0.53,4.0,3.0
cultivar:condessa|lactuca_sativa,region:sp,PRODUCED_IN,,0.05,0.0,1.0,1.0
cultivar:corabela|lactuca_sativa,species:lactuca_sativa,OF_SPECIES,,,,,
cultivar:corabela|lactuca_sativa,region:rs,PRODUCED_IN,,0.02,0.0,1.0,1.0
cultivar:corabela|lactuca_sativa,region:sp,PRODUCED_IN,,0.02,0.01,2.0,2.0
cultivar:crespa|lactuca_sativa,species:lactuca_sativa,OF_SPECIES,,,,,
cultivar:crespa|lactuca_sativa,region:mg,PRODUCED_IN,,0.35,0.11,2.0,2.0
cultivar:crespa|lactuca_sativa,region:sp,PRODUCED_IN,,0.11,0.06,2.0,2.0
cultivar:crespa_cristina|lactuca_sativa,species:lactuca_sativa,OF_SPECIES,,,,,
cultivar:crespa_cristina|lactuca_sativa,region:ba,PRODUCED_IN,,9.0,3.1,5.0,4.0
cultivar:crespa_cristina|lactuca_sativa,region:pe,PRODUCED_IN,,2.05,0.61,3.0,2.0
cultivar:crespa_hortencia|lactuca_sativa,species:lactuca_sativa,OF_SPECIES,,,,,
cultivar:crespa_hortencia|lactuca_sativa,region:mg,PRODUCED_IN,,1.35,0.42,4.0,4.0
cultivar:crespa_repolhuda|lactuca_sativa,species:lactuca_sativa,OF_SPECIES,,,,,
cultivar:crespa_repolhuda|lactuca_sativa,region:go,PRODUCED_IN,,2.0,0.64,1.0,1.0
cultivar:crespa_para_verao|lactuca_sativa,species:lactuca_sativa,OF_SPECIES,,,,,
cultivar:crespa_para_verao|lactuca_sativa,region:go,PRODUCED_IN,,1.0,0.4,2.0,2.0
cultivar:crespa_para_verao|lactuca_sativa,region:mg,PRODUCED_IN,,3.17,1.43,4.0,3.0
cultivar:cris|lactuca_sativa,species:lactuca_sativa,OF_SPECIES,,,,,
cultivar:cris|lactuca_sativa,region:go,PRODUCED_IN,,0.35,0.14,4.0,3.0
cultivar:dalia|lactuca_sativa,species:lactuca_sativa,OF_SPECIES,,,,,
cultivar:dalia|lactuca_sativa,region:mg,PRODUCED_IN,,0.33,0.1,1.0,1.0
cultivar:dalia|lactuca_sativa,region:sp,PRODUCED_IN,,0.12,0.0,1.0,1.0
cultivar:dandara|lactuca_sativa,species:lactuca_sativa,OF_SPECIES,,,,,
cultivar:dandara|lactuca_sativa,region:mg,PRODUCED_IN,,1.55,0.49,3.0,3.0
cultivar:dandara|lactuca_sativa,region:sp,PRODUCED_IN,,0.01,0.0,1.0,1.0
cultivar:daniele|lactuca_sativa,species:lactuca_sativa,OF_SPECIES,,,,,
cultivar:daniele|lactuca_sativa,region:mg,PRODUCED_IN,,0.17,0.05,1.0,1.0
cultivar:daniele|lactuca_sativa,region:sp,PRODUCED_IN,,0.02,0.0,3.0,3.0
cultivar:deisy|lactuca_sativa,species:lactuca_sativa,OF_SPECIES,,,,,
cultivar:deisy|lactuca_sativa,region:go,PRODUCED_IN,,0.01,0.25,1.0,1.0
cultivar:delicata|lactuca_sativa,species:lactuca_sativa,OF_SPECIES,,,,,
cultivar:delicata|lactuca_sativa,region:rs,PRODUCED_IN,,0.02,0.0,1.0,1.0
cultivar:delicata|lactuca_sativa,region:sp,PRODUCED_IN,,0.02,0.01,2.0,2.0
cultivar:delicia|lactuca_sativa,species:lactuca_sativa,OF_SPECIES,,,,,
cultivar:delicia|lactuca_sativa,region:mg,PRODUCED_IN,,3.64,1.33,7.0,4.0
cultivar:diva|lactuca_sativa,species:lactuca_sativa,OF_SPECIES,,,,,
cultivar:diva|lactuca_sativa,region:ba,PRODUCED_IN,,0.25,0.1,1.0,1.0
cultivar:diva|lactuca_sativa,region:go,PRODUCED_IN,,0.02,0.0,1.0,1.0
cultivar:donna|lactuca_sativa,species:lactuca_sativa,OF_SPECIES,,,,,
cultivar:donna|lactuca_sativa,region:mg,PRODUCED_IN,,0.25,0.1,1.0,1.0
cultivar:drika|lactuca_sativa,species:lactuca_sativa,OF_SPECIES,,,,,
cultivar:drika|lactuca_sativa,region:sp,PRODUCED_IN,,0.01,0.0,1.0,1.0
cultivar:evely|lactuca_sativa,species:lactuca_sativa,OF_SPECIES,,,,,
cultivar:evely|lactuca_sativa,region:mg,PRODUCED_IN,,2.0,0.3,4.0,4.0
cultivar:evely|lactuca_sativa,region:sp,PRODUCED_IN,,0.06,0.03,3.0,3.0
cultivar:elba|lactuca_sativa,species:lactuca_sativa,OF_SPECIES,,,,,
cultivar:elba|lactuca_sativa,region:ba,PRODUCED_IN,,1.5,2.41,2.0,2.0
cultivar:elba|lactuca_sativa,region:go,PRODUCED_IN,,9.51,4.41,3.0,2.0
cultivar:elba|lactuca_sativa,region:mg,PRODUCED_IN,,4.0,2.8,2.0,2.0
cultivar:elisa|lactuca_sativa,species:lactuca_sativa,OF_SPECIES,,,,,
cultivar:elisa|lactuca_sativa,region:mg,PRODUCED_IN,,3.95,1.7,8.0,8.0
cultivar:elisa|lactuca_sativa,region:sp,PRODUCED_IN,,0.28,0.05,10.0,9.0
cultivar:elisabeth|lactuca_sativa,species:lactuca_sativa,OF_SPECIES,,,,,
cultivar:elisabeth|lactuca_sativa,region:mg,PRODUCED_IN,,5.12,2.35,9.0,6.0
cultivar:elisabeth|lactuca_sativa,region:rs,PRODUCED_IN,,0.01,0.0,1.0,1.0
cultivar:elisangela|lactuca_sativa,species:lactuca_sativa,OF_SPECIES,,,,,
cultivar:elisangela|lactuca_sativa,region:go,PRODUCED_IN,,0.31,0.09,4.0,3.0
cultivar:elisangela|lactuca_sativa,region:mg,PRODUCED_IN,,0.1,0.1,1.0,1.0
cultivar:embaao|lactuca_sativa,species:lactuca_sativa,OF_SPECIES,,,,,
cultivar:embaao|lactuca_sativa,region:mg,PRODUCED_IN,,0.15,0.45,1.0,1.0
cultivar:embaao|lactuca_sativa,region:rs,PRODUCED_IN,,0.1,0.08,1.0,1.0
cultivar:empire|lactuca_sativa,species:lactuca_sativa,OF_SPECIES,,,,,
cultivar:empire|lactuca_sativa,region:go,PRODUCED_IN,,0.01,0.01,2.0,1.0
cultivar:emalia|lactuca_sativa,species:lactuca_sativa,OF_SPECIES,,,,,
cultivar:emalia|lactuca_sativa,region:sp,PRODUCED_IN,,0.02,0.01,2.0,2.0
cultivar:eneida|lactuca_sativa,species:lactuca_sativa,OF_SPECIES,,,,,
cultivar:eneida|lactuca_sativa,region:mg,PRODUCED_IN,,2.0,0.98,5.0,4.0
cultivar:eneida|lactuca_sativa,region:sp,PRODUCED_IN,,0.05,0.01,2.0,2.0
cultivar:felacia|lactuca_sativa,species:lactuca_sativa,OF_SPECIES,,,,,
cultivar:felacia|lactuca_sativa,region:mg,PRODUCED_IN,,0.01,0.0,1.0,1.0
cultivar:felacia|lactuca_sativa,region:sp,PRODUCED_IN,,0.04,0.01,3.0,3.0
cultivar:fabi|lactuca_sativa,species:lactuca_sativa,OF_SPECIES,,,,,
cultivar:fabi|lactuca_sativa,region:go,PRODUCED_IN,,0.05,0.02,1.0,1.0
cultivar:fabiane|lactuca_sativa,species:lactuca_sativa,OF_SPECIES,,,,,
cultivar:fabiane|lactuca_sativa,region:sp,PRODUCED_IN,,0.01,0.0,1.0,1.0
cultivar:fedra|lactuca_sativa,species:lactuca_sativa,OF_SPECIES,,,,,
cultivar:fedra|lactuca_sativa,region:mg,PRODUCED_IN,,0.99,0.3,3.0,3.0
cultivar:fedra|lactuca_sativa,region:sp,PRODUCED_IN,,0.04,0.01,2.0,2.0
cultivar:fila3|lactuca_sativa,species:lactuca_sativa,OF_SPECIES,,,,,
cultivar:fila3|lactuca_sativa,region:mg,PRODUCED_IN,,0.3,0.12,1.0,1.0
cultivar:fila3|lactuca_sativa,region:sp,PRODUCED_IN,,0.04,0.01,2.0,2.0
cultivar:fireball|lactuca_sativa,species:lactuca_sativa,OF_SPECIES,,,,,
cultivar:fireball|lactuca_sativa,region:rs,PRODUCED_IN,,0.02,0.0,1.0,1.0
cultivar:fireball|lactuca_sativa,region:sp,PRODUCED_IN,,0.02,0.01,2.0,2.0
cultivar:florence|lactuca_sativa,species:lactuca_sativa,OF_SPECIES,,,,,
cultivar:florence|lactuca_sativa,region:ce,PRODUCED_IN,,0.5,0.08,1.0,1.0
cultivar:florence|lactuca_sativa,region:go,PRODUCED_IN,,0.5,0.06,4.0,4.0
cultivar:florence|lactuca_sativa,region:mg,PRODUCED_IN,,0.26,0.09,2.0,1.0
cultivar:florence|lactuca_sativa,region:sp,PRODUCED_IN,,0.02,0.0,1.0,1.0
cultivar:frisby|lactuca_sativa,species:lactuca_sativa,OF_SPECIES,,,,,
cultivar:frisby|lactuca_sativa,region:sp,PRODUCED_IN,,0.06,0.04,2.0,2.0
cultivar:graciosa|lactuca_sativa,species:lactuca_sativa,OF_SPECIES,,,,,
cultivar:graciosa|lactuca_sativa,region:rs,PRODUCED_IN,,0.02,0.0,1.0,1.0
cultivar:graciosa|lactuca_sativa,region:sp,PRODUCED_IN,,0.02,0.01,2.0,2.0
cultivar:gabi|lactuca_sativa,species:lactuca_sativa,OF_SPECIES,,,,,
cultivar:gabi|lactuca_sativa,region:ba,PRODUCED_IN,,1.0,0.3,1.0,1.0
cultivar:gabi|lactuca_sativa,region:go,PRODUCED_IN,,0.07,0.04,3.0,3.0
cultivar:gabi|lactuca_sativa,region:mg,PRODUCED_IN,,0.26,0.07,2.0,1.0
cultivar:gabi|lactuca_sativa,region:pe,PRODUCED_IN,,1.0,0.3,1.0,1.0
cultivar:gabi|lactuca_sativa,region:sp,PRODUCED_IN,,0.04,0.03,2.0,2.0
cultivar:gabriela|lactuca_sativa,species:lactuca_sativa,OF_SPECIES,,,,,
cultivar:gabriela|lactuca_sativa,region:mg,PRODUCED_IN,,0.5,0.19,2.0,2.0
cultivar:gabriela|lactuca_sativa,region:sp,PRODUCED_IN,,0.01,0.01,1.0,1.0
cultivar:gamboa|lactuca_sativa,species:lactuca_sativa,OF_SPECIES,,,,,
cultivar:gamboa|lactuca_sativa,region:mg,PRODUCED_IN,,0.2,0.1,1.0,1.0
cultivar:gamboa|lactuca_sativa,region:rs,PRODUCED_IN,,0.01,0.0,1.0,1.0
cultivar:garopaba|lactuca_sativa,species:lactuca_sativa,OF_SPECIES,,,,,
cultivar:garopaba|lactuca_sativa,region:mg,PRODUCED_IN,,0.27,0.07,3.0,2.0
cultivar:garopaba|lactuca_sativa,region:rs,PRODUCED_IN,,0.1,0.04,1.0,1.0
cultivar:giovana|lactuca_sativa,species:lactuca_sativa,OF_SPECIES,,,,,
cultivar:giovana|lactuca_sativa,region:mg,PRODUCED_IN,,2.15,1.27,5.0,4.0
cultivar:giovana|lactuca_sativa,region:sp,PRODUCED_IN,,0.01,0.01,1.0,1.0
cultivar:gloriosa|lactuca_sativa,species:lactuca_sativa,OF_SPECIES,,,,,
cultivar:gloriosa|lactuca_sativa,region:go,PRODUCED_IN,,0.07,0.02,1.0,1.0
cultivar:gloriosa|lactuca_sativa,region:sp,PRODUCED_IN,,0.02,0.01,2.0,2.0
cultivar:graciela|lactuca_sativa,species:lactuca_sativa,OF_SPECIES,,,,,
cultivar:graciela|lactuca_sativa,region:ba,PRODUCED_IN,,1.5,0.45,1.0,1.0
cultivar:graciela|lactuca_sativa,region:mg,PRODUCED_IN,,4.0,1.08,5.0,4.0
cultivar:graciela|lactuca_sativa,region:sp,PRODUCED_IN,,0.01,0.0,1.0,1.0
cultivar:grand_rapids|lactuca_sativa,species:lactuca_sativa,OF_SPECIES,,,,,
cultivar:grand_rapids|lactuca_sativa,region:ba,PRODUCED_IN,,2.0,0.6,1.0,1.0
cultivar:grand_rapids|lactuca_sativa,region:go,PRODUCED_IN,,2.0,0.64,1.0,1.0
cultivar:grand_rapids|lactuca_sativa,region:pe,PRODUCED_IN,,1.0,0.3,1.0,1.0
cultivar:grand_rapids_tbr|lactuca_sativa,species:lactuca_sativa,OF_SPECIES,,,,,
cultivar:grand_rapids_tbr|lactuca_sativa,region:ba,PRODUCED_IN,,4.0,1.6,1.0,1.0
cultivar:grand_rapids_tbr|lactuca_sativa,region:mg,PRODUCED_IN,,20.31,12.38,21.0,8.0
cultivar:grand_rapids_tbr|lactuca_sativa,region:rs,PRODUCED_IN,,1.47,0.48,7.0,3.0
cultivar:grand_rapids_tbr|lactuca_sativa,region:sp,PRODUCED_IN,,0.01,0.01,1.0,1.0
cultivar:grandes_lagos|lactuca_sativa,species:lactuca_sativa,OF_SPECIES,,,,,
cultivar:grandes_lagos|lactuca_sativa,region:ba,PRODUCED_IN,,1.5,0.45,1.0,1.0
cultivar:grandes_lagos_americana|lactuca_sativa,species:lactuca_sativa,OF_SPECIES,,,,,
cultivar:grandes_lagos_americana|lactuca_sativa,region:ba,PRODUCED_IN,,5.0,1.6,2.0,2.0
cultivar:grandes_lagos_americana|lactuca_sativa,region:mg,PRODUCED_IN,,4.7,1.87,7.0,4.0
cultivar:grandes_lagos_americana|lactuca_sativa,region:rs,PRODUCED_IN,,1.45,0.36,4.0,4.0
cultivar:green_ball|lactuca_sativa,species:lactuca_sativa,OF_SPECIES,,,,,
cultivar:green_ball|lactuca_sativa,region:rs,PRODUCED_IN,,0.02,0.0,1.0,1.0
cultivar:green_ball|lactuca_sativa,region:sp,PRODUCED_IN,,0.02,0.01,2.0,2.0
cultivar:green_frizzly|lactuca_sativa,species:lactuca_sativa,OF_SPECIES,,,,,
cultivar:green_frizzly|lactuca_sativa,region:go,PRODUCED_IN,,0.02,0.01,2.0,2.0
cultivar:green_mary|lactuca_sativa,species:lactuca_sativa,OF_SPECIES,,,,,
cultivar:green_mary|lactuca_sativa,region:sp,PRODUCED_IN,,0.04,0.01,2.0,2.0
cultivar:greicy|lactuca_sativa,species:lactuca_sativa,OF_SPECIES,,,,,
cultivar:greicy|lactuca_sativa,region:sp,PRODUCED_IN,,0.1,0.03,2.0,2.0
cultivar:grumara|lactuca_sativa,species:lactuca_sativa,OF_SPECIES,,,,,
cultivar:grumara|lactuca_sativa,region:mg,PRODUCED_IN,,1.0,0.5,1.0,1.0
cultivar:grumara|lactuca_sativa,region:rs,PRODUCED_IN,,0.09,0.03,1.0,1.0
cultivar:guilhermina|lactuca_sativa,species:lactuca_sativa,OF_SPECIES,,,,,
cultivar:guilhermina|lactuca_sativa,region:sp,PRODUCED_IN,,0.06,0.01,2.0,2.0
cultivar:guria|lactuca_sativa,species:lactuca_sativa,OF_SPECIES,,,,,
cultivar:guria|lactuca_sativa,region:mg,PRODUCED_IN,,0.33,0.05,3.0,2.0
cultivar:guria|lactuca_sativa,region:sp,PRODUCED_IN,,0.0,0.01,1.0,1.0
cultivar:ht_622|lactuca_sativa,species:lactuca_sativa,OF_SPECIES,,,,,
cultivar:ht_622|lactuca_sativa,region:sp,PRODUCED_IN,,0.21,0.06,2.0,2.0
cultivar:htr_252|lactuca_sativa,species:lactuca_sativa,OF_SPECIES,,,,,
cultivar:htr_252|lactuca_sativa,region:mg,PRODUCED_IN,,0.27,0.08,3.0,3.0
cultivar:htr_252|lactuca_sativa,region:sp,PRODUCED_IN,,0.02,0.01,2.0,2.0
cultivar:hadar|lactuca_sativa,species:lactuca_sativa,OF_SPECIES,,,,,
cultivar:hadar|lactuca_sativa,region:sp,PRODUCED_IN,,0.02,0.01,2.0,2.0
cultivar:hanson_crespa_repolhuda|lactuca_sativa,species:lactuca_sativa,OF_SPECIES,,,,,
cultivar:hanson_crespa_repolhuda|lactuca_sativa,region:ba,PRODUCED_IN,,1.0,0.35,1.0,1.0
cultivar:hanson_crespa_repolhuda|lactuca_sativa,region:mg,PRODUCED_IN,,4.01,1.81,5.0,3.0
cultivar:hayane|lactuca_sativa,species:lactuca_sativa,OF_SPECIES,,,,,
cultivar:hayane|lactuca_sativa,region:mg,PRODUCED_IN,,0.0,0.0,1.0,1.0
cultivar:hayane|lactuca_sativa,region:sp,PRODUCED_IN,,0.03,0.01,2.0,2.0
cultivar:hortaancia|lactuca_sativa,species:lactuca_sativa,OF_SPECIES,,,,,
cultivar:hortaancia|lactuca_sativa,region:sp,PRODUCED_IN,,0.01,0.0,1.0,1.0
cultivar:is_232|lactuca_sativa,species:lactuca_sativa,OF_SPECIES,,,,,
cultivar:is_232|lactuca_sativa,region:mg,PRODUCED_IN,,0.1,0.04,1.0,1.0
cultivar:is_232|lactuca_sativa,region:rs,PRODUCED_IN,,0.09,0.04,2.0,2.0
cultivar:is_233|lactuca_sativa,species:lactuca_sativa,OF_SPECIES,,,,,
cultivar:is_233|lactuca_sativa,region:mg,PRODUCED_IN,,0.1,0.04,1.0,1.0
cultivar:is_233|lactuca_sativa,region:rs,PRODUCED_IN,,0.09,0.04,2.0,2.0
cultivar:is_45|lactuca_sativa,species:lactuca_sativa,OF_SPECIES,,,,,
cultivar:is_45|lactuca_sativa,region:mg,PRODUCED_IN,,1.18,0.5,3.0,2.0
cultivar:is_45|lactuca_sativa,region:rs,PRODUCED_IN,,0.2,0.06,1.0,1.0
cultivar:is_919|lactuca_sativa,species:lactuca_sativa,OF_SPECIES,,,,,
cultivar:is_919|lactuca_sativa,region:mg,PRODUCED_IN,,0.74,0.27,3.0,3.0
cultivar:is_919|lactuca_sativa,region:rs,PRODUCED_IN,,0.17,0.05,1.0,1.0
cultivar:icebela|lactuca_sativa,species:lactuca_sativa,OF_SPECIES,,,,,
cultivar:icebela|lactuca_sativa,region:mg,PRODUCED_IN,,0.26,0.04,2.0,1.0
cultivar:icebela|lactuca_sativa,region:sp,PRODUCED_IN,,0.01,0.0,1.0,1.0
cultivar:imbituba|lactuca_sativa,species:lactuca_sativa,OF_SPECIES,,,,,
cultivar:imbituba|lactuca_sativa,region:mg,PRODUCED_IN,,1.0,0.4,1.0,1.0
cultivar:imbituba|lactuca_sativa,region:rs,PRODUCED_IN,,0.1,0.04,1.0,1.0
cultivar:imperial|lactuca_sativa,species:lactuca_sativa,OF_SPECIES,,,,,
cultivar:imperial|lactuca_sativa,region:go,PRODUCED_IN,,0.15,0.03,6.0,4.0
cultivar:imperial_roxa|lactuca_sativa,species:lactuca_sativa,OF_SPECIES,,,,,
cultivar:imperial_roxa|lactuca_sativa,region:go,PRODUCED_IN,,0.05,0.0,2.0,1.0
cultivar:inaia|lactuca_sativa,species:lactuca_sativa,OF_SPECIES,,,,,
cultivar:inaia|lactuca_sativa,region:mg,PRODUCED_IN,,0.4,0.1,1.0,1.0
cultivar:ipanema|lactuca_sativa,species:lactuca_sativa,OF_SPECIES,,,,,
cultivar:ipanema|lactuca_sativa,region:mg,PRODUCED_IN,,0.46,0.16,4.0,3.0
cultivar:ipanema|lactuca_sativa,region:rs,PRODUCED_IN,,0.01,0.0,1.0,1.0
cultivar:irene|lactuca_sativa,species:lactuca_sativa,OF_SPECIES,,,,,
cultivar:irene|lactuca_sativa,region:ba,PRODUCED_IN,,5.0,1.1,4.0,2.0
cultivar:irene|lactuca_sativa,region:mg,PRODUCED_IN,,1.0,0.33,2.0,2.0
cultivar:isabela|lactuca_sativa,species:lactuca_sativa,OF_SPECIES,,,,,
cultivar:isabela|lactuca_sativa,region:mg,PRODUCED_IN,,14.35,5.0,24.0,12.0
cultivar:isabela|lactuca_sativa,region:sp,PRODUCED_IN,,0.14,0.01,2.0,2.0
cultivar:itapua_401|lactuca_sativa,species:lactuca_sativa,OF_SPECIES,,,,,
cultivar:itapua_401|lactuca_sativa,region:ba,PRODUCED_IN,,1.0,0.3,1.0,1.0
cultivar:itapua_401|lactuca_sativa,region:mg,PRODUCED_IN,,6.0,3.0,8.0,4.0
cultivar:itapua_401|lactuca_sativa,region:pe,PRODUCED_IN,,1.5,0.45,1.0,1.0
cultivar:itapua_401|lactuca_sativa,region:rs,PRODUCED_IN,,0.01,0.05,1.0,1.0
cultivar:itaaona|lactuca_sativa,species:lactuca_sativa,OF_SPECIES,,,,,
cultivar:itaaona|lactuca_sativa,region:mg,PRODUCED_IN,,0.53,0.17,4.0,3.0
cultivar:ivy|lactuca_sativa,species:lactuca_sativa,OF_SPECIES,,,,,
cultivar:ivy|lactuca_sativa,region:mg,PRODUCED_IN,,0.99,0.3,3.0,2.0
cultivar:ivy|lactuca_sativa,region:sp,PRODUCED_IN,,0.12,0.0,1.0,1.0
cultivar:janine|lactuca_sativa,species:lactuca_sativa,OF_SPECIES,,,,,
cultivar:janine|lactuca_sativa,region:sp,PRODUCED_IN,,0.07,0.01,3.0,3.0
cultivar:jaolia|lactuca_sativa,species:lactuca_sativa,OF_SPECIES,,,,,
cultivar:jaolia|lactuca_sativa,region:ba,PRODUCED_IN,,1.0,0.3,1.0,1.0
cultivar:jaolia|lactuca_sativa,region:mg,PRODUCED_IN,,7.21,300.86,12.0,8.0
cultivar:jaolia|lactuca_sativa,region:sp,PRODUCED_IN,,0.47,0.15,7.0,6.0
cultivar:keila|lactuca_sativa,species:lactuca_sativa,OF_SPECIES,,,,,
cultivar:keila|lactuca_sativa,region:mg,PRODUCED_IN,,1.88,200.14,4.0,3.0
cultivar:keila|lactuca_sativa,region:sp,PRODUCED_IN,,0.03,0.01,3.0,3.0
cultivar:latos|lactuca_sativa,species:lactuca_sativa,OF_SPECIES,,,,,
cultivar:latos|lactuca_sativa,region:mg,PRODUCED_IN,,0.33,0.1,1.0,1.0
cultivar:latos|lactuca_sativa,region:sp,PRODUCED_IN,,0.12,0.0,1.0,1.0
cultivar:laas|lactuca_sativa,species:lactuca_sativa,OF_SPECIES,,,,,
cultivar:laas|lactuca_sativa,region:mg,PRODUCED_IN,,0.58,0.1,3.0,3.0
cultivar:laas|lactuca_sativa,region:sp,PRODUCED_IN,,0.01,0.0,1.0,1.0
cultivar:luara|lactuca_sativa,species:lactuca_sativa,OF_SPECIES,,,,,
cultivar:luara|lactuca_sativa,region:mg,PRODUCED_IN,,2.17,0.62,6.0,5.0
cultivar:luara|lactuca_sativa,region:sp,PRODUCED_IN,,0.01,0.0,1.0,1.0
cultivar:luzia|lactuca_sativa,species:lactuca_sativa,OF_SPECIES,,,,,
cultivar:luzia|lactuca_sativa,region:mg,PRODUCED_IN,,0.25,0.05,1.0,1.0
cultivar:luzia|lactuca_sativa,region:sp,PRODUCED_IN,,0.15,0.04,4.0,3.0
cultivar:lavine_lollo_rossa|lactuca_sativa,species:lactuca_sativa,OF_SPECIES,,,,,
cultivar:lavine_lollo_rossa|lactuca_sativa,region:rs,PRODUCED_IN,,0.01,0.0,1.0,1.0
cultivar:lavinia|lactuca_sativa,species:lactuca_sativa,OF_SPECIES,,,,,
cultivar:lavinia|lactuca_sativa,region:mg,PRODUCED_IN,,1.43,0.5,4.0,4.0
cultivar:lavinia|lactuca_sativa,region:pi,PRODUCED_IN,,0.5,0.15,1.0,1.0
cultivar:lavinia|lactuca_sativa,region:sp,PRODUCED_IN,,0.01,0.0,1.0,1.0
cultivar:letacia|lactuca_sativa,species:lactuca_sativa,OF_SPECIES,,,,,
cultivar:letacia|lactuca_sativa,region:mg,PRODUCED_IN,,0.9,0.45,4.0,4.0
cultivar:letacia|lactuca_sativa,region:sp,PRODUCED_IN,,0.05,0.01,1.0,1.0
cultivar:lia|lactuca_sativa,species:lactuca_sativa,OF_SPECIES,,,,,
cultivar:lia|lactuca_sativa,region:go,PRODUCED_IN,,0.06,0.03,3.0,2.0
cultivar:lia|lactuca_sativa,region:mg,PRODUCED_IN,,0.03,0.05,2.0,1.0
cultivar:lia|lactuca_sativa,region:sp,PRODUCED_IN,,0.01,0.0,1.0,1.0
cultivar:lidiane|lactuca_sativa,species:lactuca_sativa,OF_SPECIES,,,,,
cultivar:lidiane|lactuca_sativa,region:sp,PRODUCED_IN,,0.15,0.04,3.0,3.0
cultivar:lisa_karla|lactuca_sativa,species:lactuca_sativa,OF_SPECIES,,,,,
cultivar:lisa_karla|lactuca_sativa,region:ba,PRODUCED_IN,,0.5,0.2,1.0,1.0
cultivar:lisa_karla|lactuca_sativa,region:mg,PRODUCED_IN,,0.7,0.2,3.0,3.0
cultivar:lisa_karla|lactuca_sativa,region:sp,PRODUCED_IN,,0.01,0.0,1.0,1.0
cultivar:lisa_nacional_ht|lactuca_sativa,species:lactuca_sativa,OF_SPECIES,,,,,
cultivar:lisa_nacional_ht|lactuca_sativa,region:mg,PRODUCED_IN,,0.8,0.3,2.0,2.0
cultivar:lisa_nacional_ht|lactuca_sativa,region:sp,PRODUCED_IN,,2.0,0.06,2.0,2.0
cultivar:lisa_para_inverno|lactuca_sativa,species:lactuca_sativa,OF_SPECIES,,,,,
cultivar:lisa_para_inverno|lactuca_sativa,region:mg,PRODUCED_IN,,1.0,0.5,1.0,1.0
cultivar:lisa_para_verao|lactuca_sativa,species:lactuca_sativa,OF_SPECIES,,,,,
cultivar:lisa_para_verao|lactuca_sativa,region:go,PRODUCED_IN,,1.26,0.42,5.0,3.0
cultivar:lisandra|lactuca_sativa,species:lactuca_sativa,OF_SPECIES,,,,,
cultivar:lisandra|lactuca_sativa,region:go,PRODUCED_IN,,0.01,0.03,2.0,1.0
cultivar:liz|lactuca_sativa,species:lactuca_sativa,OF_SPECIES,,,,,
cultivar:liz|lactuca_sativa,region:go,PRODUCED_IN,,0.17,0.04,4.0,3.0
cultivar:liz|lactuca_sativa,region:mg,PRODUCED_IN,,0.5,0.08,1.0,1.0
cultivar:liz|lactuca_sativa,region:sp,PRODUCED_IN,,0.02,0.0,1.0,1.0
cultivar:loreane|lactuca_sativa,species:lactuca_sativa,OF_SPECIES,,,,,
cultivar:loreane|lactuca_sativa,region:mg,PRODUCED_IN,,0.5,0.1,3.0,2.0
cultivar:loreane|lactuca_sativa,region:sp,PRODUCED_IN,,0.09,0.03,1.0,1.0
cultivar:luisa|lactuca_sativa,species:lactuca_sativa,OF_SPECIES,,,,,
cultivar:luisa|lactuca_sativa,region:ba,PRODUCED_IN,,2.5,1.0,3.0,3.0
cultivar:luisa|lactuca_sativa,region:pe,PRODUCED_IN,,1.0,0.3,1.0,1.0
cultivar:luisa|lactuca_sativa,region:sp,PRODUCED_IN,,0.01,0.0,1.0,1.0
cultivar:luiza|lactuca_sativa,species:lactuca_sativa,OF_SPECIES,,,,,
cultivar:luiza|lactuca_sativa,region:rs,PRODUCED_IN,,0.01,0.0,1.0,1.0
cultivar:luminosa|lactuca_sativa,species:lactuca_sativa,OF_SPECIES,,,,,
cultivar:luminosa|lactuca_sativa,region:mg,PRODUCED_IN,,0.66,0.2,2.0,2.0
cultivar:ladia|lactuca_sativa,species:lactuca_sativa,OF_SPECIES,,,,,
cultivar:ladia|lactuca_sativa,region:mg,PRODUCED_IN,,0.25,0.1,1.0,1.0
cultivar:maraisa|lactuca_sativa,species:lactuca_sativa,OF_SPECIES,,,,,
cultivar:maraisa|lactuca_sativa,region:sp,PRODUCED_IN,,0.12,0.03,3.0,3.0
cultivar:marcela|lactuca_sativa,species:lactuca_sativa,OF_SPECIES,,,,,
cultivar:marcela|lactuca_sativa,region:mg,PRODUCED_IN,,0.0,0.0,1.0,1.0
cultivar:marcela|lactuca_sativa,region:sp,PRODUCED_IN,,0.01,0.0,2.0,1.0
cultivar:mimosa_salad_bowl|lactuca_sativa,species:lactuca_sativa,OF_SPECIES,,,,,
cultivar:mimosa_salad_bowl|lactuca_sativa,region:ba,PRODUCED_IN,,1.0,0.5,1.0,1.0
cultivar:mimosa_salad_bowl|lactuca_sativa,region:mg,PRODUCED_IN,,0.1,0.04,1.0,1.0
cultivar:mimosa_salad_bowl|lactuca_sativa,region:sp,PRODUCED_IN,,0.01,0.01,1.0,1.0
cultivar:mimosa_salad_bowl|lactuca_sativa,region:go,PRODUCED_IN,,2.0,0.64,1.0,1.0
cultivar:mimosa_salad_bowl|lactuca_sativa,region:pe,PRODUCED_IN,,1.3,0.39,1.0,1.0
cultivar:maraja3|lactuca_sativa,species:lactuca_sativa,OF_SPECIES,,,,,
cultivar:maraja3|lactuca_sativa,region:mg,PRODUCED_IN,,0.1,0.05,1.0,1.0
cultivar:maravilha_quatro_estaaaes_roxa_manteiga|lactuca_sativa,species:lactuca_sativa,OF_SPECIES,,,,,
cultivar:maravilha_quatro_estaaaes_roxa_manteiga|lactuca_sativa,region:mg,PRODUCED_IN,,1.5,0.48,1.0,1.0
cultivar:maravilha_quatro_estaaaes_roxa_manteiga|lactuca_sativa,region:rs,PRODUCED_IN,,0.01,0.0,1.0,1.0
cultivar:maravilha_de_inverno_manteiga|lactuca_sativa,species:lactuca_sativa,OF_SPECIES,,,,,
cultivar:maravilha_de_inverno_manteiga|lactuca_sativa,region:mg,PRODUCED_IN,,1.0,0.4,1.0,1.0
cultivar:maravilha_de_verao|lactuca_sativa,species:lactuca_sativa,OF_SPECIES,,,,,
cultivar:maravilha_de_verao|lactuca_sativa,region:mg,PRODUCED_IN,,0.25,0.1,2.0,1.0
cultivar:maresias|lactuca_sativa,species:lactuca_sativa,OF_SPECIES,,,,,
cultivar:maresias|lactuca_sativa,region:mg,PRODUCED_IN,,0.5,0.2,1.0,1.0
cultivar:maresias|lactuca_sativa,region:rs,PRODUCED_IN,,0.04,0.01,1.0,1.0
cultivar:margarete|lactuca_sativa,species:lactuca_sativa,OF_SPECIES,,,,,
cultivar:margarete|lactuca_sativa,region:go,PRODUCED_IN,,0.1,0.05,1.0,1.0
cultivar:margarete|lactuca_sativa,region:sp,PRODUCED_IN,,0.02,0.01,2.0,2.0
cultivar:marianne|lactuca_sativa,species:lactuca_sativa,OF_SPECIES,,,,,
cultivar:marianne|lactuca_sativa,region:ba,PRODUCED_IN,,1.0,0.3,1.0,1.0
cultivar:marianne|lactuca_sativa,region:mg,PRODUCED_IN,,1.0,0.3,1.0,1.0
cultivar:marianne|lactuca_sativa,region:pe,PRODUCED_IN,,1.0,0.31,2.0,2.0
cultivar:marianne|lactuca_sativa,region:sp,PRODUCED_IN,,0.02,0.01,1.0,1.0
cultivar:marisa|lactuca_sativa,species:lactuca_sativa,OF_SPECIES,,,,,
cultivar:marisa|lactuca_sativa,region:ba,PRODUCED_IN,,1.0,0.3,1.0,1.0
cultivar:marisa|lactuca_sativa,region:mg,PRODUCED_IN,,3.0,1.0,4.0,3.0
cultivar:marisa|lactuca_sativa,region:pe,PRODUCED_IN,,1.0,0.3,1.0,1.0
cultivar:marli|lactuca_sativa,species:lactuca_sativa,OF_SPECIES,,,,,
cultivar:marli|lactuca_sativa,region:go,PRODUCED_IN,,0.07,0.03,3.0,2.0
cultivar:maui|lactuca_sativa,species:lactuca_sativa,OF_SPECIES,,,,,
cultivar:maui|lactuca_sativa,region:mg,PRODUCED_IN,,0.51,0.17,5.0,5.0
cultivar:maui|lactuca_sativa,region:rs,PRODUCED_IN,,0.01,0.01,1.0,1.0
cultivar:mauren|lactuca_sativa,species:lactuca_sativa,OF_SPECIES,,,,,
cultivar:mauren|lactuca_sativa,region:mg,PRODUCED_IN,,3.1,0.43,4.0,1.0
cultivar:mauren|lactuca_sativa,region:rs,PRODUCED_IN,,0.03,0.05,2.0,2.0
cultivar:maara|lactuca_sativa,species:lactuca_sativa,OF_SPECIES,,,,,
cultivar:maara|lactuca_sativa,region:mg,PRODUCED_IN,,1.43,0.35,4.0,4.0
cultivar:maara|lactuca_sativa,region:sp,PRODUCED_IN,,0.04,0.01,2.0,2.0
cultivar:megan|lactuca_sativa,species:lactuca_sativa,OF_SPECIES,,,,,
cultivar:megan|lactuca_sativa,region:mg,PRODUCED_IN,,0.25,0.05,1.0,1.0
cultivar:megan|lactuca_sativa,region:sp,PRODUCED_IN,,0.04,0.01,2.0,2.0
cultivar:meggy|lactuca_sativa,species:lactuca_sativa,OF_SPECIES,,,,,
cultivar:meggy|lactuca_sativa,region:mg,PRODUCED_IN,,0.6,0.15,1.0,1.0
cultivar:melanie|lactuca_sativa,species:lactuca_sativa,OF_SPECIES,,,,,
cultivar:melanie|lactuca_sativa,region:sp,PRODUCED_IN,,0.05,0.01,2.0,2.0
cultivar:melissa|lactuca_sativa,species:lactuca_sativa,OF_SPECIES,,,,,
cultivar:melissa|lactuca_sativa,region:rs,PRODUCED_IN,,0.01,0.0,1.0,1.0
cultivar:menorca|lactuca_sativa,species:lactuca_sativa,OF_SPECIES,,,,,
cultivar:menorca|lactuca_sativa,region:sp,PRODUCED_IN,,0.02,0.01,2.0,2.0
cultivar:mika|lactuca_sativa,species:lactuca_sativa,OF_SPECIES,,,,,
cultivar:mika|lactuca_sativa,region:go,PRODUCED_IN,,0.03,0.01,1.0,1.0
cultivar:mila|lactuca_sativa,species:lactuca_sativa,OF_SPECIES,,,,,
cultivar:mila|lactuca_sativa,region:mg,PRODUCED_IN,,1.66,0.45,4.0,3.0
cultivar:mila|lactuca_sativa,region:sp,PRODUCED_IN,,0.06,0.01,2.0,2.0
cultivar:milamil|lactuca_sativa,species:lactuca_sativa,OF_SPECIES,,,,,
cultivar:milamil|lactuca_sativa,region:mg,PRODUCED_IN,,1.22,0.53,5.0,5.0
cultivar:milamil|lactuca_sativa,region:sp,PRODUCED_IN,,0.09,0.0,2.0,2.0
cultivar:milena|lactuca_sativa,species:lactuca_sativa,OF_SPECIES,,,,,
cultivar:milena|lactuca_sativa,region:mg,PRODUCED_IN,,2.99,1.27,9.0,9.0
cultivar:milena|lactuca_sativa,region:sp,PRODUCED_IN,,0.03,0.01,2.0,2.0
cultivar:mimosa|lactuca_sativa,species:lactuca_sativa,OF_SPECIES,,,,,
cultivar:mimosa|lactuca_sativa,region:go,PRODUCED_IN,,0.02,0.01,1.0,1.0
cultivar:mimosa|lactuca_sativa,region:mg,PRODUCED_IN,,3.58,1.23,9.0,9.0
cultivar:mimosa|lactuca_sativa,region:sp,PRODUCED_IN,,0.02,0.0,2.0,2.0
cultivar:mimosa_green_salad_bowl|lactuca_sativa,species:lactuca_sativa,OF_SPECIES,,,,,
cultivar:mimosa_green_salad_bowl|lactuca_sativa,region:go,PRODUCED_IN,,0.05,0.0,1.0,1.0
cultivar:mimosa_green_salad_bowl|lactuca_sativa,region:mg,PRODUCED_IN,,2.6,1.11,3.0,2.0
cultivar:mimosa_green_salad_bowl|lactuca_sativa,region:rs,PRODUCED_IN,,0.01,0.0,1.0,1.0
cultivar:mimosa_red_salad_bowl|lactuca_sativa,species:lactuca_sativa,OF_SPECIES,,,,,
cultivar:mimosa_red_salad_bowl|lactuca_sativa,region:go,PRODUCED_IN,,0.05,0.0,1.0,1.0
cultivar:mimosa_roxa_salad_bowl|lactuca_sativa,species:lactuca_sativa,OF_SPECIES,,,,,
cultivar:mimosa_roxa_salad_bowl|lactuca_sativa,region:ba,PRODUCED_IN,,1.2,0.4,2.0,2.0
cultivar:mimosa_roxa_salad_bowl|lactuca_sativa,region:mg,PRODUCED_IN,,3.01,1.38,5.0,3.0
cultivar:mimosa_roxa_salad_bowl|lactuca_sativa,region:pe,PRODUCED_IN,,1.3,0.39,1.0,1.0
cultivar:mimosa_roxa_salad_bowl|lactuca_sativa,region:rs,PRODUCED_IN,,0.01,0.0,1.0,1.0
cultivar:mimosa_salad_bowl_roxo|lactuca_sativa,species:lactuca_sativa,OF_SPECIES,,,,,
cultivar:mimosa_salad_bowl_roxo|lactuca_sativa,region:go,PRODUCED_IN,,0.75,0.29,2.0,2.0
cultivar:mimosa_vermelha|lactuca_sativa,species:lactuca_sativa,OF_SPECIES,,,,,
cultivar:mimosa_vermelha|lactuca_sativa,region:mg,PRODUCED_IN,,1.4,0.64,3.0,2.0
cultivar:mirella|lactuca_sativa,species:lactuca_sativa,OF_SPECIES,,,,,
cultivar:mirella|lactuca_sativa,region:mg,PRODUCED_IN,,0.9,0.24,2.0,2.0
cultivar:moana|lactuca_sativa,species:lactuca_sativa,OF_SPECIES,,,,,
cultivar:moana|lactuca_sativa,region:mg,PRODUCED_IN,,4.97,2.58,9.0,6.0
cultivar:moana|lactuca_sativa,region:rs,PRODUCED_IN,,1.6,0.53,10.0,6.0
cultivar:moscou|lactuca_sativa,species:lactuca_sativa,OF_SPECIES,,,,,
cultivar:moscou|lactuca_sativa,region:mg,PRODUCED_IN,,1.0,0.5,1.0,1.0
cultivar:moscou|lactuca_sativa,region:rs,PRODUCED_IN,,0.1,0.04,1.0,1.0
cultivar:mancora|lactuca_sativa,species:lactuca_sativa,OF_SPECIES,,,,,
cultivar:mancora|lactuca_sativa,region:mg,PRODUCED_IN,,1.64,0.84,5.0,3.0
cultivar:ma_nica_sf_31|lactuca_sativa,species:lactuca_sativa,OF_SPECIES,,,,,
cultivar:ma_nica_sf_31|lactuca_sativa,region:mg,PRODUCED_IN,,44.43,20.17,43.0,10.0
cultivar:nbr_355|lactuca_sativa,species:lactuca_sativa,OF_SPECIES,,,,,
cultivar:nbr_355|lactuca_sativa,region:go,PRODUCED_IN,,0.04,0.01,2.0,1.0
cultivar:nair|lactuca_sativa,species:lactuca_sativa,OF_SPECIES,,,,,
cultivar:nair|lactuca_sativa,region:sp,PRODUCED_IN,,0.01,0.0,1.0,1.0
cultivar:nataly|lactuca_sativa,species:lactuca_sativa,OF_SPECIES,,,,,
cultivar:nataly|lactuca_sativa,region:sp,PRODUCED_IN,,0.04,0.01,1.0,1.0
cultivar:natasha|lactuca_sativa,species:lactuca_sativa,OF_SPECIES,,,,,
cultivar:natasha|lactuca_sativa,region:mg,PRODUCED_IN,,0.31,0.06,3.0,2.0
cultivar:natasha|lactuca_sativa,region:sp,PRODUCED_IN,,0.0,0.01,1.0,1.0
cultivar:neiva|lactuca_sativa,species:lactuca_sativa,OF_SPECIES,,,,,
cultivar:neiva|lactuca_sativa,region:mg,PRODUCED_IN,,2.0,1.32,5.0,3.0
cultivar:neiva|lactuca_sativa,region:rs,PRODUCED_IN,,0.02,0.0,1.0,1.0
cultivar:orana|lactuca_sativa,species:lactuca_sativa,OF_SPECIES,,,,,
cultivar:orana|lactuca_sativa,region:go,PRODUCED_IN,,0.11,0.01,2.0,1.0
cultivar:pira_verde|lactuca_sativa,species:lactuca_sativa,OF_SPECIES,,,,,
cultivar:pira_verde|lactuca_sativa,region:rs,PRODUCED_IN,,0.02,0.0,1.0,1.0
cultivar:pira_verde|lactuca_sativa,region:sp,PRODUCED_IN,,0.02,0.01,2.0,2.0
cultivar:palmas|lactuca_sativa,species:lactuca_sativa,OF_SPECIES,,,,,
cultivar:palmas|lactuca_sativa,region:mg,PRODUCED_IN,,0.1,0.02,1.0,1.0
cultivar:paola|lactuca_sativa,species:lactuca_sativa,OF_SPECIES,,,,,
cultivar:paola|lactuca_sativa,region:sp,PRODUCED_IN,,0.05,0.0,1.0,1.0
cultivar:peony|lactuca_sativa,species:lactuca_sativa,OF_SPECIES,,,,,
cultivar:peony|lactuca_sativa,region:mg,PRODUCED_IN,,0.53,0.2,2.0,2.0
cultivar:peony|lactuca_sativa,region:sp,PRODUCED_IN,,0.12,0.0,1.0,1.0
cultivar:pira_63|lactuca_sativa,species:lactuca_sativa,OF_SPECIES,,,,,
cultivar:pira_63|lactuca_sativa,region:go,PRODUCED_IN,,0.01,0.02,1.0,1.0
cultivar:pira_63|lactuca_sativa,region:rs,PRODUCED_IN,,0.02,0.0,1.0,1.0
cultivar:pira_63|lactuca_sativa,region:sp,PRODUCED_IN,,0.02,0.01,2.0,2.0
cultivar:pira_72|lactuca_sativa,species:lactuca_sativa,OF_SPECIES,,,,,
cultivar:pira_72|lactuca_sativa,region:rs,PRODUCED_IN,,0.02,0.0,1.0,1.0
cultivar:pira_72|lactuca_sativa,region:sp,PRODUCED_IN,,0.02,0.01,2.0,2.0
cultivar:prado|lactuca_sativa,species:lactuca_sativa,OF_SPECIES,,,,,
cultivar:prado|lactuca_sativa,region:mg,PRODUCED_IN,,0.35,0.17,3.0,2.0
cultivar:prado|lactuca_sativa,region:rs,PRODUCED_IN,,0.01,0.01,1.0,1.0
cultivar:psiquaa|lactuca_sativa,species:lactuca_sativa,OF_SPECIES,,,,,
cultivar:psiquaa|lactuca_sativa,region:mg,PRODUCED_IN,,1.61,0.65,5.0,5.0
cultivar:psiquaa|lactuca_sativa,region:sp,PRODUCED_IN,,0.04,0.01,2.0,2.0
cultivar:purpurita|lactuca_sativa,species:lactuca_sativa,OF_SPECIES,,,,,
cultivar:purpurita|lactuca_sativa,region:mg,PRODUCED_IN,,0.29,0.04,3.0,2.0
cultivar:purpurita|lactuca_sativa,region:sp,PRODUCED_IN,,0.0,0.01,1.0,1.0
cultivar:quatro_estaaaes|lactuca_sativa,species:lactuca_sativa,OF_SPECIES,,,,,
cultivar:quatro_estaaaes|lactuca_sativa,region:mg,PRODUCED_IN,,1.55,0.7,3.0,3.0
cultivar:quatro_estaaaes|lactuca_sativa,region:pe,PRODUCED_IN,,1.0,0.3,1.0,1.0
cultivar:quatro_estaaaes|lactuca_sativa,region:rs,PRODUCED_IN,,9.87,1.46,64.0,11.0
cultivar:quatro_estaaaes|lactuca_sativa,region:sp,PRODUCED_IN,,0.01,0.01,1.0,1.0
cultivar:romanela|lactuca_sativa,species:lactuca_sativa,OF_SPECIES,,,,,
cultivar:romanela|lactuca_sativa,region:mg,PRODUCED_IN,,0.25,0.12,1.0,1.0
cultivar:romanela|lactuca_sativa,region:pe,PRODUCED_IN,,0.5,0.15,1.0,1.0
cultivar:romanela|lactuca_sativa,region:sp,PRODUCED_IN,,0.02,0.02,1.0,1.0
cultivar:rubinela|lactuca_sativa,species:lactuca_sativa,OF_SPECIES,,,,,
cultivar:rubinela|lactuca_sativa,region:mg,PRODUCED_IN,,1.52,0.33,3.0,3.0
cultivar:rubinela|lactuca_sativa,region:pe,PRODUCED_IN,,0.5,0.15,1.0,1.0
cultivar:rubinela|lactuca_sativa,region:sp,PRODUCED_IN,,0.14,0.03,5.0,4.0
cultivar:rafaela_americana|lactuca_sativa,species:lactuca_sativa,OF_SPECIES,,,,,
cultivar:rafaela_americana|lactuca_sativa,region:mg,PRODUCED_IN,,19.62,9.36,25.0,7.0
cultivar:rafaela_americana|lactuca_sativa,region:rs,PRODUCED_IN,,0.01,0.0,1.0,1.0
cultivar:rainha_de_maio_manteiga|lactuca_sativa,species:lactuca_sativa,OF_SPECIES,,,,,
cultivar:rainha_de_maio_manteiga|lactuca_sativa,region:mg,PRODUCED_IN,,1.2,0.5,2.0,2.0
cultivar:raissa|lactuca_sativa,species:lactuca_sativa,OF_SPECIES,,,,,
cultivar:raissa|lactuca_sativa,region:mg,PRODUCED_IN,,2.0,0.05,2.0,2.0
cultivar:raissa|lactuca_sativa,region:sp,PRODUCED_IN,,0.05,0.02,3.0,3.0
cultivar:red_star|lactuca_sativa,species:lactuca_sativa,OF_SPECIES,,,,,
cultivar:red_star|lactuca_sativa,region:go,PRODUCED_IN,,0.04,0.01,2.0,1.0
cultivar:regiane|lactuca_sativa,species:lactuca_sativa,OF_SPECIES,,,,,
cultivar:regiane|lactuca_sativa,region:mg,PRODUCED_IN,,1.55,0.7,4.0,4.0
cultivar:regianemil|lactuca_sativa,species:lactuca_sativa,OF_SPECIES,,,,,
cultivar:regianemil|lactuca_sativa,region:mg,PRODUCED_IN,,0.86,0.43,4.0,4.0
cultivar:regianemil|lactuca_sativa,region:sp,PRODUCED_IN,,0.09,0.0,2.0,2.0
cultivar:regina|lactuca_sativa,species:lactuca_sativa,OF_SPECIES,,,,,
cultivar:regina|lactuca_sativa,region:ba,PRODUCED_IN,,1.5,0.55,2.0,2.0
cultivar:regina|lactuca_sativa,region:mg,PRODUCED_IN,,1.87,0.97,3.0,2.0
cultivar:regina|lactuca_sativa,region:rs,PRODUCED_IN,,0.01,0.0,1.0,1.0
cultivar:regina_500|lactuca_sativa,species:lactuca_sativa,OF_SPECIES,,,,,
cultivar:regina_500|lactuca_sativa,region:go,PRODUCED_IN,,1.6,0.61,8.0,5.0
cultivar:regina_ht|lactuca_sativa,species:lactuca_sativa,OF_SPECIES,,,,,
cultivar:regina_ht|lactuca_sativa,region:ba,PRODUCED_IN,,0.6,0.24,1.0,1.0
cultivar:regina_ht|lactuca_sativa,region:mg,PRODUCED_IN,,0.25,0.08,2.0,2.0
cultivar:regina_ht|lactuca_sativa,region:sp,PRODUCED_IN,,1.0,0.02,2.0,2.0
cultivar:regina_de_verao|lactuca_sativa,species:lactuca_sativa,OF_SPECIES,,,,,
cultivar:regina_de_verao|lactuca_sativa,region:ba,PRODUCED_IN,,1.0,0.4,1.0,1.0
cultivar:regina_de_verao|lactuca_sativa,region:mg,PRODUCED_IN,,3.14,1.5,6.0,4.0
cultivar:regina_de_verao|lactuca_sativa,region:rs,PRODUCED_IN,,4.33,0.62,21.0,10.0
cultivar:renata|lactuca_sativa,species:lactuca_sativa,OF_SPECIES,,,,,
cultivar:renata|lactuca_sativa,region:mg,PRODUCED_IN,,2.16,0.65,4.0,3.0
cultivar:renata|lactuca_sativa,region:sp,PRODUCED_IN,,0.01,0.0,2.0,2.0
cultivar:repolhuda_todo_ano|lactuca_sativa,species:lactuca_sativa,OF_SPECIES,,,,,
cultivar:repolhuda_todo_ano|lactuca_sativa,region:mg,PRODUCED_IN,,8.12,4.42,11.0,6.0
cultivar:repolhuda_todo_ano|lactuca_sativa,region:rs,PRODUCED_IN,,0.01,0.0,1.0,1.0
cultivar:rosabela|lactuca_sativa,species:lactuca_sativa,OF_SPECIES,,,,,
cultivar:rosabela|lactuca_sativa,region:go,PRODUCED_IN,,0.26,0.1,5.0,4.0
cultivar:rosabela|lactuca_sativa,region:mg,PRODUCED_IN,,0.1,0.1,1.0,1.0
cultivar:rosabela|lactuca_sativa,region:rs,PRODUCED_IN,,0.02,0.0,1.0,1.0
cultivar:rosabela|lactuca_sativa,region:sp,PRODUCED_IN,,0.02,0.01,2.0,2.0
cultivar:rosanna|lactuca_sativa,species:lactuca_sativa,OF_SPECIES,,,,,
cultivar:rosanna|lactuca_sativa,region:go,PRODUCED_IN,,0.03,0.03,3.0,2.0
cultivar:rosangela|lactuca_sativa,species:lactuca_sativa,OF_SPECIES,,,,,
cultivar:rosangela|lactuca_sativa,region:sp,PRODUCED_IN,,0.0,0.0,2.0,2.0
cultivar:roxane|lactuca_sativa,species:lactuca_sativa,OF_SPECIES,,,,,
cultivar:roxane|lactuca_sativa,region:mg,PRODUCED_IN,,0.4,0.1,1.0,1.0
cultivar:rubi|lactuca_sativa,species:lactuca_sativa,OF_SPECIES,,,,,
cultivar:rubi|lactuca_sativa,region:rs,PRODUCED_IN,,0.01,0.05,1.0,1.0
cultivar:rubia|lactuca_sativa,species:lactuca_sativa,OF_SPECIES,,,,,
cultivar:rubia|lactuca_sativa,region:go,PRODUCED_IN,,0.14,0.05,5.0,4.0
cultivar:rubia|lactuca_sativa,region:mg,PRODUCED_IN,,1.03,0.21,4.0,3.0
cultivar:rubia|lactuca_sativa,region:sp,PRODUCED_IN,,0.01,0.01,1.0,1.0
cultivar:rubra|lactuca_sativa,species:lactuca_sativa,OF_SPECIES,,,,,
cultivar:rubra|lactuca_sativa,region:sp,PRODUCED_IN,,0.02,0.0,2.0,2.0
cultivar:saladela|lactuca_sativa,species:lactuca_sativa,OF_SPECIES,,,,,
cultivar:saladela|lactuca_sativa,region:sp,PRODUCED_IN,,0.02,0.01,1.0,1.0
cultivar:scs374_litoranea|lactuca_sativa,species:lactuca_sativa,OF_SPECIES,,,,,
cultivar:scs374_litoranea|lactuca_sativa,region:mg,PRODUCED_IN,,0.7,0.4,2.0,2.0
cultivar:soraia|lactuca_sativa,species:lactuca_sativa,OF_SPECIES,,,,,
cultivar:soraia|lactuca_sativa,region:mg,PRODUCED_IN,,0.51,0.19,2.0,1.0
cultivar:soraia|lactuca_sativa,region:rs,PRODUCED_IN,,0.02,0.01,1.0,1.0
cultivar:soraia|lactuca_sativa,region:sp,PRODUCED_IN,,0.03,0.01,2.0,2.0
cultivar:saia_vaia|lactuca_sativa,species:lactuca_sativa,OF_SPECIES,,,,,
cultivar:saia_vaia|lactuca_sativa,region:ba,PRODUCED_IN,,0.5,0.2,1.0,1.0
cultivar:saia_vaia|lactuca_sativa,region:pe,PRODUCED_IN,,0.55,0.11,2.0,2.0
cultivar:salad_bowl|lactuca_sativa,species:lactuca_sativa,OF_SPECIES,,,,,
cultivar:salad_bowl|lactuca_sativa,region:mg,PRODUCED_IN,,0.7,0.19,4.0,4.0
cultivar:salete|lactuca_sativa,species:lactuca_sativa,OF_SPECIES,,,,,
cultivar:salete|lactuca_sativa,region:mg,PRODUCED_IN,,0.66,0.23,2.0,2.0
cultivar:salete|lactuca_sativa,region:sp,PRODUCED_IN,,0.09,0.0,2.0,2.0
cultivar:samira|lactuca_sativa,species:lactuca_sativa,OF_SPECIES,,,,,
cultivar:samira|lactuca_sativa,region:go,PRODUCED_IN,,0.14,0.05,2.0,1.0
cultivar:samira|lactuca_sativa,region:sp,PRODUCED_IN,,0.02,0.01,1.0,1.0
cultivar:scarlet|lactuca_sativa,species:lactuca_sativa,OF_SPECIES,,,,,
cultivar:scarlet|lactuca_sativa,region:mg,PRODUCED_IN,,6.14,1.55,13.0,11.0
cultivar:scarlet|lactuca_sativa,region:pi,PRODUCED_IN,,0.4,0.12,1.0,1.0
cultivar:scarlet|lactuca_sativa,region:sp,PRODUCED_IN,,0.01,0.0,1.0,1.0
cultivar:sibaria|lactuca_sativa,species:lactuca_sativa,OF_SPECIES,,,,,
cultivar:sibaria|lactuca_sativa,region:mg,PRODUCED_IN,,0.5,0.15,1.0,1.0
cultivar:sibaria|lactuca_sativa,region:rs,PRODUCED_IN,,0.05,0.03,1.0,1.0
cultivar:silvana|lactuca_sativa,species:lactuca_sativa,OF_SPECIES,,,,,
cultivar:silvana|lactuca_sativa,region:mg,PRODUCED_IN,,4.87,1.6,13.0,9.0
cultivar:silvana|lactuca_sativa,region:sp,PRODUCED_IN,,0.03,0.01,2.0,2.0
cultivar:simpson|lactuca_sativa,species:lactuca_sativa,OF_SPECIES,,,,,
cultivar:simpson|lactuca_sativa,region:ba,PRODUCED_IN,,1.0,0.4,1.0,1.0
cultivar:simpson|lactuca_sativa,region:pe,PRODUCED_IN,,0.05,0.01,1.0,1.0
cultivar:simpson_sementes_pretas|lactuca_sativa,species:lactuca_sativa,OF_SPECIES,,,,,
cultivar:simpson_sementes_pretas|lactuca_sativa,region:mg,PRODUCED_IN,,3.7,2.16,5.0,4.0
cultivar:siriao|lactuca_sativa,species:lactuca_sativa,OF_SPECIES,,,,,
cultivar:siriao|lactuca_sativa,region:mg,PRODUCED_IN,,0.1,0.05,1.0,1.0
cultivar:sophia|lactuca_sativa,species:lactuca_sativa,OF_SPECIES,,,,,
cultivar:sophia|lactuca_sativa,region:mg,PRODUCED_IN,,1.14,0.48,5.0,5.0
cultivar:sophia|lactuca_sativa,region:sp,PRODUCED_IN,,0.16,0.02,3.0,3.0
cultivar:stella_manteiga|lactuca_sativa,species:lactuca_sativa,OF_SPECIES,,,,,
cultivar:stella_manteiga|lactuca_sativa,region:mg,PRODUCED_IN,,6.91,3.05,7.0,6.0
cultivar:stella_manteiga|lactuca_sativa,region:rs,PRODUCED_IN,,0.01,0.0,1.0,1.0
cultivar:suely|lactuca_sativa,species:lactuca_sativa,OF_SPECIES,,,,,
cultivar:suely|lactuca_sativa,region:sp,PRODUCED_IN,,0.01,0.0,1.0,1.0
cultivar:taciane|lactuca_sativa,species:lactuca_sativa,OF_SPECIES,,,,,
cultivar:taciane|lactuca_sativa,region:sp,PRODUCED_IN,,0.05,0.01,2.0,2.0
cultivar:te_112|lactuca_sativa,species:lactuca_sativa,OF_SPECIES,,,,,
cultivar:te_112|lactuca_sativa,region:go,PRODUCED_IN,,0.05,0.08,5.0,3.0
cultivar:te_112|lactuca_sativa,region:rs,PRODUCED_IN,,0.02,0.0,1.0,1.0
cultivar:te_112|lactuca_sativa,region:sp,PRODUCED_IN,,0.02,0.01,2.0,2.0
cultivar:te_70|lactuca_sativa,species:lactuca_sativa,OF_SPECIES,,,,,
cultivar:te_70|lactuca_sativa,region:rs,PRODUCED_IN,,0.02,0.0,1.0,1.0
cultivar:te_70|lactuca_sativa,region:sp,PRODUCED_IN,,0.02,0.01,2.0,2.0
cultivar:tpc_33458|lactuca_sativa,species:lactuca_sativa,OF_SPECIES,,,,,
cultivar:tpc_33458|lactuca_sativa,region:go,PRODUCED_IN,,0.07,0.02,3.0,2.0
cultivar:taina|lactuca_sativa,species:lactuca_sativa,OF_SPECIES,,,,,
cultivar:taina|lactuca_sativa,region:mg,PRODUCED_IN,,4.07,1.05,6.0,5.0
cultivar:tamires|lactuca_sativa,species:lactuca_sativa,OF_SPECIES,,,,,
cultivar:tamires|lactuca_sativa,region:mg,PRODUCED_IN,,0.35,0.05,2.0,2.0
cultivar:tamires|lactuca_sativa,region:sp,PRODUCED_IN,,0.41,0.07,5.0,5.0
cultivar:thaas|lactuca_sativa,species:lactuca_sativa,OF_SPECIES,,,,,
cultivar:thaas|lactuca_sativa,region:mg,PRODUCED_IN,,2.77,1.05,7.0,7.0
cultivar:thaas|lactuca_sativa,region:sp,PRODUCED_IN,,0.04,0.0,2.0,2.0
cultivar:tieta|lactuca_sativa,species:lactuca_sativa,OF_SPECIES,,,,,
cultivar:tieta|lactuca_sativa,region:mg,PRODUCED_IN,,2.12,0.81,5.0,4.0
cultivar:tieta|lactuca_sativa,region:sp,PRODUCED_IN,,0.15,0.01,3.0,3.0
cultivar:tiffany|lactuca_sativa,species:lactuca_sativa,OF_SPECIES,,,,,
cultivar:tiffany|lactuca_sativa,region:go,PRODUCED_IN,,0.26,0.26,2.0,2.0
cultivar:trindade|lactuca_sativa,species:lactuca_sativa,OF_SPECIES,,,,,
cultivar:trindade|lactuca_sativa,region:mg,PRODUCED_IN,,0.5,0.15,1.0,1.0
cultivar:trindade|lactuca_sativa,region:rs,PRODUCED_IN,,0.05,0.03,1.0,1.0
cultivar:trixie|lactuca_sativa,species:lactuca_sativa,OF_SPECIES,,,,,
cultivar:trixie|lactuca_sativa,region:mg,PRODUCED_IN,,0.99,0.3,3.0,3.0
cultivar:trixie|lactuca_sativa,region:sp,PRODUCED_IN,,0.03,0.01,2.0,2.0
cultivar:vle_042|lactuca_sativa,species:lactuca_sativa,OF_SPECIES,,,,,
cultivar:vle_042|lactuca_sativa,region:mg,PRODUCED_IN,,0.25,0.05,1.0,1.0
cultivar:vle_047|lactuca_sativa,species:lactuca_sativa,OF_SPECIES,,,,,
cultivar:vle_047|lactuca_sativa,region:mg,PRODUCED_IN,,0.13,0.05,1.0,1.0
cultivar:vle_073|lactuca_sativa,species:lactuca_sativa,OF_SPECIES,,,,,
cultivar:vle_073|lactuca_sativa,region:mg,PRODUCED_IN,,0.63,0.25,2.0,2.0
cultivar:vle_075|lactuca_sativa,species:lactuca_sativa,OF_SPECIES,,,,,
cultivar:vle_075|lactuca_sativa,region:mg,PRODUCED_IN,,0.93,0.25,2.0,2.0
cultivar:vle_091|lactuca_sativa,species:lactuca_sativa,OF_SPECIES,,,,,
cultivar:vle_091|lactuca_sativa,region:mg,PRODUCED_IN,,0.5,0.1,1.0,1.0
cultivar:vle_092|lactuca_sativa,species:lactuca_sativa,OF_SPECIES,,,,,
cultivar:vle_092|lactuca_sativa,region:mg,PRODUCED_IN,,0.1,0.05,1.0,1.0
cultivar:vle_106|lactuca_sativa,species:lactuca_sativa,OF_SPECIES,,,,,
cultivar:vle_106|lactuca_sativa,region:mg,PRODUCED_IN,,0.2,0.05,1.0,1.0
cultivar:vle_107|lactuca_sativa,species:lactuca_sativa,OF_SPECIES,,,,,
cultivar:vle_107|lactuca_sativa,region:mg,PRODUCED_IN,,0.2,0.05,1.0,1.0
cultivar:vle_107|lactuca_sativa,region:sp,PRODUCED_IN,,0.08,0.01,1.0,1.0
cultivar:vle_108|lactuca_sativa,species:lactuca_sativa,OF_SPECIES,,,,,
cultivar:vle_108|lactuca_sativa,region:mg,PRODUCED_IN,,0.24,0.06,1.0,1.0
cultivar:vle_108|lactuca_sativa,region:sp,PRODUCED_IN,,0.28,0.01,2.0,2.0
cultivar:vle054|lactuca_sativa,species:lactuca_sativa,OF_SPECIES,,,,,
cultivar:vle054|lactuca_sativa,region:mg,PRODUCED_IN,,1.2,0.3,2.0,1.0
cultivar:vle058|lactuca_sativa,species:lactuca_sativa,OF_SPECIES,,,,,
cultivar:vle058|lactuca_sativa,region:mg,PRODUCED_IN,,1.2,0.3,1.0,1.0
cultivar:vanda|lactuca_sativa,species:lactuca_sativa,OF_SPECIES,,,,,
cultivar:vanda|lactuca_sativa,region:ce,PRODUCED_IN,,2.0,0.6,1.0,1.0
cultivar:vanda|lactuca_sativa,region:mg,PRODUCED_IN,,40.94,16.24,55.0,14.0
cultivar:vanda|lactuca_sativa,region:sp,PRODUCED_IN,,0.03,0.01,2.0,2.0
cultivar:vega|lactuca_sativa,species:lactuca_sativa,OF_SPECIES,,,,,
cultivar:vega|lactuca_sativa,region:go,PRODUCED_IN,,0.01,0.01,1.0,1.0
cultivar:vega|lactuca_sativa,region:sp,PRODUCED_IN,,0.02,0.01,2.0,2.0
cultivar:veneranda|lactuca_sativa,species:lactuca_sativa,OF_SPECIES,,,,,
cultivar:veneranda|lactuca_sativa,region:mg,PRODUCED_IN,,55.5,25.42,57.0,12.0
cultivar:vera|lactuca_sativa,species:lactuca_sativa,OF_SPECIES,,,,,
cultivar:vera|lactuca_sativa,region:mg,PRODUCED_IN,,15.49,6.55,23.0,13.0
cultivar:vera|lactuca_sativa,region:sp,PRODUCED_IN,,0.22,0.06,8.0,6.0
cultivar:vera_nica|lactuca_sativa,species:lactuca_sativa,OF_SPECIES,,,,,
cultivar:vera_nica|lactuca_sativa,region:mg,PRODUCED_IN,,0.67,0.2,1.0,1.0
cultivar:vitoria_de_sto_anta_nio|lactuca_sativa,species:lactuca_sativa,OF_SPECIES,,,,,
cultivar:vitoria_de_sto_anta_nio|lactuca_sativa,region:go,PRODUCED_IN,,0.5,0.15,2.0,2.0
cultivar:vitoria_de_sto_anta_nio|lactuca_sativa,region:mg,PRODUCED_IN,,2.7,1.35,3.0,3.0
cultivar:vitalia|lactuca_sativa,species:lactuca_sativa,OF_SPECIES,,,,,
cultivar:vitalia|lactuca_sativa,region:go,PRODUCED_IN,,0.11,0.04,2.0,2.0
cultivar:vitalia|lactuca_sativa,region:rs,PRODUCED_IN,,0.02,0.0,1.0,1.0
cultivar:vitalia|lactuca_sativa,region:sp,PRODUCED_IN,,0.02,0.01,2.0,2.0
cultivar:vita3ria_verdinha|lactuca_sativa,species:lactuca_sativa,OF_SPECIES,,,,,
cultivar:vita3ria_verdinha|lactuca_sativa,region:ba,PRODUCED_IN,,5.75,2.55,5.0,5.0
cultivar:vita3ria_verdinha|lactuca_sativa,region:mg,PRODUCED_IN,,1.5,0.7,2.0,1.0
cultivar:vita3ria_verdinha|lactuca_sativa,region:pe,PRODUCED_IN,,0.25,0.13,2.0,2.0
cultivar:vita3ria_de_santo_antao_verdinha|lactuca_sativa,species:lactuca_sativa,OF_SPECIES,,,,,
cultivar:vita3ria_de_santo_antao_verdinha|lactuca_sativa,region:ba,PRODUCED_IN,,1.0,0.5,1.0,1.0
cultivar:vita3ria_de_santo_antao_verdinha|lactuca_sativa,region:mg,PRODUCED_IN,,1.85,0.69,4.0,3.0
cultivar:yasmin|lactuca_sativa,species:lactuca_sativa,OF_SPECIES,,,,,
cultivar:yasmin|lactuca_sativa,region:mg,PRODUCED_IN,,0.01,0.02,1.0,1.0
cultivar:yasmin|lactuca_sativa,region:sp,PRODUCED_IN,,0.01,0.01,1.0,1.0
cultivar:bs_aa0056|lactuca_sativa,species:lactuca_sativa,OF_SPECIES,,,,,
cultivar:bs_aa0056|lactuca_sativa,region:mg,PRODUCED_IN,,0.67,0.08,3.0,2.0
cultivar:bs_aa0056|lactuca_sativa,region:sp,PRODUCED_IN,,0.01,0.0,4.0,3.0
cultivar:bs_aa0062|lactuca_sativa,species:lactuca_sativa,OF_SPECIES,,,,,
cultivar:bs_aa0062|lactuca_sativa,region:mg,PRODUCED_IN,,0.47,0.06,3.0,2.0
cultivar:bs_aa0062|lactuca_sativa,region:sp,PRODUCED_IN,,0.11,0.03,6.0,6.0
cultivar:bs_aa0064|lactuca_sativa,species:lactuca_sativa,OF_SPECIES,,,,,
cultivar:bs_aa0064|lactuca_sativa,region:mg,PRODUCED_IN,,0.12,0.01,1.0,1.0
cultivar:bs_aa0064|lactuca_sativa,region:pr,PRODUCED_IN,,0.01,0.0,1.0,1.0
cultivar:bs_aa0064|lactuca_sativa,region:sp,PRODUCED_IN,,0.59,0.04,7.0,5.0
cultivar:bs_aa0065|lactuca_sativa,species:lactuca_sativa,OF_SPECIES,,,,,
cultivar:bs_aa0065|lactuca_sativa,region:mg,PRODUCED_IN,,0.91,0.08,3.0,3.0
cultivar:bs_aa0065|lactuca_sativa,region:sp,PRODUCED_IN,,0.3,0.1,8.0,8.0
cultivar:bs_aa0067|lactuca_sativa,species:lactuca_sativa,OF_SPECIES,,,,,
cultivar:bs_aa0067|lactuca_sativa,region:mg,PRODUCED_IN,,1.19,0.2,3.0,3.0
cultivar:bs_aa0067|lactuca_sativa,region:sp,PRODUCED_IN,,0.1,0.04,4.0,4.0
cultivar:bs_aa0106|lactuca_sativa,species:lactuca_sativa,OF_SPECIES,,,,,
cultivar:bs_aa0106|lactuca_sativa,region:mg,PRODUCED_IN,,0.67,0.05,1.0,1.0
cultivar:bs_aa0106|lactuca_sativa,region:sp,PRODUCED_IN,,0.23,0.08,6.0,4.0
cultivar:bs_aa0159|lactuca_sativa,species:lactuca_sativa,OF_SPECIES,,,,,
cultivar:bs_aa0159|lactuca_sativa,region:sp,PRODUCED_IN,,0.05,0.01,4.0,3.0
cultivar:bs_aa0167|lactuca_sativa,species:lactuca_sativa,OF_SPECIES,,,,,
cultivar:bs_aa0167|lactuca_sativa,region:sp,PRODUCED_IN,,0.01,0.0,2.0,2.0
cultivar:bs_aa0185|lactuca_sativa,species:lactuca_sativa,OF_SPECIES,,,,,
cultivar:bs_aa0185|lactuca_sativa,region:sp,PRODUCED_IN,,0.02,0.01,3.0,2.0
cultivar:bs_aa0187|lactuca_sativa,species:lactuca_sativa,OF_SPECIES,,,,,
cultivar:bs_aa0187|lactuca_sativa,region:sp,PRODUCED_IN,,0.01,0.0,2.0,2.0
cultivar:bs_aa0200|lactuca_sativa,species:lactuca_sativa,OF_SPECIES,,,,,
cultivar:bs_aa0200|lactuca_sativa,region:mg,PRODUCED_IN,,0.4,0.2,1.0,1.0
cultivar:bs_aa0200|lactuca_sativa,region:sp,PRODUCED_IN,,0.13,0.03,3.0,3.0
cultivar:bs_aa0201|lactuca_sativa,species:lactuca_sativa,OF_SPECIES,,,,,
cultivar:bs_aa0201|lactuca_sativa,region:sp,PRODUCED_IN,,0.0,0.0,1.0,1.0
cultivar:bs_aa0206|lactuca_sativa,species:lactuca_sativa,OF_SPECIES,,,,,
cultivar:bs_aa0206|lactuca_sativa,region:sp,PRODUCED_IN,,0.09,0.04,3.0,3.0
cultivar:bs_al0071|lactuca_sativa,species:lactuca_sativa,OF_SPECIES,,,,,
cultivar:bs_al0071|lactuca_sativa,region:mg,PRODUCED_IN,,0.22,0.04,2.0,2.0
cultivar:bs_al0071|lactuca_sativa,region:sp,PRODUCED_IN,,0.1,0.06,8.0,6.0
cultivar:bs_al0072|lactuca_sativa,species:lactuca_sativa,OF_SPECIES,,,,,
cultivar:bs_al0072|lactuca_sativa,region:sp,PRODUCED_IN,,0.02,0.01,2.0,2.0
cultivar:bs_al0202|lactuca_sativa,species:lactuca_sativa,OF_SPECIES,,,,,
cultivar:bs_al0202|lactuca_sativa,region:sp,PRODUCED_IN,,0.05,0.03,2.0,2.0
cultivar:bs_ac0053|lactuca_sativa,species:lactuca_sativa,OF_SPECIES,,,,,
cultivar:bs_ac0053|lactuca_sativa,region:mg,PRODUCED_IN,,0.57,0.18,2.0,2.0
cultivar:bs_ac0053|lactuca_sativa,region:sp,PRODUCED_IN,,0.16,0.09,7.0,6.0
cultivar:bs_ac0054|lactuca_sativa,species:lactuca_sativa,OF_SPECIES,,,,,
cultivar:bs_ac0054|lactuca_sativa,region:mg,PRODUCED_IN,,1.35,0.62,4.0,2.0
cultivar:bs_ac0054|lactuca_sativa,region:sp,PRODUCED_IN,,0.53,0.46,5.0,5.0
cultivar:bs_ac0055|lactuca_sativa,species:lactuca_sativa,OF_SPECIES,,,,,
cultivar:bs_ac0055|lactuca_sativa,region:mg,PRODUCED_IN,,1.25,0.56,3.0,3.0
cultivar:bs_ac0055|lactuca_sativa,region:sp,PRODUCED_IN,,0.67,0.1,7.0,5.0
cultivar:bs_ac0063|lactuca_sativa,species:lactuca_sativa,OF_SPECIES,,,,,
cultivar:bs_ac0063|lactuca_sativa,region:mg,PRODUCED_IN,,0.6,0.06,3.0,3.0
cultivar:bs_ac0063|lactuca_sativa,region:sp,PRODUCED_IN,,0.11,0.07,5.0,5.0
cultivar:bs_ac0068|lactuca_sativa,species:lactuca_sativa,OF_SPECIES,,,,,
cultivar:bs_ac0068|lactuca_sativa,region:mg,PRODUCED_IN,,1.27,0.34,4.0,3.0
cultivar:bs_ac0068|lactuca_sativa,region:sp,PRODUCED_IN,,0.15,0.07,7.0,7.0
cultivar:bs_ac0155|lactuca_sativa,species:lactuca_sativa,OF_SPECIES,,,,,
cultivar:bs_ac0155|lactuca_sativa,region:mg,PRODUCED_IN,,0.62,0.7,2.0,2.0
cultivar:bs_ac0155|lactuca_sativa,region:sp,PRODUCED_IN,,0.32,0.17,8.0,6.0
cultivar:bs_ac0160|lactuca_sativa,species:lactuca_sativa,OF_SPECIES,,,,,
cultivar:bs_ac0160|lactuca_sativa,region:mg,PRODUCED_IN,,0.4,0.3,1.0,1.0
cultivar:bs_ac0160|lactuca_sativa,region:sp,PRODUCED_IN,,0.16,0.06,6.0,5.0
cultivar:bs_ac0168|lactuca_sativa,species:lactuca_sativa,OF_SPECIES,,,,,
cultivar:bs_ac0168|lactuca_sativa,region:sp,PRODUCED_IN,,0.01,0.01,2.0,2.0
cultivar:bs_ac0184|lactuca_sativa,species:lactuca_sativa,OF_SPECIES,,,,,
cultivar:bs_ac0184|lactuca_sativa,region:sp,PRODUCED_IN,,0.02,0.01,2.0,2.0
cultivar:bs_ac0204|lactuca_sativa,species:lactuca_sativa,OF_SPECIES,,,,,
cultivar:bs_ac0204|lactuca_sativa,region:sp,PRODUCED_IN,,0.0,0.0,1.0,1.0
cultivar:bs_ac0205|lactuca_sativa,species:lactuca_sativa,OF_SPECIES,,,,,
cultivar:bs_ac0205|lactuca_sativa,region:sp,PRODUCED_IN,,0.0,0.0,1.0,1.0
cultivar:bs_accroc0163|lactuca_sativa,species:lactuca_sativa,OF_SPECIES,,,,,
cultivar:bs_accroc0163|lactuca_sativa,region:sp,PRODUCED_IN,,0.14,0.08,8.0,6.0
cultivar:bs_acr0069|lactuca_sativa,species:lactuca_sativa,OF_SPECIES,,,,,
cultivar:bs_acr0069|lactuca_sativa,region:mg,PRODUCED_IN,,0.1,0.01,1.0,1.0
cultivar:bs_acr0069|lactuca_sativa,region:sp,PRODUCED_IN,,0.05,0.02,6.0,5.0
cultivar:bs_acr0070|lactuca_sativa,species:lactuca_sativa,OF_SPECIES,,,,,
cultivar:bs_acr0070|lactuca_sativa,region:mg,PRODUCED_IN,,0.08,0.01,1.0,1.0
cultivar:bs_acr0070|lactuca_sativa,region:sp,PRODUCED_IN,,0.11,0.04,8.0,8.0
cultivar:bs_acr0169|lactuca_sativa,species:lactuca_sativa,OF_SPECIES,,,,,
cultivar:bs_acr0169|lactuca_sativa,region:sp,PRODUCED_IN,,0.01,0.0,1.0,1.0
cultivar:bs_acr0203|lactuca_sativa,species:lactuca_sativa,OF_SPECIES,,,,,
cultivar:bs_acr0203|lactuca_sativa,region:sp,PRODUCED_IN,,0.0,0.0,1.0,1.0
cultivar:cristal|lactuca_sativa,species:lactuca_sativa,OF_SPECIES,,,,,
cultivar:cristal|lactuca_sativa,region:mg,PRODUCED_IN,,2.0,0.8,3.0,2.0
cultivar:bs_ar0073|lactuca_sativa,species:lactuca_sativa,OF_SPECIES,,,,,
cultivar:bs_ar0073|lactuca_sativa,region:mg,PRODUCED_IN,,0.15,0.01,1.0,1.0
cultivar:bs_ar0073|lactuca_sativa,region:sp,PRODUCED_IN,,0.05,0.02,6.0,5.0
cultivar:bs_ar0126|lactuca_sativa,species:lactuca_sativa,OF_SPECIES,,,,,
cultivar:bs_ar0126|lactuca_sativa,region:sp,PRODUCED_IN,,0.09,0.04,6.0,6.0
cultivar:bs_armini0157|lactuca_sativa,species:lactuca_sativa,OF_SPECIES,,,,,
cultivar:bs_armini0157|lactuca_sativa,region:sp,PRODUCED_IN,,0.15,0.01,4.0,4.0
cultivar:bs_arrmini0158|lactuca_sativa,species:lactuca_sativa,OF_SPECIES,,,,,
cultivar:bs_arrmini0158|lactuca_sativa,region:sp,PRODUCED_IN,,0.18,0.01,4.0,4.0
species:phaseolus_vulgaris,crop:c_4098,IS_A,100.0,,,,
cultivar:af329|phaseolus_vulgaris,species:phaseolus_vulgaris,OF_SPECIES,,,,,
cultivar:af329|phaseolus_vulgaris,region:mg,PRODUCED_IN,,15.8,18.55,7.0,6.0
cultivar:af329|phaseolus_vulgaris,region:sp,PRODUCED_IN,,0.05,0.03,1.0,1.0
cultivar:af749|phaseolus_vulgaris,species:phaseolus_vulgaris,OF_SPECIES,,,,,
cultivar:af749|phaseolus_vulgaris,region:mg,PRODUCED_IN,,0.5,0.5,1.0,1.0
cultivar:af749|phaseolus_vulgaris,region:sp,PRODUCED_IN,,0.01,0.0,1.0,1.0
cultivar:anfc_5|phaseolus_vulgaris,species:phaseolus_vulgaris,OF_SPECIES,,,,,
cultivar:anfc_5|phaseolus_vulgaris,region:mt,PRODUCED_IN,,2337.02,4820.84,42.0,13.0
cultivar:anfc_5|phaseolus_vulgaris,region:go,PRODUCED_IN,,686.0,7056.0,5.0,2.0
cultivar:anfc_5|phaseolus_vulgaris,region:mg,PRODUCED_IN,,166.0,527.6,4.0,2.0
cultivar:anfc_5|phaseolus_vulgaris,region:ms,PRODUCED_IN,,57.0,171.0,1.0,1.0
cultivar:anfc_5|phaseolus_vulgaris,region:pr,PRODUCED_IN,,69.0,203.0,6.0,1.0
cultivar:anfc_5|phaseolus_vulgaris,region:sc,PRODUCED_IN,,520.0,1446.0,7.0,4.0
cultivar:anfc_5|phaseolus_vulgaris,region:sp,PRODUCED_IN,,156.0,468.0,3.0,2.0
cultivar:anfc_9|phaseolus_vulgaris,species:phaseolus_vulgaris,OF_SPECIES,,,,,
cultivar:anfc_9|phaseolus_vulgaris,region:pr,PRODUCED_IN,,1500.5,4270.0,49.0,5.0
cultivar:anfc_9|phaseolus_vulgaris,region:ba,PRODUCED_IN,,30.0,117.0,1.0,1.0
cultivar:anfc_9|phaseolus_vulgaris,region:go,PRODUCED_IN,,1232.2,3938.4,15.0,9.0
cultivar:anfc_9|phaseolus_vulgaris,region:mg,PRODUCED_IN,,1671.2,5827.7,26.0,10.0
cultivar:anfc_9|phaseolus_vulgaris,region:mt,PRODUCED_IN,,15945.19,38115.06,140.0,19.0
cultivar:anfc_9|phaseolus_vulgaris,region:rs,PRODUCED_IN,,54.0,211.6,3.0,1.0
cultivar:anfc_9|phaseolus_vulgaris,region:sc,PRODUCED_IN,,1062.0,3049.8,44.0,10.0
cultivar:anfc_9|phaseolus_vulgaris,region:sp,PRODUCED_IN,,328.0,849.8,6.0,2.0
cultivar:anfc_22|phaseolus_vulgaris,species:phaseolus_vulgaris,OF_SPECIES,,,,,
cultivar:anfc_22|phaseolus_vulgaris,region:go,PRODUCED_IN,,616.0,1992.6,7.0,2.0
cultivar:anfc_22|phaseolus_vulgaris,region:mg,PRODUCED_IN,,1810.5,6273.8,22.0,4.0
cultivar:anfc_22|phaseolus_vulgaris,region:mt,PRODUCED_IN,,366.0,921.3,8.0,4.0
cultivar:anfc_22|phaseolus_vulgaris,region:pr,PRODUCED_IN,,66.0,158.2,2.0,2.0
cultivar:anfc_22|phaseolus_vulgaris,region:rs,PRODUCED_IN,,30.0,117.8,2.0,1.0
cultivar:anfc_29|phaseolus_vulgaris,species:phaseolus_vulgaris,OF_SPECIES,,,,,
cultivar:anfc_29|phaseolus_vulgaris,region:ba,PRODUCED_IN,,130.0,468.0,1.0,1.0
cultivar:anfp_110|phaseolus_vulgaris,species:phaseolus_vulgaris,OF_SPECIES,,,,,
cultivar:anfp_110|phaseolus_vulgaris,region:mt,PRODUCED_IN,,613.64,1324.45,19.0,6.0
cultivar:anfp_110|phaseolus_vulgaris,region:pr,PRODUCED_IN,,11.0,22.0,1.0,1.0
cultivar:anfp_119|phaseolus_vulgaris,species:phaseolus_vulgaris,OF_SPECIES,,,,,
cultivar:anfp_119|phaseolus_vulgaris,region:df,PRODUCED_IN,,50.0,180.0,1.0,1.0
cultivar:anfp_119|phaseolus_vulgaris,region:go,PRODUCED_IN,,100.0,300.0,1.0,1.0
cultivar:anfp_119|phaseolus_vulgaris,region:mg,PRODUCED_IN,,580.0,1740.0,1.0,1.0
cultivar:anfp_119|phaseolus_vulgaris,region:mt,PRODUCED_IN,,510.73,1395.15,11.0,6.0
cultivar:anfp_119|phaseolus_vulgaris,region:rs,PRODUCED_IN,,24.0,99.4,4.0,1.0
cultivar:anfp_119|phaseolus_vulgaris,region:sc,PRODUCED_IN,,50.0,103.38,2.0,2.0
cultivar:anfp_119|phaseolus_vulgaris,region:sp,PRODUCED_IN,,50.0,150.0,1.0,1.0
cultivar:adventure|phaseolus_vulgaris,species:phaseolus_vulgaris,OF_SPECIES,,,,,
cultivar:adventure|phaseolus_vulgaris,region:mg,PRODUCED_IN,,2.2,2.2,3.0,1.0
cultivar:adventure|phaseolus_vulgaris,region:sp,PRODUCED_IN,,1.1,1.3,3.0,2.0
cultivar:amarelo_baixo|phaseolus_vulgaris,species:phaseolus_vulgaris,OF_SPECIES,,,,,
cultivar:amarelo_baixo|phaseolus_vulgaris,region:go,PRODUCED_IN,,0.9,0.78,2.0,2.0
cultivar:amarelo_baixo|phaseolus_vulgaris,region:rs,PRODUCED_IN,,4.0,4.6,3.0,2.0
cultivar:br_ipa_10|phaseolus_vulgaris,species:phaseolus_vulgaris,OF_SPECIES,,,,,
cultivar:br_ipa_10|phaseolus_vulgaris,region:pe,PRODUCED_IN,,15.5,36.58,3.0,3.0
cultivar:br_ipagro_44_guapo_brilhante|phaseolus_vulgaris,species:phaseolus_vulgaris,OF_SPECIES,,,,,
cultivar:br_ipagro_44_guapo_brilhante|phaseolus_vulgaris,region:rs,PRODUCED_IN,,1.75,1.57,10.0,1.0
cultivar:brs_10408|phaseolus_vulgaris,species:phaseolus_vulgaris,OF_SPECIES,,,,,
cultivar:brs_10408|phaseolus_vulgaris,region:ba,PRODUCED_IN,,240.0,764.0,4.0,3.0
cultivar:brs_10408|phaseolus_vulgaris,region:go,PRODUCED_IN,,22.0,66.0,2.0,2.0
cultivar:brs_10408|phaseolus_vulgaris,region:mg,PRODUCED_IN,,50.0,189.5,2.0,2.0
cultivar:brs_10408|phaseolus_vulgaris,region:mt,PRODUCED_IN,,20.0,42.0,1.0,1.0
cultivar:brs_10408|phaseolus_vulgaris,region:pe,PRODUCED_IN,,0.05,0.06,1.0,1.0
cultivar:brs_10408|phaseolus_vulgaris,region:pr,PRODUCED_IN,,92.0,219.5,5.0,2.0
cultivar:brs_10408|phaseolus_vulgaris,region:sc,PRODUCED_IN,,132.44,239.12,33.0,3.0
cultivar:brs_10408|phaseolus_vulgaris,region:sp,PRODUCED_IN,,2.08,1.9,3.0,2.0
cultivar:brs_7762|phaseolus_vulgaris,species:phaseolus_vulgaris,OF_SPECIES,,,,,
cultivar:brs_7762|phaseolus_vulgaris,region:go,PRODUCED_IN,,0.3,0.92,1.0,1.0
cultivar:brs_7762|phaseolus_vulgaris,region:sc,PRODUCED_IN,,138.81,166.75,24.0,3.0
cultivar:brs_9435_cometa|phaseolus_vulgaris,species:phaseolus_vulgaris,OF_SPECIES,,,,,
cultivar:brs_9435_cometa|phaseolus_vulgaris,region:pe,PRODUCED_IN,,2.2,3.0,3.0,3.0
cultivar:brs_agreste|phaseolus_vulgaris,species:phaseolus_vulgaris,OF_SPECIES,,,,,
cultivar:brs_agreste|phaseolus_vulgaris,region:pe,PRODUCED_IN,,2.0,2.0,1.0,1.0
cultivar:brs_ametista|phaseolus_vulgaris,species:phaseolus_vulgaris,OF_SPECIES,,,,,
cultivar:brs_ametista|phaseolus_vulgaris,region:df,PRODUCED_IN,,13.0,35.1,1.0,1.0
cultivar:brs_ametista|phaseolus_vulgaris,region:go,PRODUCED_IN,,172.0,501.6,7.0,2.0
cultivar:brs_ametista|phaseolus_vulgaris,region:mg,PRODUCED_IN,,25.0,75.0,2.0,1.0
cultivar:brs_ametista|phaseolus_vulgaris,region:ms,PRODUCED_IN,,35.0,84.0,1.0,1.0
cultivar:brs_ametista|phaseolus_vulgaris,region:pe,PRODUCED_IN,,0.1,0.13,2.0,1.0
cultivar:brs_ametista|phaseolus_vulgaris,region:sc,PRODUCED_IN,,1.67,5.0,1.0,1.0
cultivar:brs_campeiro|phaseolus_vulgaris,species:phaseolus_vulgaris,OF_SPECIES,,,,,
cultivar:brs_campeiro|phaseolus_vulgaris,region:pr,PRODUCED_IN,,199.0,517.8,10.0,3.0
cultivar:brs_campeiro|phaseolus_vulgaris,region:rs,PRODUCED_IN,,144.6,3233.9,27.0,5.0
cultivar:brs_campeiro|phaseolus_vulgaris,region:sc,PRODUCED_IN,,137.0,396.6,14.0,3.0
cultivar:brs_embaixador|phaseolus_vulgaris,species:phaseolus_vulgaris,OF_SPECIES,,,,,
cultivar:brs_embaixador|phaseolus_vulgaris,region:go,PRODUCED_IN,,2.95,9.8,3.0,3.0
cultivar:brs_embaixador|phaseolus_vulgaris,region:mg,PRODUCED_IN,,7.0,17.0,2.0,1.0
cultivar:brs_embaixador|phaseolus_vulgaris,region:pr,PRODUCED_IN,,3.9,10.0,2.0,2.0
cultivar:brs_esplendor|phaseolus_vulgaris,species:phaseolus_vulgaris,OF_SPECIES,,,,,
cultivar:brs_esplendor|phaseolus_vulgaris,region:go,PRODUCED_IN,,68.0,220.8,3.0,3.0
cultivar:brs_esplendor|phaseolus_vulgaris,region:mg,PRODUCED_IN,,7.0,17.0,2.0,1.0
cultivar:brs_esplendor|phaseolus_vulgaris,region:ms,PRODUCED_IN,,350.0,840.0,5.0,1.0
cultivar:brs_esplendor|phaseolus_vulgaris,region:mt,PRODUCED_IN,,440.0,1000.0,5.0,2.0
cultivar:brs_esplendor|phaseolus_vulgaris,region:pr,PRODUCED_IN,,1109.3,2983.54,68.0,13.0
cultivar:brs_esplendor|phaseolus_vulgaris,region:rs,PRODUCED_IN,,338.6,619.1,29.0,8.0
cultivar:brs_esplendor|phaseolus_vulgaris,region:sc,PRODUCED_IN,,228.03,357.23,47.0,4.0
cultivar:brs_esteio|phaseolus_vulgaris,species:phaseolus_vulgaris,OF_SPECIES,,,,,
cultivar:brs_esteio|phaseolus_vulgaris,region:ba,PRODUCED_IN,,575.0,1897.0,6.0,3.0
cultivar:brs_esteio|phaseolus_vulgaris,region:df,PRODUCED_IN,,19.88,48.56,4.0,2.0
cultivar:brs_esteio|phaseolus_vulgaris,region:go,PRODUCED_IN,,3503.53,12872.83,77.0,15.0
cultivar:brs_esteio|phaseolus_vulgaris,region:mg,PRODUCED_IN,,1140.08,4119.87,23.0,10.0
cultivar:brs_esteio|phaseolus_vulgaris,region:ms,PRODUCED_IN,,50.0,120.0,1.0,1.0
cultivar:brs_esteio|phaseolus_vulgaris,region:mt,PRODUCED_IN,,30.0,90.0,1.0,1.0
cultivar:brs_esteio|phaseolus_vulgaris,region:pr,PRODUCED_IN,,6498.6,18712.96,297.0,20.0
cultivar:brs_esteio|phaseolus_vulgaris,region:rs,PRODUCED_IN,,1040.0,2554.2,39.0,16.0
cultivar:brs_esteio|phaseolus_vulgaris,region:sc,PRODUCED_IN,,3472.6,10137.08,135.0,12.0
cultivar:brs_esteio|phaseolus_vulgaris,region:to,PRODUCED_IN,,2.5,6.75,1.0,1.0
cultivar:brs_estilo|phaseolus_vulgaris,species:phaseolus_vulgaris,OF_SPECIES,,,,,
cultivar:brs_estilo|phaseolus_vulgaris,region:ba,PRODUCED_IN,,803.0,2466.0,8.0,4.0
cultivar:brs_estilo|phaseolus_vulgaris,region:df,PRODUCED_IN,,854.0,1737.6,15.0,11.0
cultivar:brs_estilo|phaseolus_vulgaris,region:go,PRODUCED_IN,,35820.4,354018.73,541.0,27.0
cultivar:brs_estilo|phaseolus_vulgaris,region:mg,PRODUCED_IN,,18853.18,482245.21,401.0,25.0
cultivar:brs_estilo|phaseolus_vulgaris,region:ms,PRODUCED_IN,,144.5,361.0,3.0,3.0
cultivar:brs_estilo|phaseolus_vulgaris,region:mt,PRODUCED_IN,,595.0,1522.6,15.0,7.0
cultivar:brs_estilo|phaseolus_vulgaris,region:pe,PRODUCED_IN,,1.0,1.5,1.0,1.0
cultivar:brs_estilo|phaseolus_vulgaris,region:pr,PRODUCED_IN,,5106.38,54969.52,149.0,24.0
cultivar:brs_estilo|phaseolus_vulgaris,region:rs,PRODUCED_IN,,1554.5,10600.14,36.0,16.0
cultivar:brs_estilo|phaseolus_vulgaris,region:sc,PRODUCED_IN,,1161.75,27346.25,74.0,16.0
cultivar:brs_estilo|phaseolus_vulgaris,region:sp,PRODUCED_IN,,1354.62,3891.74,33.0,11.0
cultivar:brs_executivo|phaseolus_vulgaris,species:phaseolus_vulgaris,OF_SPECIES,,,,,
cultivar:brs_executivo|phaseolus_vulgaris,region:go,PRODUCED_IN,,2.58,7.8,4.0,4.0
cultivar:brs_executivo|phaseolus_vulgaris,region:mt,PRODUCED_IN,,60.0,150.0,1.0,1.0
cultivar:brs_expedito|phaseolus_vulgaris,species:phaseolus_vulgaris,OF_SPECIES,,,,,
cultivar:brs_expedito|phaseolus_vulgaris,region:rs,PRODUCED_IN,,13.45,13.55,49.0,5.0
cultivar:brs_fc104|phaseolus_vulgaris,species:phaseolus_vulgaris,OF_SPECIES,,,,,
cultivar:brs_fc104|phaseolus_vulgaris,region:ba,PRODUCED_IN,,6.0,22.0,1.0,1.0
cultivar:brs_fc104|phaseolus_vulgaris,region:df,PRODUCED_IN,,4.5,17.55,1.0,1.0
cultivar:brs_fc104|phaseolus_vulgaris,region:go,PRODUCED_IN,,608.64,2021.5,25.0,13.0
cultivar:brs_fc104|phaseolus_vulgaris,region:mg,PRODUCED_IN,,233.5,785.35,20.0,11.0
cultivar:brs_fc104|phaseolus_vulgaris,region:mt,PRODUCED_IN,,150.0,357.0,4.0,1.0
cultivar:brs_fc104|phaseolus_vulgaris,region:pe,PRODUCED_IN,,2.0,3.0,2.0,2.0
cultivar:brs_fc104|phaseolus_vulgaris,region:pr,PRODUCED_IN,,378.0,902.6,17.0,5.0
cultivar:brs_fc104|phaseolus_vulgaris,region:rs,PRODUCED_IN,,87.3,288.0,2.0,1.0
cultivar:brs_fc104|phaseolus_vulgaris,region:sp,PRODUCED_IN,,10.0,35.0,1.0,1.0
cultivar:brs_fc310|phaseolus_vulgaris,species:phaseolus_vulgaris,OF_SPECIES,,,,,
cultivar:brs_fc310|phaseolus_vulgaris,region:go,PRODUCED_IN,,72.77,277.05,12.0,5.0
cultivar:brs_fc310|phaseolus_vulgaris,region:mg,PRODUCED_IN,,10.32,36.0,5.0,3.0
cultivar:brs_fc310|phaseolus_vulgaris,region:pr,PRODUCED_IN,,610.85,1699.32,44.0,8.0
cultivar:brs_fc310|phaseolus_vulgaris,region:rs,PRODUCED_IN,,52.0,125.0,3.0,3.0
cultivar:brs_fc310|phaseolus_vulgaris,region:sp,PRODUCED_IN,,5.0,15.0,1.0,1.0
cultivar:brs_fc333|phaseolus_vulgaris,species:phaseolus_vulgaris,OF_SPECIES,,,,,
cultivar:brs_fc333|phaseolus_vulgaris,region:go,PRODUCED_IN,,0.6,1.8,1.0,1.0
cultivar:brs_fc401_rmd|phaseolus_vulgaris,species:phaseolus_vulgaris,OF_SPECIES,,,,,
cultivar:brs_fc401_rmd|phaseolus_vulgaris,region:ba,PRODUCED_IN,,110.0,330.0,2.0,2.0
cultivar:brs_fc401_rmd|phaseolus_vulgaris,region:go,PRODUCED_IN,,104.14,348.26,8.0,2.0
cultivar:brs_fc401_rmd|phaseolus_vulgaris,region:mg,PRODUCED_IN,,47.0,161.7,3.0,1.0
cultivar:brs_fc401_rmd|phaseolus_vulgaris,region:pr,PRODUCED_IN,,12.3,38.0,2.0,2.0
cultivar:brs_fc402|phaseolus_vulgaris,species:phaseolus_vulgaris,OF_SPECIES,,,,,
cultivar:brs_fc402|phaseolus_vulgaris,region:ba,PRODUCED_IN,,60.0,216.0,1.0,1.0
cultivar:brs_fc402|phaseolus_vulgaris,region:df,PRODUCED_IN,,7.07,14.14,2.0,1.0
cultivar:brs_fc402|phaseolus_vulgaris,region:go,PRODUCED_IN,,2381.37,7942.92,63.0,12.0
cultivar:brs_fc402|phaseolus_vulgaris,region:mg,PRODUCED_IN,,1743.05,6399.5,49.0,11.0
cultivar:brs_fc402|phaseolus_vulgaris,region:pe,PRODUCED_IN,,2.0,3.0,1.0,1.0
cultivar:brs_fc402|phaseolus_vulgaris,region:pr,PRODUCED_IN,,65.85,181.3,7.0,4.0
cultivar:brs_fc402|phaseolus_vulgaris,region:rs,PRODUCED_IN,,44.0,100.0,1.0,1.0
cultivar:brs_fc402|phaseolus_vulgaris,region:sc,PRODUCED_IN,,257.0,791.0,8.0,5.0
cultivar:brs_fc406|phaseolus_vulgaris,species:phaseolus_vulgaris,OF_SPECIES,,,,,
cultivar:brs_fc406|phaseolus_vulgaris,region:go,PRODUCED_IN,,128.31,384.21,10.0,5.0
cultivar:brs_fc406|phaseolus_vulgaris,region:mg,PRODUCED_IN,,6.6,25.5,2.0,2.0
cultivar:brs_fc406|phaseolus_vulgaris,region:sp,PRODUCED_IN,,149.0,536.4,2.0,1.0
cultivar:brs_fc409|phaseolus_vulgaris,species:phaseolus_vulgaris,OF_SPECIES,,,,,
cultivar:brs_fc409|phaseolus_vulgaris,region:ce,PRODUCED_IN,,6.0,12.0,1.0,1.0
cultivar:brs_fc409|phaseolus_vulgaris,region:go,PRODUCED_IN,,9.4,39.7,4.0,4.0
cultivar:brs_fc414|phaseolus_vulgaris,species:phaseolus_vulgaris,OF_SPECIES,,,,,
cultivar:brs_fc414|phaseolus_vulgaris,region:df,PRODUCED_IN,,55.0,214.5,2.0,1.0
cultivar:brs_fc414|phaseolus_vulgaris,region:go,PRODUCED_IN,,360.69,1115.97,19.0,4.0
cultivar:brs_fc414|phaseolus_vulgaris,region:mg,PRODUCED_IN,,202.6,634.1,14.0,6.0
cultivar:brs_fc414|phaseolus_vulgaris,region:rs,PRODUCED_IN,,18.0,43.2,1.0,1.0
cultivar:brs_fc414|phaseolus_vulgaris,region:sp,PRODUCED_IN,,91.0,227.5,1.0,1.0
cultivar:brs_fc415|phaseolus_vulgaris,species:phaseolus_vulgaris,OF_SPECIES,,,,,
cultivar:brs_fc415|phaseolus_vulgaris,region:ba,PRODUCED_IN,,55.0,181.5,1.0,1.0
cultivar:brs_fc415|phaseolus_vulgaris,region:df,PRODUCED_IN,,95.0,399.0,1.0,1.0
cultivar:brs_fc415|phaseolus_vulgaris,region:go,PRODUCED_IN,,1534.3,5234.22,47.0,7.0
cultivar:brs_fc415|phaseolus_vulgaris,region:mg,PRODUCED_IN,,1191.03,11807.0,39.0,7.0
cultivar:brs_fc415|phaseolus_vulgaris,region:ms,PRODUCED_IN,,25.0,100.0,1.0,1.0
cultivar:brs_fc415|phaseolus_vulgaris,region:pr,PRODUCED_IN,,508.75,1525.46,18.0,5.0
cultivar:brs_fc415|phaseolus_vulgaris,region:rs,PRODUCED_IN,,15.0,36.0,1.0,1.0
cultivar:brs_fc415|phaseolus_vulgaris,region:sc,PRODUCED_IN,,93.9,269.2,7.0,3.0
cultivar:brs_fc420_rmd|phaseolus_vulgaris,species:phaseolus_vulgaris,OF_SPECIES,,,,,
cultivar:brs_fc420_rmd|phaseolus_vulgaris,region:go,PRODUCED_IN,,0.38,1.2,1.0,1.0
cultivar:brs_fc422|phaseolus_vulgaris,species:phaseolus_vulgaris,OF_SPECIES,,,,,
cultivar:brs_fc422|phaseolus_vulgaris,region:go,PRODUCED_IN,,27.0,99.0,2.0,1.0
cultivar:brs_fc422|phaseolus_vulgaris,region:mg,PRODUCED_IN,,10.0,30.0,1.0,1.0
cultivar:brs_fc422|phaseolus_vulgaris,region:pr,PRODUCED_IN,,4.0,9.0,2.0,1.0
cultivar:brs_fc423|phaseolus_vulgaris,species:phaseolus_vulgaris,OF_SPECIES,,,,,
cultivar:brs_fc423|phaseolus_vulgaris,region:go,PRODUCED_IN,,142.9,428.7,5.0,4.0
cultivar:brs_fc423|phaseolus_vulgaris,region:mg,PRODUCED_IN,,70.98,230.9,7.0,3.0
cultivar:brs_fc423|phaseolus_vulgaris,region:pr,PRODUCED_IN,,4.0,12.0,2.0,1.0
cultivar:brs_fc424|phaseolus_vulgaris,species:phaseolus_vulgaris,OF_SPECIES,,,,,
cultivar:brs_fc424|phaseolus_vulgaris,region:go,PRODUCED_IN,,0.3,1.1,1.0,1.0
cultivar:brs_fc424|phaseolus_vulgaris,region:mg,PRODUCED_IN,,6.3,22.2,3.0,1.0
cultivar:brs_fc424|phaseolus_vulgaris,region:pr,PRODUCED_IN,,89.7,292.0,8.0,3.0
cultivar:brs_fc424|phaseolus_vulgaris,region:sp,PRODUCED_IN,,2.0,5.0,1.0,1.0
cultivar:brs_fc425|phaseolus_vulgaris,species:phaseolus_vulgaris,OF_SPECIES,,,,,
cultivar:brs_fc425|phaseolus_vulgaris,region:go,PRODUCED_IN,,0.5,1.8,1.0,1.0
cultivar:brs_fc429|phaseolus_vulgaris,species:phaseolus_vulgaris,OF_SPECIES,,,,,
cultivar:brs_fc429|phaseolus_vulgaris,region:go,PRODUCED_IN,,11.8,38.9,3.0,3.0
cultivar:brs_fc429|phaseolus_vulgaris,region:mg,PRODUCED_IN,,55.7,209.0,6.0,2.0
cultivar:brs_fc429|phaseolus_vulgaris,region:pr,PRODUCED_IN,,329.7,1008.5,18.0,3.0
cultivar:brs_fc429|phaseolus_vulgaris,region:sp,PRODUCED_IN,,5.0,12.5,1.0,1.0
cultivar:brs_fc431|phaseolus_vulgaris,species:phaseolus_vulgaris,OF_SPECIES,,,,,
cultivar:brs_fc431|phaseolus_vulgaris,region:go,PRODUCED_IN,,0.5,1.5,1.0,1.0
cultivar:brs_fp327|phaseolus_vulgaris,species:phaseolus_vulgaris,OF_SPECIES,,,,,
cultivar:brs_fp327|phaseolus_vulgaris,region:go,PRODUCED_IN,,11.5,40.26,6.0,2.0
cultivar:brs_fp327|phaseolus_vulgaris,region:mg,PRODUCED_IN,,9.1,34.1,3.0,2.0
cultivar:brs_fp327|phaseolus_vulgaris,region:pr,PRODUCED_IN,,444.3,1535.94,24.0,3.0
cultivar:brs_fp327|phaseolus_vulgaris,region:rs,PRODUCED_IN,,25.0,100.0,1.0,1.0
cultivar:brs_fp327|phaseolus_vulgaris,region:sc,PRODUCED_IN,,123.0,393.0,4.0,3.0
cultivar:brs_fp403|phaseolus_vulgaris,species:phaseolus_vulgaris,OF_SPECIES,,,,,
cultivar:brs_fp403|phaseolus_vulgaris,region:go,PRODUCED_IN,,635.51,2272.9,25.0,9.0
cultivar:brs_fp403|phaseolus_vulgaris,region:mg,PRODUCED_IN,,987.16,3076.19,36.0,9.0
cultivar:brs_fp403|phaseolus_vulgaris,region:ms,PRODUCED_IN,,25.0,60.0,1.0,1.0
cultivar:brs_fp403|phaseolus_vulgaris,region:mt,PRODUCED_IN,,100.0,300.0,1.0,1.0
cultivar:brs_fp403|phaseolus_vulgaris,region:pr,PRODUCED_IN,,2916.2,7606.55,149.0,14.0
cultivar:brs_fp403|phaseolus_vulgaris,region:rs,PRODUCED_IN,,74.0,220.5,3.0,2.0
cultivar:brs_fp403|phaseolus_vulgaris,region:sc,PRODUCED_IN,,1196.01,3649.58,52.0,12.0
cultivar:brs_fp403|phaseolus_vulgaris,region:sp,PRODUCED_IN,,31.0,77.5,2.0,1.0
cultivar:brs_fp417|phaseolus_vulgaris,species:phaseolus_vulgaris,OF_SPECIES,,,,,
cultivar:brs_fp417|phaseolus_vulgaris,region:go,PRODUCED_IN,,85.9,330.4,7.0,2.0
cultivar:brs_fp417|phaseolus_vulgaris,region:mg,PRODUCED_IN,,19.0,68.4,1.0,1.0
cultivar:brs_fp417|phaseolus_vulgaris,region:pr,PRODUCED_IN,,363.56,1058.2,20.0,6.0
cultivar:brs_fp417|phaseolus_vulgaris,region:rs,PRODUCED_IN,,37.0,132.0,2.0,2.0
cultivar:brs_fp417|phaseolus_vulgaris,region:sc,PRODUCED_IN,,280.3,950.0,12.0,3.0
cultivar:brs_fp417|phaseolus_vulgaris,region:sp,PRODUCED_IN,,20.0,50.0,1.0,1.0
cultivar:brs_fp426|phaseolus_vulgaris,species:phaseolus_vulgaris,OF_SPECIES,,,,,
cultivar:brs_fp426|phaseolus_vulgaris,region:go,PRODUCED_IN,,25.2,81.78,7.0,3.0
cultivar:brs_fp426|phaseolus_vulgaris,region:mg,PRODUCED_IN,,7.8,29.6,3.0,2.0
cultivar:brs_fp426|phaseolus_vulgaris,region:pr,PRODUCED_IN,,383.62,1154.93,19.0,3.0
cultivar:brs_fp426|phaseolus_vulgaris,region:rs,PRODUCED_IN,,22.0,90.0,1.0,1.0
cultivar:brs_fp426|phaseolus_vulgaris,region:sc,PRODUCED_IN,,104.3,303.6,4.0,3.0
cultivar:brs_fs212|phaseolus_vulgaris,species:phaseolus_vulgaris,OF_SPECIES,,,,,
cultivar:brs_fs212|phaseolus_vulgaris,region:go,PRODUCED_IN,,0.6,2.1,3.0,3.0
cultivar:brs_fs212|phaseolus_vulgaris,region:mg,PRODUCED_IN,,12.1,47.5,2.0,2.0
cultivar:brs_fs212|phaseolus_vulgaris,region:mt,PRODUCED_IN,,7.6,23.1,2.0,1.0
cultivar:brs_fs228|phaseolus_vulgaris,species:phaseolus_vulgaris,OF_SPECIES,,,,,
cultivar:brs_fs228|phaseolus_vulgaris,region:go,PRODUCED_IN,,0.4,1.5,1.0,1.0
cultivar:brs_fs305|phaseolus_vulgaris,species:phaseolus_vulgaris,OF_SPECIES,,,,,
cultivar:brs_fs305|phaseolus_vulgaris,region:go,PRODUCED_IN,,26.76,71.35,8.0,5.0
cultivar:brs_fs305|phaseolus_vulgaris,region:mt,PRODUCED_IN,,100.0,300.0,1.0,1.0
cultivar:brs_fs307|phaseolus_vulgaris,species:phaseolus_vulgaris,OF_SPECIES,,,,,
cultivar:brs_fs307|phaseolus_vulgaris,region:go,PRODUCED_IN,,1.47,4.27,6.0,4.0
cultivar:brs_fs308|phaseolus_vulgaris,species:phaseolus_vulgaris,OF_SPECIES,,,,,
cultivar:brs_fs308|phaseolus_vulgaris,region:go,PRODUCED_IN,,0.45,1.35,2.0,2.0
cultivar:brs_fs308|phaseolus_vulgaris,region:mt,PRODUCED_IN,,2.5,7.75,2.0,1.0
cultivar:brs_fs311|phaseolus_vulgaris,species:phaseolus_vulgaris,OF_SPECIES,,,,,
cultivar:brs_fs311|phaseolus_vulgaris,region:go,PRODUCED_IN,,672.73,2112.96,28.0,8.0
cultivar:brs_fs311|phaseolus_vulgaris,region:mg,PRODUCED_IN,,339.7,1064.1,11.0,3.0
cultivar:brs_fs311|phaseolus_vulgaris,region:mt,PRODUCED_IN,,169.0,525.0,2.0,1.0
cultivar:brs_fs311|phaseolus_vulgaris,region:pr,PRODUCED_IN,,203.81,605.1,12.0,5.0
cultivar:brs_fs311|phaseolus_vulgaris,region:sc,PRODUCED_IN,,8.5,20.85,2.0,2.0
cultivar:brs_fs313|phaseolus_vulgaris,species:phaseolus_vulgaris,OF_SPECIES,,,,,
cultivar:brs_fs313|phaseolus_vulgaris,region:go,PRODUCED_IN,,0.68,2.1,4.0,4.0
cultivar:brs_fs313|phaseolus_vulgaris,region:mg,PRODUCED_IN,,33.2,345.5,5.0,3.0
cultivar:brs_fs313|phaseolus_vulgaris,region:pr,PRODUCED_IN,,18.0,36.0,1.0,1.0
cultivar:brs_fs318|phaseolus_vulgaris,species:phaseolus_vulgaris,OF_SPECIES,,,,,
cultivar:brs_fs318|phaseolus_vulgaris,region:go,PRODUCED_IN,,1.0,3.0,2.0,2.0
cultivar:brs_fs319|phaseolus_vulgaris,species:phaseolus_vulgaris,OF_SPECIES,,,,,
cultivar:brs_fs319|phaseolus_vulgaris,region:go,PRODUCED_IN,,1.08,3.2,2.0,2.0
cultivar:brs_intrapido|phaseolus_vulgaris,species:phaseolus_vulgaris,OF_SPECIES,,,,,
cultivar:brs_intrapido|phaseolus_vulgaris,region:rs,PRODUCED_IN,,4.7,4.88,5.0,4.0
cultivar:brs_paisano|phaseolus_vulgaris,species:phaseolus_vulgaris,OF_SPECIES,,,,,
cultivar:brs_paisano|phaseolus_vulgaris,region:ba,PRODUCED_IN,,86.0,100080.0,2.0,2.0
cultivar:brs_paisano|phaseolus_vulgaris,region:rs,PRODUCED_IN,,2.0,2.28,2.0,2.0
cultivar:brs_pitanga|phaseolus_vulgaris,species:phaseolus_vulgaris,OF_SPECIES,,,,,
cultivar:brs_pitanga|phaseolus_vulgaris,region:go,PRODUCED_IN,,0.03,0.1,1.0,1.0
cultivar:brs_pontal|phaseolus_vulgaris,species:phaseolus_vulgaris,OF_SPECIES,,,,,
cultivar:brs_pontal|phaseolus_vulgaris,region:pe,PRODUCED_IN,,2.0,2.0,1.0,1.0
cultivar:brs_radiante|phaseolus_vulgaris,species:phaseolus_vulgaris,OF_SPECIES,,,,,
cultivar:brs_radiante|phaseolus_vulgaris,region:mg,PRODUCED_IN,,7.0,17.0,2.0,1.0
cultivar:brs_radiante|phaseolus_vulgaris,region:pe,PRODUCED_IN,,2.0,2.6,2.0,2.0
cultivar:brs_radiante|phaseolus_vulgaris,region:pr,PRODUCED_IN,,364.4,874.4,18.0,6.0
cultivar:brs_requinte|phaseolus_vulgaris,species:phaseolus_vulgaris,OF_SPECIES,,,,,
cultivar:brs_requinte|phaseolus_vulgaris,region:ba,PRODUCED_IN,,180.0,648.0,2.0,2.0
cultivar:brs_requinte|phaseolus_vulgaris,region:mt,PRODUCED_IN,,11.0,33.0,1.0,1.0
cultivar:brs_requinte|phaseolus_vulgaris,region:pe,PRODUCED_IN,,1.0,1.0,1.0,1.0
cultivar:brs_requinte|phaseolus_vulgaris,region:sp,PRODUCED_IN,,30.0,106.0,1.0,1.0
cultivar:brs_sublime|phaseolus_vulgaris,species:phaseolus_vulgaris,OF_SPECIES,,,,,
cultivar:brs_sublime|phaseolus_vulgaris,region:df,PRODUCED_IN,,10.0,30.0,1.0,1.0
cultivar:brs_sublime|phaseolus_vulgaris,region:go,PRODUCED_IN,,222.0,760.0,3.0,3.0
cultivar:brs_sublime|phaseolus_vulgaris,region:mg,PRODUCED_IN,,0.7,1.6,1.0,1.0
cultivar:brs_sublime|phaseolus_vulgaris,region:pr,PRODUCED_IN,,4.0,10.0,1.0,1.0
cultivar:brs_artico|phaseolus_vulgaris,species:phaseolus_vulgaris,OF_SPECIES,,,,,
cultivar:brs_artico|phaseolus_vulgaris,region:ba,PRODUCED_IN,,0.5,1.5,1.0,1.0
cultivar:brs_artico|phaseolus_vulgaris,region:df,PRODUCED_IN,,3.7,7.4,2.0,1.0
cultivar:brs_artico|phaseolus_vulgaris,region:go,PRODUCED_IN,,16.0,45.0,3.0,3.0
cultivar:brs_artico|phaseolus_vulgaris,region:mt,PRODUCED_IN,,12.01,24.02,2.0,1.0
cultivar:brs_artico|phaseolus_vulgaris,region:pr,PRODUCED_IN,,2.7,7.0,3.0,2.0
cultivar:brsgo_fc421|phaseolus_vulgaris,species:phaseolus_vulgaris,OF_SPECIES,,,,,
cultivar:brsgo_fc421|phaseolus_vulgaris,region:go,PRODUCED_IN,,6.02,4.56,3.0,1.0
cultivar:brsmg_amuleto|phaseolus_vulgaris,species:phaseolus_vulgaris,OF_SPECIES,,,,,
cultivar:brsmg_amuleto|phaseolus_vulgaris,region:go,PRODUCED_IN,,0.7,2.1,1.0,1.0
cultivar:brsmg_madreparola|phaseolus_vulgaris,species:phaseolus_vulgaris,OF_SPECIES,,,,,
cultivar:brsmg_madreparola|phaseolus_vulgaris,region:ba,PRODUCED_IN,,60.0,216.0,1.0,1.0
cultivar:brsmg_madreparola|phaseolus_vulgaris,region:go,PRODUCED_IN,,1060.96,3698.26,21.0,7.0
cultivar:brsmg_madreparola|phaseolus_vulgaris,region:mg,PRODUCED_IN,,463.33,1613.69,23.0,12.0
cultivar:brsmg_madreparola|phaseolus_vulgaris,region:mt,PRODUCED_IN,,219.0,524.0,3.0,2.0
cultivar:brsmg_madreparola|phaseolus_vulgaris,region:pr,PRODUCED_IN,,154.0,380.0,5.0,4.0
cultivar:brsmg_madreparola|phaseolus_vulgaris,region:sc,PRODUCED_IN,,28.0,85.0,1.0,1.0
cultivar:brsmg_majestoso|phaseolus_vulgaris,species:phaseolus_vulgaris,OF_SPECIES,,,,,
cultivar:brsmg_majestoso|phaseolus_vulgaris,region:mg,PRODUCED_IN,,9.19,19.64,9.0,7.0
cultivar:brsmg_marte|phaseolus_vulgaris,species:phaseolus_vulgaris,OF_SPECIES,,,,,
cultivar:brsmg_marte|phaseolus_vulgaris,region:mg,PRODUCED_IN,,223.05,597.0,31.0,6.0
cultivar:brsmg_realce|phaseolus_vulgaris,species:phaseolus_vulgaris,OF_SPECIES,,,,,
cultivar:brsmg_realce|phaseolus_vulgaris,region:ba,PRODUCED_IN,,22.0,52.8,1.0,1.0
cultivar:brsmg_realce|phaseolus_vulgaris,region:df,PRODUCED_IN,,8.2,19.7,2.0,1.0
cultivar:brsmg_realce|phaseolus_vulgaris,region:go,PRODUCED_IN,,711.18,2396.39,31.0,11.0
cultivar:brsmg_realce|phaseolus_vulgaris,region:mg,PRODUCED_IN,,1545.18,5192.9,48.0,12.0
cultivar:brsmg_realce|phaseolus_vulgaris,region:mt,PRODUCED_IN,,148.0,434.0,2.0,2.0
cultivar:brsmg_realce|phaseolus_vulgaris,region:pr,PRODUCED_IN,,1206.09,2983.77,56.0,14.0
cultivar:brsmg_realce|phaseolus_vulgaris,region:sc,PRODUCED_IN,,160.0,510.0,7.0,4.0
cultivar:brsmg_realce|phaseolus_vulgaris,region:sp,PRODUCED_IN,,5.0,10.0,1.0,1.0
cultivar:brsmg_tesouro|phaseolus_vulgaris,species:phaseolus_vulgaris,OF_SPECIES,,,,,
cultivar:brsmg_tesouro|phaseolus_vulgaris,region:mg,PRODUCED_IN,,1.95,2.95,4.0,4.0
cultivar:brsmg_uai|phaseolus_vulgaris,species:phaseolus_vulgaris,OF_SPECIES,,,,,
cultivar:brsmg_uai|phaseolus_vulgaris,region:go,PRODUCED_IN,,9.87,25.8,6.0,5.0
cultivar:brsmg_uniao|phaseolus_vulgaris,species:phaseolus_vulgaris,OF_SPECIES,,,,,
cultivar:brsmg_uniao|phaseolus_vulgaris,region:mg,PRODUCED_IN,,0.2,0.2,1.0,1.0
cultivar:belo|phaseolus_vulgaris,species:phaseolus_vulgaris,OF_SPECIES,,,,,
cultivar:belo|phaseolus_vulgaris,region:rs,PRODUCED_IN,,0.6,0.8,3.0,3.0
cultivar:celta|phaseolus_vulgaris,species:phaseolus_vulgaris,OF_SPECIES,,,,,
cultivar:celta|phaseolus_vulgaris,region:go,PRODUCED_IN,,19.2,23.05,6.0,5.0
cultivar:celta|phaseolus_vulgaris,region:mg,PRODUCED_IN,,4.0,4.8,2.0,1.0
cultivar:cnfc_15038|phaseolus_vulgaris,species:phaseolus_vulgaris,OF_SPECIES,,,,,
cultivar:cnfc_15038|phaseolus_vulgaris,region:go,PRODUCED_IN,,0.4,1.2,2.0,2.0
cultivar:cnfc_16564|phaseolus_vulgaris,species:phaseolus_vulgaris,OF_SPECIES,,,,,
cultivar:cnfc_16564|phaseolus_vulgaris,region:go,PRODUCED_IN,,0.5,1.5,1.0,1.0
cultivar:cnfc_16567|phaseolus_vulgaris,species:phaseolus_vulgaris,OF_SPECIES,,,,,
cultivar:cnfc_16567|phaseolus_vulgaris,region:go,PRODUCED_IN,,3.15,4.5,3.0,1.0
cultivar:cnfc_16567|phaseolus_vulgaris,region:mg,PRODUCED_IN,,1.9,4.0,1.0,1.0
cultivar:cnfc_16567|phaseolus_vulgaris,region:pr,PRODUCED_IN,,1.04,3.12,2.0,2.0
cultivar:cnfc_16709|phaseolus_vulgaris,species:phaseolus_vulgaris,OF_SPECIES,,,,,
cultivar:cnfc_16709|phaseolus_vulgaris,region:go,PRODUCED_IN,,0.5,1.5,1.0,1.0
cultivar:cnfc_16876|phaseolus_vulgaris,species:phaseolus_vulgaris,OF_SPECIES,,,,,
cultivar:cnfc_16876|phaseolus_vulgaris,region:go,PRODUCED_IN,,0.5,1.5,1.0,1.0
cultivar:cnfc_16902|phaseolus_vulgaris,species:phaseolus_vulgaris,OF_SPECIES,,,,,
cultivar:cnfc_16902|phaseolus_vulgaris,region:go,PRODUCED_IN,,1.0,2.0,1.0,1.0
cultivar:cnfc_16902|phaseolus_vulgaris,region:mg,PRODUCED_IN,,2.2,5.0,1.0,1.0
cultivar:cnfc_16902|phaseolus_vulgaris,region:pr,PRODUCED_IN,,0.71,2.13,1.0,1.0
cultivar:cnfc15853|phaseolus_vulgaris,species:phaseolus_vulgaris,OF_SPECIES,,,,,
cultivar:cnfc15853|phaseolus_vulgaris,region:go,PRODUCED_IN,,0.5,1.5,1.0,1.0
cultivar:cnfp_16380|phaseolus_vulgaris,species:phaseolus_vulgaris,OF_SPECIES,,,,,
cultivar:cnfp_16380|phaseolus_vulgaris,region:go,PRODUCED_IN,,1.0,3.0,2.0,1.0
cultivar:carioca_precoce|phaseolus_vulgaris,species:phaseolus_vulgaris,OF_SPECIES,,,,,
cultivar:carioca_precoce|phaseolus_vulgaris,region:go,PRODUCED_IN,,1384.0,4000.0,25.0,14.0
cultivar:carioca_precoce|phaseolus_vulgaris,region:sp,PRODUCED_IN,,375.0,1008.0,9.0,7.0
cultivar:conquista|phaseolus_vulgaris,species:phaseolus_vulgaris,OF_SPECIES,,,,,
cultivar:conquista|phaseolus_vulgaris,region:mg,PRODUCED_IN,,12.45,12.9,9.0,8.0
cultivar:conquista|phaseolus_vulgaris,region:sp,PRODUCED_IN,,1.05,1.05,3.0,2.0
cultivar:de_metro_slin|phaseolus_vulgaris,species:phaseolus_vulgaris,OF_SPECIES,,,,,
cultivar:de_metro_slin|phaseolus_vulgaris,region:mg,PRODUCED_IN,,0.6,0.39,2.0,1.0
cultivar:de_metro_slin|phaseolus_vulgaris,region:rs,PRODUCED_IN,,1.8,0.84,3.0,3.0
cultivar:dynamo|phaseolus_vulgaris,species:phaseolus_vulgaris,OF_SPECIES,,,,,
cultivar:dynamo|phaseolus_vulgaris,region:mg,PRODUCED_IN,,19.0,23.58,11.0,6.0
cultivar:dynamo|phaseolus_vulgaris,region:rs,PRODUCED_IN,,3.0,2.4,2.0,2.0
cultivar:estilo_brs|phaseolus_vulgaris,species:phaseolus_vulgaris,OF_SPECIES,,,,,
cultivar:estilo_brs|phaseolus_vulgaris,region:mg,PRODUCED_IN,,5.95,21.42,1.0,1.0
cultivar:fb_022|phaseolus_vulgaris,species:phaseolus_vulgaris,OF_SPECIES,,,,,
cultivar:fb_022|phaseolus_vulgaris,region:rs,PRODUCED_IN,,0.1,0.15,1.0,1.0
cultivar:fepagro_26|phaseolus_vulgaris,species:phaseolus_vulgaris,OF_SPECIES,,,,,
cultivar:fepagro_26|phaseolus_vulgaris,region:rs,PRODUCED_IN,,8.21,8.21,6.0,4.0
cultivar:fepagro_garapia|phaseolus_vulgaris,species:phaseolus_vulgaris,OF_SPECIES,,,,,
cultivar:fepagro_garapia|phaseolus_vulgaris,region:rs,PRODUCED_IN,,5.4,5.4,7.0,6.0
cultivar:fepagro_triunfo|phaseolus_vulgaris,species:phaseolus_vulgaris,OF_SPECIES,,,,,
cultivar:fepagro_triunfo|phaseolus_vulgaris,region:rs,PRODUCED_IN,,74.65,150.3,20.0,11.0
cultivar:fts_41|phaseolus_vulgaris,species:phaseolus_vulgaris,OF_SPECIES,,,,,
cultivar:fts_41|phaseolus_vulgaris,region:pi,PRODUCED_IN,,5.0,10.0,1.0,1.0
cultivar:fts_41|phaseolus_vulgaris,region:pr,PRODUCED_IN,,12.05,34.14,5.0,4.0
cultivar:fts_41|phaseolus_vulgaris,region:rs,PRODUCED_IN,,22.0,66.0,2.0,1.0
cultivar:fts_41|phaseolus_vulgaris,region:sp,PRODUCED_IN,,145.0,426.0,3.0,3.0
cultivar:fts_65|phaseolus_vulgaris,species:phaseolus_vulgaris,OF_SPECIES,,,,,
cultivar:fts_65|phaseolus_vulgaris,region:pr,PRODUCED_IN,,0.83,2.3,3.0,3.0
cultivar:fts_65|phaseolus_vulgaris,region:sp,PRODUCED_IN,,30.0,75.0,1.0,1.0
cultivar:fts_soberano|phaseolus_vulgaris,species:phaseolus_vulgaris,OF_SPECIES,,,,,
cultivar:fts_soberano|phaseolus_vulgaris,region:sp,PRODUCED_IN,,8.0,20.0,1.0,1.0
cultivar:fv_01|phaseolus_vulgaris,species:phaseolus_vulgaris,OF_SPECIES,,,,,
cultivar:fv_01|phaseolus_vulgaris,region:rs,PRODUCED_IN,,2.6,3.8,5.0,4.0
cultivar:fv_02|phaseolus_vulgaris,species:phaseolus_vulgaris,OF_SPECIES,,,,,
cultivar:fv_02|phaseolus_vulgaris,region:rs,PRODUCED_IN,,2.6,3.8,4.0,4.0
cultivar:gisele|phaseolus_vulgaris,species:phaseolus_vulgaris,OF_SPECIES,,,,,
cultivar:gisele|phaseolus_vulgaris,region:ba,PRODUCED_IN,,1.0,2.0,1.0,1.0
cultivar:gisele|phaseolus_vulgaris,region:go,PRODUCED_IN,,9.7,11.1,4.0,3.0
cultivar:gisele|phaseolus_vulgaris,region:mg,PRODUCED_IN,,8.0,12.0,2.0,2.0
cultivar:gisele|phaseolus_vulgaris,region:pr,PRODUCED_IN,,5.0,6.2,1.0,1.0
cultivar:grazi|phaseolus_vulgaris,species:phaseolus_vulgaris,OF_SPECIES,,,,,
cultivar:grazi|phaseolus_vulgaris,region:go,PRODUCED_IN,,64.5,90.2,6.0,5.0
cultivar:grazi|phaseolus_vulgaris,region:mg,PRODUCED_IN,,149.5,303.0,10.0,7.0
cultivar:grazi|phaseolus_vulgaris,region:rs,PRODUCED_IN,,3.0,2.5,1.0,1.0
cultivar:ht_30|phaseolus_vulgaris,species:phaseolus_vulgaris,OF_SPECIES,,,,,
cultivar:ht_30|phaseolus_vulgaris,region:mg,PRODUCED_IN,,17.75,20.38,14.0,9.0
cultivar:ht_30|phaseolus_vulgaris,region:sp,PRODUCED_IN,,3.6,3.4,5.0,4.0
cultivar:iac_1849_polaco|phaseolus_vulgaris,species:phaseolus_vulgaris,OF_SPECIES,,,,,
cultivar:iac_1849_polaco|phaseolus_vulgaris,region:df,PRODUCED_IN,,31.0,120.9,1.0,1.0
cultivar:iac_1849_polaco|phaseolus_vulgaris,region:go,PRODUCED_IN,,2282.94,8267.0,56.0,12.0
cultivar:iac_1849_polaco|phaseolus_vulgaris,region:mg,PRODUCED_IN,,923.6,99894.1,41.0,10.0
cultivar:iac_1849_polaco|phaseolus_vulgaris,region:mt,PRODUCED_IN,,33.52,141.0,2.0,1.0
cultivar:iac_1849_polaco|phaseolus_vulgaris,region:pr,PRODUCED_IN,,1497.5,4289.25,66.0,12.0
cultivar:iac_1849_polaco|phaseolus_vulgaris,region:rs,PRODUCED_IN,,45.0,114.0,2.0,2.0
cultivar:iac_1849_polaco|phaseolus_vulgaris,region:sc,PRODUCED_IN,,725.9,2186.4,24.0,10.0
cultivar:iac_1849_polaco|phaseolus_vulgaris,region:sp,PRODUCED_IN,,58.8,127.6,6.0,5.0
cultivar:iac_1850|phaseolus_vulgaris,species:phaseolus_vulgaris,OF_SPECIES,,,,,
cultivar:iac_1850|phaseolus_vulgaris,region:df,PRODUCED_IN,,16.0,67.0,1.0,1.0
cultivar:iac_1850|phaseolus_vulgaris,region:go,PRODUCED_IN,,2432.48,9367.9,48.0,10.0
cultivar:iac_1850|phaseolus_vulgaris,region:mg,PRODUCED_IN,,3293.56,47095.63,95.0,14.0
cultivar:iac_1850|phaseolus_vulgaris,region:ms,PRODUCED_IN,,14.5,50.7,1.0,1.0
cultivar:iac_1850|phaseolus_vulgaris,region:pr,PRODUCED_IN,,1048.3,3029.25,48.0,9.0
cultivar:iac_1850|phaseolus_vulgaris,region:rs,PRODUCED_IN,,314.0,1319.0,4.0,1.0
cultivar:iac_1850|phaseolus_vulgaris,region:sc,PRODUCED_IN,,650.0,2394.0,15.0,9.0
cultivar:iac_1850|phaseolus_vulgaris,region:sp,PRODUCED_IN,,175.4,486.55,12.0,8.0
cultivar:iac_2051|phaseolus_vulgaris,species:phaseolus_vulgaris,OF_SPECIES,,,,,
cultivar:iac_2051|phaseolus_vulgaris,region:df,PRODUCED_IN,,25.0,105.0,1.0,1.0
cultivar:iac_2051|phaseolus_vulgaris,region:go,PRODUCED_IN,,6479.79,23925.0,117.0,11.0
cultivar:iac_2051|phaseolus_vulgaris,region:mg,PRODUCED_IN,,2802.93,9096.25,86.0,12.0
cultivar:iac_2051|phaseolus_vulgaris,region:ms,PRODUCED_IN,,25.0,90.0,1.0,1.0
cultivar:iac_2051|phaseolus_vulgaris,region:mt,PRODUCED_IN,,586.53,2285.0,9.0,2.0
cultivar:iac_2051|phaseolus_vulgaris,region:pr,PRODUCED_IN,,984.0,2963.6,35.0,9.0
cultivar:iac_2051|phaseolus_vulgaris,region:rs,PRODUCED_IN,,155.0,626.0,3.0,2.0
cultivar:iac_2051|phaseolus_vulgaris,region:sc,PRODUCED_IN,,197.9,718.09,12.0,6.0
cultivar:iac_2051|phaseolus_vulgaris,region:sp,PRODUCED_IN,,208.3,605.5,13.0,7.0
cultivar:iac_2152|phaseolus_vulgaris,species:phaseolus_vulgaris,OF_SPECIES,,,,,
cultivar:iac_2152|phaseolus_vulgaris,region:mg,PRODUCED_IN,,1.92,7.0,1.0,1.0
cultivar:iac_2152|phaseolus_vulgaris,region:sp,PRODUCED_IN,,0.8,1.6,1.0,1.0
cultivar:iac_2153|phaseolus_vulgaris,species:phaseolus_vulgaris,OF_SPECIES,,,,,
cultivar:iac_2153|phaseolus_vulgaris,region:go,PRODUCED_IN,,28.0,71.0,2.0,2.0
cultivar:iac_2153|phaseolus_vulgaris,region:mg,PRODUCED_IN,,174.0,39018.5,11.0,7.0
cultivar:iac_2153|phaseolus_vulgaris,region:ms,PRODUCED_IN,,5.82,30.0,1.0,1.0
cultivar:iac_2153|phaseolus_vulgaris,region:mt,PRODUCED_IN,,239.35,743.0,6.0,3.0
cultivar:iac_2153|phaseolus_vulgaris,region:pr,PRODUCED_IN,,252.51,800.5,13.0,7.0
cultivar:iac_2153|phaseolus_vulgaris,region:sp,PRODUCED_IN,,12.0,36.0,4.0,3.0
cultivar:iac_2154|phaseolus_vulgaris,species:phaseolus_vulgaris,OF_SPECIES,,,,,
cultivar:iac_2154|phaseolus_vulgaris,region:mg,PRODUCED_IN,,1.4,5.5,1.0,1.0
cultivar:iac_2154|phaseolus_vulgaris,region:ms,PRODUCED_IN,,16.51,70.0,1.0,1.0
cultivar:iac_2154|phaseolus_vulgaris,region:mt,PRODUCED_IN,,45.0,81.0,2.0,1.0
cultivar:iac_2154|phaseolus_vulgaris,region:pr,PRODUCED_IN,,45.0,135.0,2.0,1.0
cultivar:iac_2154|phaseolus_vulgaris,region:sp,PRODUCED_IN,,8.0,16.0,2.0,1.0
cultivar:iac_2155|phaseolus_vulgaris,species:phaseolus_vulgaris,OF_SPECIES,,,,,
cultivar:iac_2155|phaseolus_vulgaris,region:go,PRODUCED_IN,,20.0,84.0,2.0,2.0
cultivar:iac_2155|phaseolus_vulgaris,region:mg,PRODUCED_IN,,3.9,12.5,3.0,3.0
cultivar:iac_2155|phaseolus_vulgaris,region:sc,PRODUCED_IN,,24.0,100.0,2.0,1.0
cultivar:iac_2155|phaseolus_vulgaris,region:sp,PRODUCED_IN,,12.4,24.8,6.0,4.0
cultivar:iac_2156|phaseolus_vulgaris,species:phaseolus_vulgaris,OF_SPECIES,,,,,
cultivar:iac_2156|phaseolus_vulgaris,region:go,PRODUCED_IN,,296.0,905.4,7.0,3.0
cultivar:iac_2156|phaseolus_vulgaris,region:mg,PRODUCED_IN,,202.85,581.0,10.0,4.0
cultivar:iac_2156|phaseolus_vulgaris,region:mt,PRODUCED_IN,,21.92,70.0,1.0,1.0
cultivar:iac_2156|phaseolus_vulgaris,region:sc,PRODUCED_IN,,68.0,196.8,3.0,2.0
cultivar:iac_2156|phaseolus_vulgaris,region:sp,PRODUCED_IN,,18.0,36.0,5.0,4.0
cultivar:iac_2157|phaseolus_vulgaris,species:phaseolus_vulgaris,OF_SPECIES,,,,,
cultivar:iac_2157|phaseolus_vulgaris,region:mt,PRODUCED_IN,,546.0,1628.0,6.0,3.0
cultivar:iac_2157|phaseolus_vulgaris,region:sp,PRODUCED_IN,,21.2,12030.4,6.0,5.0
cultivar:iac_2358_unamax|phaseolus_vulgaris,species:phaseolus_vulgaris,OF_SPECIES,,,,,
cultivar:iac_2358_unamax|phaseolus_vulgaris,region:go,PRODUCED_IN,,1285.0,5201.0,30.0,5.0
cultivar:iac_2358_unamax|phaseolus_vulgaris,region:mg,PRODUCED_IN,,256.9,753.5,10.0,3.0
cultivar:iac_2358_unamax|phaseolus_vulgaris,region:mt,PRODUCED_IN,,76.72,304.0,2.0,1.0
cultivar:iac_2358_unamax|phaseolus_vulgaris,region:pr,PRODUCED_IN,,1364.1,4336.5,49.0,6.0
cultivar:iac_2358_unamax|phaseolus_vulgaris,region:rs,PRODUCED_IN,,124.0,367.0,7.0,5.0
cultivar:iac_2358_unamax|phaseolus_vulgaris,region:sc,PRODUCED_IN,,979.5,3509.6,44.0,7.0
cultivar:iac_2358_unamax|phaseolus_vulgaris,region:sp,PRODUCED_IN,,86.0,185.3,8.0,5.0
cultivar:iac_2459_navy|phaseolus_vulgaris,species:phaseolus_vulgaris,OF_SPECIES,,,,,
cultivar:iac_2459_navy|phaseolus_vulgaris,region:go,PRODUCED_IN,,24.0,76.0,1.0,1.0
cultivar:iac_2459_navy|phaseolus_vulgaris,region:sp,PRODUCED_IN,,8.2,16.4,2.0,2.0
cultivar:iac_2560_nelore|phaseolus_vulgaris,species:phaseolus_vulgaris,OF_SPECIES,,,,,
cultivar:iac_2560_nelore|phaseolus_vulgaris,region:df,PRODUCED_IN,,32.5,107.25,2.0,1.0
cultivar:iac_2560_nelore|phaseolus_vulgaris,region:go,PRODUCED_IN,,1049.5,3330.76,26.0,3.0
cultivar:iac_2560_nelore|phaseolus_vulgaris,region:mg,PRODUCED_IN,,479.5,1620.34,19.0,3.0
cultivar:iac_2560_nelore|phaseolus_vulgaris,region:pr,PRODUCED_IN,,925.94,2638.7,35.0,3.0
cultivar:iac_2560_nelore|phaseolus_vulgaris,region:sc,PRODUCED_IN,,120.5,458.0,4.0,2.0
cultivar:iac_2560_nelore|phaseolus_vulgaris,region:sp,PRODUCED_IN,,117.5,306.6,8.0,5.0
cultivar:iac_2561_tiger|phaseolus_vulgaris,species:phaseolus_vulgaris,OF_SPECIES,,,,,
cultivar:iac_2561_tiger|phaseolus_vulgaris,region:sp,PRODUCED_IN,,5.4,10.8,2.0,2.0
cultivar:iac_alvorada|phaseolus_vulgaris,species:phaseolus_vulgaris,OF_SPECIES,,,,,
cultivar:iac_alvorada|phaseolus_vulgaris,region:mg,PRODUCED_IN,,73.0,258.0,2.0,2.0
cultivar:iac_alvorada|phaseolus_vulgaris,region:pb,PRODUCED_IN,,105.0,260.0,1.0,1.0
cultivar:iac_alvorada|phaseolus_vulgaris,region:pr,PRODUCED_IN,,249.2,680.5,7.0,5.0
cultivar:iac_alvorada|phaseolus_vulgaris,region:rn,PRODUCED_IN,,50.0,150.0,1.0,1.0
cultivar:iac_alvorada|phaseolus_vulgaris,region:sc,PRODUCED_IN,,100.0,300.0,1.0,1.0
cultivar:iac_boreal|phaseolus_vulgaris,species:phaseolus_vulgaris,OF_SPECIES,,,,,
cultivar:iac_boreal|phaseolus_vulgaris,region:pr,PRODUCED_IN,,7.0,18.76,1.0,1.0
cultivar:iac_boreal|phaseolus_vulgaris,region:sp,PRODUCED_IN,,0.1,0.2,1.0,1.0
cultivar:iac_esperanaa|phaseolus_vulgaris,species:phaseolus_vulgaris,OF_SPECIES,,,,,
cultivar:iac_esperanaa|phaseolus_vulgaris,region:mg,PRODUCED_IN,,64.7,186.3,5.0,4.0
cultivar:iac_esperanaa|phaseolus_vulgaris,region:sp,PRODUCED_IN,,9.39,28.0,5.0,5.0
cultivar:iac_formoso|phaseolus_vulgaris,species:phaseolus_vulgaris,OF_SPECIES,,,,,
cultivar:iac_formoso|phaseolus_vulgaris,region:go,PRODUCED_IN,,600.0,1890.0,13.0,3.0
cultivar:iac_formoso|phaseolus_vulgaris,region:mg,PRODUCED_IN,,75.6,256.1,2.0,2.0
cultivar:iac_formoso|phaseolus_vulgaris,region:rs,PRODUCED_IN,,14.0,28.0,1.0,1.0
cultivar:iac_formoso|phaseolus_vulgaris,region:sc,PRODUCED_IN,,176.0,443.6,10.0,3.0
cultivar:iac_galante|phaseolus_vulgaris,species:phaseolus_vulgaris,OF_SPECIES,,,,,
cultivar:iac_galante|phaseolus_vulgaris,region:mg,PRODUCED_IN,,43.2,156.0,4.0,3.0
cultivar:iac_galante|phaseolus_vulgaris,region:sp,PRODUCED_IN,,0.1,0.2,1.0,1.0
cultivar:iac_harmonia|phaseolus_vulgaris,species:phaseolus_vulgaris,OF_SPECIES,,,,,
cultivar:iac_harmonia|phaseolus_vulgaris,region:go,PRODUCED_IN,,4.3,12.9,1.0,1.0
cultivar:iac_harmonia|phaseolus_vulgaris,region:mg,PRODUCED_IN,,121.9,337.3,7.0,4.0
cultivar:iac_harmonia|phaseolus_vulgaris,region:mt,PRODUCED_IN,,90.0,270.0,2.0,1.0
cultivar:iac_harmonia|phaseolus_vulgaris,region:pr,PRODUCED_IN,,34.0,63.0,4.0,4.0
cultivar:iac_harmonia|phaseolus_vulgaris,region:sp,PRODUCED_IN,,4.9,9.8,1.0,1.0
cultivar:iac_imperador|phaseolus_vulgaris,species:phaseolus_vulgaris,OF_SPECIES,,,,,
cultivar:iac_imperador|phaseolus_vulgaris,region:df,PRODUCED_IN,,2.5,9.0,1.0,1.0
cultivar:iac_imperador|phaseolus_vulgaris,region:go,PRODUCED_IN,,3770.3,12745.5,71.0,14.0
cultivar:iac_imperador|phaseolus_vulgaris,region:mg,PRODUCED_IN,,2015.3,6825.04,55.0,19.0
cultivar:iac_imperador|phaseolus_vulgaris,region:ms,PRODUCED_IN,,40.0,88.0,1.0,1.0
cultivar:iac_imperador|phaseolus_vulgaris,region:mt,PRODUCED_IN,,135.0,324.0,2.0,1.0
cultivar:iac_imperador|phaseolus_vulgaris,region:pb,PRODUCED_IN,,80.0,200.0,1.0,1.0
cultivar:iac_imperador|phaseolus_vulgaris,region:pr,PRODUCED_IN,,1573.06,4211.4,84.0,10.0
cultivar:iac_imperador|phaseolus_vulgaris,region:rs,PRODUCED_IN,,35.0,104.0,2.0,2.0
cultivar:iac_imperador|phaseolus_vulgaris,region:sc,PRODUCED_IN,,542.0,1579.5,19.0,6.0
cultivar:iac_imperador|phaseolus_vulgaris,region:sp,PRODUCED_IN,,134.86,452.84,9.0,7.0
cultivar:iac_milaanio|phaseolus_vulgaris,species:phaseolus_vulgaris,OF_SPECIES,,,,,
cultivar:iac_milaanio|phaseolus_vulgaris,region:ba,PRODUCED_IN,,60.0,198.0,1.0,1.0
cultivar:iac_milaanio|phaseolus_vulgaris,region:go,PRODUCED_IN,,2926.08,9326.92,37.0,8.0
cultivar:iac_milaanio|phaseolus_vulgaris,region:mg,PRODUCED_IN,,1431.59,4843.7,34.0,10.0
cultivar:iac_milaanio|phaseolus_vulgaris,region:mt,PRODUCED_IN,,147.0,398.0,2.0,2.0
cultivar:iac_milaanio|phaseolus_vulgaris,region:pr,PRODUCED_IN,,2673.1,7134.8,115.0,10.0
cultivar:iac_milaanio|phaseolus_vulgaris,region:sc,PRODUCED_IN,,388.0,72986.5,10.0,5.0
cultivar:iac_milaanio|phaseolus_vulgaris,region:sp,PRODUCED_IN,,25.0,82.5,2.0,2.0
cultivar:iac_netuno|phaseolus_vulgaris,species:phaseolus_vulgaris,OF_SPECIES,,,,,
cultivar:iac_netuno|phaseolus_vulgaris,region:ba,PRODUCED_IN,,47.0,169.0,1.0,1.0
cultivar:iac_netuno|phaseolus_vulgaris,region:go,PRODUCED_IN,,429.92,1546.0,9.0,4.0
cultivar:iac_netuno|phaseolus_vulgaris,region:mg,PRODUCED_IN,,257.77,939.5,10.0,5.0
cultivar:iac_netuno|phaseolus_vulgaris,region:pr,PRODUCED_IN,,721.3,2245.0,30.0,12.0
cultivar:iac_netuno|phaseolus_vulgaris,region:rs,PRODUCED_IN,,45.0,113.0,3.0,3.0
cultivar:iac_netuno|phaseolus_vulgaris,region:sc,PRODUCED_IN,,76.5,251.0,4.0,3.0
cultivar:iac_netuno|phaseolus_vulgaris,region:sp,PRODUCED_IN,,16.7,37.0,3.0,3.0
cultivar:iac_nuance|phaseolus_vulgaris,species:phaseolus_vulgaris,OF_SPECIES,,,,,
cultivar:iac_nuance|phaseolus_vulgaris,region:go,PRODUCED_IN,,415.71,1472.0,11.0,3.0
cultivar:iac_nuance|phaseolus_vulgaris,region:mg,PRODUCED_IN,,178.1,632.9,5.0,5.0
cultivar:iac_nuance|phaseolus_vulgaris,region:mt,PRODUCED_IN,,55.0,165.0,1.0,1.0
cultivar:iac_nuance|phaseolus_vulgaris,region:pr,PRODUCED_IN,,182.2,417.0,8.0,4.0
cultivar:iac_nuance|phaseolus_vulgaris,region:sc,PRODUCED_IN,,31.0,109.9,3.0,2.0
cultivar:iac_sintonia|phaseolus_vulgaris,species:phaseolus_vulgaris,OF_SPECIES,,,,,
cultivar:iac_sintonia|phaseolus_vulgaris,region:df,PRODUCED_IN,,48.0,96.0,2.0,1.0
cultivar:iac_sintonia|phaseolus_vulgaris,region:go,PRODUCED_IN,,1811.14,6107.0,43.0,7.0
cultivar:iac_sintonia|phaseolus_vulgaris,region:mg,PRODUCED_IN,,106.09,329.0,5.0,4.0
cultivar:iac_sintonia|phaseolus_vulgaris,region:pr,PRODUCED_IN,,72.0,229.0,4.0,4.0
cultivar:iac_sintonia|phaseolus_vulgaris,region:sp,PRODUCED_IN,,84.8,177.0,7.0,6.0
cultivar:iac_veloz|phaseolus_vulgaris,species:phaseolus_vulgaris,OF_SPECIES,,,,,
cultivar:iac_veloz|phaseolus_vulgaris,region:go,PRODUCED_IN,,784.15,2924.3,23.0,8.0
cultivar:iac_veloz|phaseolus_vulgaris,region:mg,PRODUCED_IN,,708.93,2611.5,19.0,7.0
cultivar:iac_veloz|phaseolus_vulgaris,region:ms,PRODUCED_IN,,20.0,60.0,1.0,1.0
cultivar:iac_veloz|phaseolus_vulgaris,region:pr,PRODUCED_IN,,2409.2,6418.35,96.0,15.0
cultivar:iac_veloz|phaseolus_vulgaris,region:rs,PRODUCED_IN,,106.0,350.2,7.0,6.0
cultivar:iac_veloz|phaseolus_vulgaris,region:sc,PRODUCED_IN,,1974.02,6345.9,81.0,14.0
cultivar:iac_veloz|phaseolus_vulgaris,region:sp,PRODUCED_IN,,27.8,46.8,7.0,5.0
cultivar:ipr_139|phaseolus_vulgaris,species:phaseolus_vulgaris,OF_SPECIES,,,,,
cultivar:ipr_139|phaseolus_vulgaris,region:ms,PRODUCED_IN,,40.0,72.0,1.0,1.0
cultivar:ipr_139|phaseolus_vulgaris,region:rs,PRODUCED_IN,,26.0,52.0,2.0,1.0
cultivar:ipr_139|phaseolus_vulgaris,region:sc,PRODUCED_IN,,98.0,294.0,3.0,1.0
cultivar:ipr_139|phaseolus_vulgaris,region:sp,PRODUCED_IN,,280.8,882.81,5.0,1.0
cultivar:ipr_andorinha|phaseolus_vulgaris,species:phaseolus_vulgaris,OF_SPECIES,,,,,
cultivar:ipr_andorinha|phaseolus_vulgaris,region:go,PRODUCED_IN,,7.5,27.0,1.0,1.0
cultivar:ipr_andorinha|phaseolus_vulgaris,region:mg,PRODUCED_IN,,16.0,57.6,1.0,1.0
cultivar:ipr_andorinha|phaseolus_vulgaris,region:pr,PRODUCED_IN,,241.92,632.78,21.0,6.0
cultivar:ipr_andorinha|phaseolus_vulgaris,region:rs,PRODUCED_IN,,15.0,30.0,1.0,1.0
cultivar:ipr_andorinha|phaseolus_vulgaris,region:sc,PRODUCED_IN,,139.1,340.5,7.0,5.0
cultivar:ipr_bem_te_vi|phaseolus_vulgaris,species:phaseolus_vulgaris,OF_SPECIES,,,,,
cultivar:ipr_bem_te_vi|phaseolus_vulgaris,region:pr,PRODUCED_IN,,301.6,1105.0,13.0,9.0
cultivar:ipr_celeiro|phaseolus_vulgaris,species:phaseolus_vulgaris,OF_SPECIES,,,,,
cultivar:ipr_celeiro|phaseolus_vulgaris,region:df,PRODUCED_IN,,112.5,303.75,6.0,3.0
cultivar:ipr_celeiro|phaseolus_vulgaris,region:go,PRODUCED_IN,,28.0,82.8,2.0,2.0
cultivar:ipr_celeiro|phaseolus_vulgaris,region:mg,PRODUCED_IN,,41.4,175.0,5.0,5.0
cultivar:ipr_celeiro|phaseolus_vulgaris,region:pr,PRODUCED_IN,,107.7,281.0,18.0,9.0
cultivar:ipr_celeiro|phaseolus_vulgaris,region:sc,PRODUCED_IN,,5.0,15.0,1.0,1.0
cultivar:ipr_celeiro|phaseolus_vulgaris,region:sp,PRODUCED_IN,,3.6,11.8,2.0,1.0
cultivar:ipr_curia|phaseolus_vulgaris,species:phaseolus_vulgaris,OF_SPECIES,,,,,
cultivar:ipr_curia|phaseolus_vulgaris,region:df,PRODUCED_IN,,137.0,347.4,6.0,5.0
cultivar:ipr_curia|phaseolus_vulgaris,region:go,PRODUCED_IN,,53.5,119.0,3.0,2.0
cultivar:ipr_curia|phaseolus_vulgaris,region:pr,PRODUCED_IN,,990.0,2514.95,63.0,20.0
cultivar:ipr_curia|phaseolus_vulgaris,region:rs,PRODUCED_IN,,260.0,685.0,5.0,3.0
cultivar:ipr_curia|phaseolus_vulgaris,region:sp,PRODUCED_IN,,15.0,60.0,1.0,1.0
cultivar:ipr_campos_gerais|phaseolus_vulgaris,species:phaseolus_vulgaris,OF_SPECIES,,,,,
cultivar:ipr_campos_gerais|phaseolus_vulgaris,region:df,PRODUCED_IN,,56.0,201.6,1.0,1.0
cultivar:ipr_campos_gerais|phaseolus_vulgaris,region:go,PRODUCED_IN,,9048.19,26516.48,144.0,18.0
cultivar:ipr_campos_gerais|phaseolus_vulgaris,region:mg,PRODUCED_IN,,2673.12,9551.1,56.0,19.0
cultivar:ipr_campos_gerais|phaseolus_vulgaris,region:ms,PRODUCED_IN,,20.0,50.0,1.0,1.0
cultivar:ipr_campos_gerais|phaseolus_vulgaris,region:mt,PRODUCED_IN,,858.0,2096.6,7.0,3.0
cultivar:ipr_campos_gerais|phaseolus_vulgaris,region:pr,PRODUCED_IN,,1579.1,4092.21,80.0,17.0
cultivar:ipr_campos_gerais|phaseolus_vulgaris,region:rs,PRODUCED_IN,,263.0,667.0,6.0,5.0
cultivar:ipr_campos_gerais|phaseolus_vulgaris,region:sc,PRODUCED_IN,,350.21,891.71,25.0,7.0
cultivar:ipr_campos_gerais|phaseolus_vulgaris,region:sp,PRODUCED_IN,,7818.52,21207.9,143.0,17.0
cultivar:ipr_cardeal|phaseolus_vulgaris,species:phaseolus_vulgaris,OF_SPECIES,,,,,
cultivar:ipr_cardeal|phaseolus_vulgaris,region:go,PRODUCED_IN,,56.6,184.8,2.0,1.0
cultivar:ipr_cardeal|phaseolus_vulgaris,region:mg,PRODUCED_IN,,106.0,351.0,3.0,2.0
cultivar:ipr_cardeal|phaseolus_vulgaris,region:mt,PRODUCED_IN,,90.21,320.0,2.0,2.0
cultivar:ipr_cardeal|phaseolus_vulgaris,region:pr,PRODUCED_IN,,183.17,490.2,18.0,5.0
cultivar:ipr_cardeal|phaseolus_vulgaris,region:sc,PRODUCED_IN,,90.0,216.0,1.0,1.0
cultivar:ipr_cardeal|phaseolus_vulgaris,region:sp,PRODUCED_IN,,14.0,50.0,1.0,1.0
cultivar:ipr_colibri|phaseolus_vulgaris,species:phaseolus_vulgaris,OF_SPECIES,,,,,
cultivar:ipr_colibri|phaseolus_vulgaris,region:mg,PRODUCED_IN,,22.0,78.0,1.0,1.0
cultivar:ipr_colibri|phaseolus_vulgaris,region:pr,PRODUCED_IN,,104.0,281.0,6.0,3.0
cultivar:ipr_curio|phaseolus_vulgaris,species:phaseolus_vulgaris,OF_SPECIES,,,,,
cultivar:ipr_curio|phaseolus_vulgaris,region:pr,PRODUCED_IN,,19.0,56.0,1.0,1.0
cultivar:ipr_eldorado|phaseolus_vulgaris,species:phaseolus_vulgaris,OF_SPECIES,,,,,
cultivar:ipr_eldorado|phaseolus_vulgaris,region:df,PRODUCED_IN,,34.5,93.2,2.0,2.0
cultivar:ipr_eldorado|phaseolus_vulgaris,region:go,PRODUCED_IN,,10.0,27.0,1.0,1.0
cultivar:ipr_eldorado|phaseolus_vulgaris,region:mg,PRODUCED_IN,,20.0,48.0,1.0,1.0
cultivar:ipr_eldorado|phaseolus_vulgaris,region:pr,PRODUCED_IN,,110.7,292.0,12.0,7.0
cultivar:ipr_garaa|phaseolus_vulgaris,species:phaseolus_vulgaris,OF_SPECIES,,,,,
cultivar:ipr_garaa|phaseolus_vulgaris,region:pr,PRODUCED_IN,,11.5,25.0,8.0,8.0
cultivar:ipr_garaa|phaseolus_vulgaris,region:rs,PRODUCED_IN,,69.5,160.5,2.0,2.0
cultivar:ipr_gralha|phaseolus_vulgaris,species:phaseolus_vulgaris,OF_SPECIES,,,,,
cultivar:ipr_gralha|phaseolus_vulgaris,region:pr,PRODUCED_IN,,1.7,3.0,1.0,1.0
cultivar:ipr_juriti|phaseolus_vulgaris,species:phaseolus_vulgaris,OF_SPECIES,,,,,
cultivar:ipr_juriti|phaseolus_vulgaris,region:go,PRODUCED_IN,,265.2,448.5,3.0,1.0
cultivar:ipr_juriti|phaseolus_vulgaris,region:sp,PRODUCED_IN,,168.0,420.0,3.0,1.0
cultivar:ipr_maracana|phaseolus_vulgaris,species:phaseolus_vulgaris,OF_SPECIES,,,,,
cultivar:ipr_maracana|phaseolus_vulgaris,region:pr,PRODUCED_IN,,3.0,3.5,1.0,1.0
cultivar:ipr_nhambu|phaseolus_vulgaris,species:phaseolus_vulgaris,OF_SPECIES,,,,,
cultivar:ipr_nhambu|phaseolus_vulgaris,region:pr,PRODUCED_IN,,3.0,4.75,3.0,3.0
cultivar:ipr_nhambu|phaseolus_vulgaris,region:sc,PRODUCED_IN,,25.0,67.5,2.0,1.0
cultivar:ipr_quero_quero|phaseolus_vulgaris,species:phaseolus_vulgaris,OF_SPECIES,,,,,
cultivar:ipr_quero_quero|phaseolus_vulgaris,region:pr,PRODUCED_IN,,13.8,37.2,4.0,4.0
cultivar:ipr_quiriquiri|phaseolus_vulgaris,species:phaseolus_vulgaris,OF_SPECIES,,,,,
cultivar:ipr_quiriquiri|phaseolus_vulgaris,region:go,PRODUCED_IN,,130.0,418.0,5.0,1.0
cultivar:ipr_quiriquiri|phaseolus_vulgaris,region:mg,PRODUCED_IN,,31.8,123.0,2.0,1.0
cultivar:ipr_quiriquiri|phaseolus_vulgaris,region:pr,PRODUCED_IN,,24.4,40.7,7.0,2.0
cultivar:ipr_sabia|phaseolus_vulgaris,species:phaseolus_vulgaris,OF_SPECIES,,,,,
cultivar:ipr_sabia|phaseolus_vulgaris,region:sp,PRODUCED_IN,,1817.9,4789.68,37.0,8.0
cultivar:ipr_sabia|phaseolus_vulgaris,region:df,PRODUCED_IN,,168.0,583.2,4.0,2.0
cultivar:ipr_sabia|phaseolus_vulgaris,region:go,PRODUCED_IN,,5805.1,20975.4,105.0,11.0
cultivar:ipr_sabia|phaseolus_vulgaris,region:mg,PRODUCED_IN,,849.9,3175.9,23.0,5.0
cultivar:ipr_sabia|phaseolus_vulgaris,region:ms,PRODUCED_IN,,6.0,21.6,1.0,1.0
cultivar:ipr_sabia|phaseolus_vulgaris,region:pr,PRODUCED_IN,,7595.52,22272.45,314.0,17.0
cultivar:ipr_sabia|phaseolus_vulgaris,region:rs,PRODUCED_IN,,285.0,878.0,6.0,5.0
cultivar:ipr_sabia|phaseolus_vulgaris,region:sc,PRODUCED_IN,,375.8,1113.05,20.0,8.0
cultivar:ipr_tangara|phaseolus_vulgaris,species:phaseolus_vulgaris,OF_SPECIES,,,,,
cultivar:ipr_tangara|phaseolus_vulgaris,region:go,PRODUCED_IN,,3156.8,9253.7,47.0,8.0
cultivar:ipr_tangara|phaseolus_vulgaris,region:mg,PRODUCED_IN,,1515.9,4894.3,29.0,11.0
cultivar:ipr_tangara|phaseolus_vulgaris,region:ms,PRODUCED_IN,,519.0,1206.0,13.0,3.0
cultivar:ipr_tangara|phaseolus_vulgaris,region:pr,PRODUCED_IN,,8123.77,55759.21,320.0,21.0
cultivar:ipr_tangara|phaseolus_vulgaris,region:rs,PRODUCED_IN,,237.0,689.0,4.0,3.0
cultivar:ipr_tangara|phaseolus_vulgaris,region:sc,PRODUCED_IN,,3873.44,33814.06,158.0,9.0
cultivar:ipr_tangara|phaseolus_vulgaris,region:sp,PRODUCED_IN,,687.0,1984.5,18.0,5.0
cultivar:ipr_tapicuru|phaseolus_vulgaris,species:phaseolus_vulgaris,OF_SPECIES,,,,,
cultivar:ipr_tapicuru|phaseolus_vulgaris,region:go,PRODUCED_IN,,40.0,143.4,3.0,2.0
cultivar:ipr_tapicuru|phaseolus_vulgaris,region:pr,PRODUCED_IN,,575.84,1596.1,35.0,4.0
cultivar:ipr_tapicuru|phaseolus_vulgaris,region:rs,PRODUCED_IN,,17.0,76.0,2.0,1.0
cultivar:ipr_tapicuru|phaseolus_vulgaris,region:sc,PRODUCED_IN,,98.0,189.8,7.0,2.0
cultivar:ipr_tuiuiao|phaseolus_vulgaris,species:phaseolus_vulgaris,OF_SPECIES,,,,,
cultivar:ipr_tuiuiao|phaseolus_vulgaris,region:ba,PRODUCED_IN,,227.0,763.0,3.0,2.0
cultivar:ipr_tuiuiao|phaseolus_vulgaris,region:df,PRODUCED_IN,,676.0,2005.8,7.0,2.0
cultivar:ipr_tuiuiao|phaseolus_vulgaris,region:go,PRODUCED_IN,,1367.4,4077.36,36.0,12.0
cultivar:ipr_tuiuiao|phaseolus_vulgaris,region:mg,PRODUCED_IN,,2364.2,93369.27,77.0,22.0
cultivar:ipr_tuiuiao|phaseolus_vulgaris,region:mt,PRODUCED_IN,,145.0,478.0,1.0,1.0
cultivar:ipr_tuiuiao|phaseolus_vulgaris,region:pr,PRODUCED_IN,,7977.13,22385.47,430.0,25.0
cultivar:ipr_tuiuiao|phaseolus_vulgaris,region:rs,PRODUCED_IN,,4015.0,10192.0,112.0,25.0
cultivar:ipr_tuiuiao|phaseolus_vulgaris,region:sc,PRODUCED_IN,,6464.56,19121.36,290.0,23.0
cultivar:ipr_uirapuru|phaseolus_vulgaris,species:phaseolus_vulgaris,OF_SPECIES,,,,,
cultivar:ipr_uirapuru|phaseolus_vulgaris,region:df,PRODUCED_IN,,116.0,278.4,2.0,1.0
cultivar:ipr_uirapuru|phaseolus_vulgaris,region:go,PRODUCED_IN,,1182.9,3800.6,23.0,11.0
cultivar:ipr_uirapuru|phaseolus_vulgaris,region:mg,PRODUCED_IN,,1101.8,3770.16,24.0,8.0
cultivar:ipr_uirapuru|phaseolus_vulgaris,region:ms,PRODUCED_IN,,575.0,1380.0,11.0,2.0
cultivar:ipr_uirapuru|phaseolus_vulgaris,region:mt,PRODUCED_IN,,223.0,562.2,3.0,2.0
cultivar:ipr_uirapuru|phaseolus_vulgaris,region:pr,PRODUCED_IN,,1410.98,3633.59,80.0,18.0
cultivar:ipr_uirapuru|phaseolus_vulgaris,region:rs,PRODUCED_IN,,1384.5,3310.05,54.0,19.0
cultivar:ipr_uirapuru|phaseolus_vulgaris,region:sc,PRODUCED_IN,,3201.69,8690.41,205.0,14.0
cultivar:ipr_uirapuru|phaseolus_vulgaris,region:sp,PRODUCED_IN,,24.0,79.0,1.0,1.0
cultivar:ipr_urutau|phaseolus_vulgaris,species:phaseolus_vulgaris,OF_SPECIES,,,,,
cultivar:ipr_urutau|phaseolus_vulgaris,region:ba,PRODUCED_IN,,390.0,1418.4,5.0,3.0
cultivar:ipr_urutau|phaseolus_vulgaris,region:df,PRODUCED_IN,,55.0,181.0,1.0,1.0
cultivar:ipr_urutau|phaseolus_vulgaris,region:go,PRODUCED_IN,,5212.54,19272.2,109.0,12.0
cultivar:ipr_urutau|phaseolus_vulgaris,region:mg,PRODUCED_IN,,1904.88,5952.68,55.0,11.0
cultivar:ipr_urutau|phaseolus_vulgaris,region:ms,PRODUCED_IN,,11.0,26.4,1.0,1.0
cultivar:ipr_urutau|phaseolus_vulgaris,region:mt,PRODUCED_IN,,45.0,162.0,1.0,1.0
cultivar:ipr_urutau|phaseolus_vulgaris,region:pr,PRODUCED_IN,,18147.03,50788.0,755.0,15.0
cultivar:ipr_urutau|phaseolus_vulgaris,region:rs,PRODUCED_IN,,3573.3,10302.1,106.0,13.0
cultivar:ipr_urutau|phaseolus_vulgaris,region:sc,PRODUCED_IN,,7498.7,23262.18,272.0,15.0
cultivar:ipr_urutau|phaseolus_vulgaris,region:sp,PRODUCED_IN,,347.4,959.0,9.0,6.0
cultivar:ipr_aguia|phaseolus_vulgaris,species:phaseolus_vulgaris,OF_SPECIES,,,,,
cultivar:ipr_aguia|phaseolus_vulgaris,region:ba,PRODUCED_IN,,55.0,181.5,1.0,1.0
cultivar:ipr_aguia|phaseolus_vulgaris,region:go,PRODUCED_IN,,460.6,1504.6,13.0,4.0
cultivar:ipr_aguia|phaseolus_vulgaris,region:mg,PRODUCED_IN,,236.07,905.0,11.0,5.0
cultivar:ipr_aguia|phaseolus_vulgaris,region:pr,PRODUCED_IN,,1381.1,3912.95,74.0,8.0
cultivar:ipr_aguia|phaseolus_vulgaris,region:rs,PRODUCED_IN,,99.0,267.0,7.0,3.0
cultivar:ipr_aguia|phaseolus_vulgaris,region:sc,PRODUCED_IN,,97.5,388.0,2.0,2.0
cultivar:ipr_aguia|phaseolus_vulgaris,region:sp,PRODUCED_IN,,127.0,326.0,3.0,2.0
cultivar:iapar_81|phaseolus_vulgaris,species:phaseolus_vulgaris,OF_SPECIES,,,,,
cultivar:iapar_81|phaseolus_vulgaris,region:mg,PRODUCED_IN,,9.0,32.0,1.0,1.0
cultivar:iapar_81|phaseolus_vulgaris,region:pr,PRODUCED_IN,,20.3,60.5,3.0,2.0
cultivar:iapar_81|phaseolus_vulgaris,region:sc,PRODUCED_IN,,30.0,90.0,1.0,1.0
cultivar:imperial|phaseolus_vulgaris,species:phaseolus_vulgaris,OF_SPECIES,,,,,
cultivar:imperial|phaseolus_vulgaris,region:mg,PRODUCED_IN,,2.1,2.58,3.0,3.0
cultivar:imperial|phaseolus_vulgaris,region:sp,PRODUCED_IN,,1.65,2.15,4.0,3.0
cultivar:itatiba_ii|phaseolus_vulgaris,species:phaseolus_vulgaris,OF_SPECIES,,,,,
cultivar:itatiba_ii|phaseolus_vulgaris,region:mg,PRODUCED_IN,,230.33,249.0,33.0,13.0
cultivar:jalo_eep_558|phaseolus_vulgaris,species:phaseolus_vulgaris,OF_SPECIES,,,,,
cultivar:jalo_eep_558|phaseolus_vulgaris,region:mg,PRODUCED_IN,,25.0,85.0,1.0,1.0
cultivar:jalo_precoce|phaseolus_vulgaris,species:phaseolus_vulgaris,OF_SPECIES,,,,,
cultivar:jalo_precoce|phaseolus_vulgaris,region:pr,PRODUCED_IN,,28.95,55.5,5.0,5.0
cultivar:jalo_precoce|phaseolus_vulgaris,region:sc,PRODUCED_IN,,3.0,4.5,1.0,1.0
cultivar:lider|phaseolus_vulgaris,species:phaseolus_vulgaris,OF_SPECIES,,,,,
cultivar:lider|phaseolus_vulgaris,region:go,PRODUCED_IN,,27.5,33.9,5.0,5.0
cultivar:macarrao_atibaia_ht|phaseolus_vulgaris,species:phaseolus_vulgaris,OF_SPECIES,,,,,
cultivar:macarrao_atibaia_ht|phaseolus_vulgaris,region:sp,PRODUCED_IN,,0.5,0.5,1.0,1.0
cultivar:macarrao_baixo|phaseolus_vulgaris,species:phaseolus_vulgaris,OF_SPECIES,,,,,
cultivar:macarrao_baixo|phaseolus_vulgaris,region:mg,PRODUCED_IN,,11.0,13.49,8.0,5.0
cultivar:macarrao_brasalia|phaseolus_vulgaris,species:phaseolus_vulgaris,OF_SPECIES,,,,,
cultivar:macarrao_brasalia|phaseolus_vulgaris,region:mg,PRODUCED_IN,,50.0,54.98,24.0,9.0
cultivar:macarrao_brasalia|phaseolus_vulgaris,region:sp,PRODUCED_IN,,1.35,1.4,4.0,4.0
cultivar:macarrao_favorito|phaseolus_vulgaris,species:phaseolus_vulgaris,OF_SPECIES,,,,,
cultivar:macarrao_favorito|phaseolus_vulgaris,region:mg,PRODUCED_IN,,30.0,5.0,1.0,1.0
cultivar:macarrao_rasteiro_napoli|phaseolus_vulgaris,species:phaseolus_vulgaris,OF_SPECIES,,,,,
cultivar:macarrao_rasteiro_napoli|phaseolus_vulgaris,region:ba,PRODUCED_IN,,6.75,13.8,2.0,1.0
cultivar:macarrao_rasteiro_napoli|phaseolus_vulgaris,region:mg,PRODUCED_IN,,35.35,45.7,9.0,4.0
cultivar:macarrao_rasteiro_napoli|phaseolus_vulgaris,region:rs,PRODUCED_IN,,1.0,1.0,1.0,1.0
cultivar:macarrao_trepador|phaseolus_vulgaris,species:phaseolus_vulgaris,OF_SPECIES,,,,,
cultivar:macarrao_trepador|phaseolus_vulgaris,region:mg,PRODUCED_IN,,4.7,6.5,4.0,2.0
cultivar:macarrao_trepador_favorito|phaseolus_vulgaris,species:phaseolus_vulgaris,OF_SPECIES,,,,,
cultivar:macarrao_trepador_favorito|phaseolus_vulgaris,region:mg,PRODUCED_IN,,14.42,17.1,9.0,5.0
cultivar:macarrao_trepador_teresa3polis|phaseolus_vulgaris,species:phaseolus_vulgaris,OF_SPECIES,,,,,
cultivar:macarrao_trepador_teresa3polis|phaseolus_vulgaris,region:mg,PRODUCED_IN,,5.72,8.4,7.0,4.0
cultivar:macarrao_trepador_torino|phaseolus_vulgaris,species:phaseolus_vulgaris,OF_SPECIES,,,,,
cultivar:macarrao_trepador_torino|phaseolus_vulgaris,region:mg,PRODUCED_IN,,12.4,18.16,8.0,3.0
cultivar:macarrao_trepador_torino|phaseolus_vulgaris,region:rs,PRODUCED_IN,,0.01,0.0,1.0,1.0
cultivar:manteiga_baixo|phaseolus_vulgaris,species:phaseolus_vulgaris,OF_SPECIES,,,,,
cultivar:manteiga_baixo|phaseolus_vulgaris,region:mg,PRODUCED_IN,,10.07,12.4,8.0,4.0
cultivar:manteiga_teresopolis|phaseolus_vulgaris,species:phaseolus_vulgaris,OF_SPECIES,,,,,
cultivar:manteiga_teresopolis|phaseolus_vulgaris,region:go,PRODUCED_IN,,2.51,3.55,5.0,4.0
cultivar:manteiga_teresopolis|phaseolus_vulgaris,region:mg,PRODUCED_IN,,1.0,1.5,1.0,1.0
cultivar:maravilha_de_veneza|phaseolus_vulgaris,species:phaseolus_vulgaris,OF_SPECIES,,,,,
cultivar:maravilha_de_veneza|phaseolus_vulgaris,region:mg,PRODUCED_IN,,1.02,1.47,3.0,2.0
cultivar:maravilha_de_veneza|phaseolus_vulgaris,region:rs,PRODUCED_IN,,0.5,0.1,1.0,1.0
cultivar:max|phaseolus_vulgaris,species:phaseolus_vulgaris,OF_SPECIES,,,,,
cultivar:max|phaseolus_vulgaris,region:mg,PRODUCED_IN,,3.65,3.95,4.0,3.0
cultivar:max|phaseolus_vulgaris,region:sp,PRODUCED_IN,,0.95,1.25,3.0,3.0
cultivar:mimoso_rasteiro|phaseolus_vulgaris,species:phaseolus_vulgaris,OF_SPECIES,,,,,
cultivar:mimoso_rasteiro|phaseolus_vulgaris,region:mg,PRODUCED_IN,,2.0,3.0,1.0,1.0
cultivar:mimoso_rasteiro|phaseolus_vulgaris,region:rs,PRODUCED_IN,,1.0,1.0,1.0,1.0
cultivar:ouro_negro|phaseolus_vulgaris,species:phaseolus_vulgaris,OF_SPECIES,,,,,
cultivar:ouro_negro|phaseolus_vulgaris,region:mg,PRODUCED_IN,,5.1,7.5,7.0,5.0
cultivar:ouro_vermelho|phaseolus_vulgaris,species:phaseolus_vulgaris,OF_SPECIES,,,,,
cultivar:ouro_vermelho|phaseolus_vulgaris,region:mg,PRODUCED_IN,,791.05,2810.92,49.0,18.0
cultivar:ouro_vermelho|phaseolus_vulgaris,region:pr,PRODUCED_IN,,23.0,69.0,2.0,2.0
cultivar:padova_trepador|phaseolus_vulgaris,species:phaseolus_vulgaris,OF_SPECIES,,,,,
cultivar:padova_trepador|phaseolus_vulgaris,region:mg,PRODUCED_IN,,5.6,5.7,5.0,3.0
cultivar:potaancia_scs206|phaseolus_vulgaris,species:phaseolus_vulgaris,OF_SPECIES,,,,,
cultivar:potaancia_scs206|phaseolus_vulgaris,region:sc,PRODUCED_IN,,10.0,35.0,1.0,1.0
cultivar:preferido|phaseolus_vulgaris,species:phaseolus_vulgaris,OF_SPECIES,,,,,
cultivar:preferido|phaseolus_vulgaris,region:mg,PRODUCED_IN,,6.9,7.9,4.0,2.0
cultivar:preferido|phaseolus_vulgaris,region:pe,PRODUCED_IN,,2.0,2.2,1.0,1.0
cultivar:preferido|phaseolus_vulgaris,region:rs,PRODUCED_IN,,1.0,1.0,1.0,1.0
cultivar:princesa|phaseolus_vulgaris,species:phaseolus_vulgaris,OF_SPECIES,,,,,
cultivar:princesa|phaseolus_vulgaris,region:pe,PRODUCED_IN,,3.5,4.0,2.0,1.0
cultivar:princesa|phaseolus_vulgaris,region:rn,PRODUCED_IN,,2.0,6.4,1.0,1.0
cultivar:parola|phaseolus_vulgaris,species:phaseolus_vulgaris,OF_SPECIES,,,,,
cultivar:parola|phaseolus_vulgaris,region:ba,PRODUCED_IN,,747.5,2496.0,11.0,7.0
cultivar:parola|phaseolus_vulgaris,region:df,PRODUCED_IN,,230.0,688.5,5.0,4.0
cultivar:parola|phaseolus_vulgaris,region:go,PRODUCED_IN,,20959.87,66586.71,323.0,20.0
cultivar:parola|phaseolus_vulgaris,region:mg,PRODUCED_IN,,12934.24,100760.27,285.0,24.0
cultivar:parola|phaseolus_vulgaris,region:mt,PRODUCED_IN,,2866.0,6594.4,29.0,7.0
cultivar:parola|phaseolus_vulgaris,region:pr,PRODUCED_IN,,40.0,80.0,1.0,1.0
cultivar:parola|phaseolus_vulgaris,region:rn,PRODUCED_IN,,25.0,65.0,1.0,1.0
cultivar:parola|phaseolus_vulgaris,region:rs,PRODUCED_IN,,50.0,80.0,2.0,2.0
cultivar:parola|phaseolus_vulgaris,region:sc,PRODUCED_IN,,1538.3,3762.0,40.0,7.0
cultivar:parola|phaseolus_vulgaris,region:sp,PRODUCED_IN,,2059.12,5953.76,52.0,6.0
cultivar:rasteiro_fartura|phaseolus_vulgaris,species:phaseolus_vulgaris,OF_SPECIES,,,,,
cultivar:rasteiro_fartura|phaseolus_vulgaris,region:ba,PRODUCED_IN,,56.5,63.3,22.0,7.0
cultivar:rasteiro_fartura|phaseolus_vulgaris,region:pe,PRODUCED_IN,,29.75,31.15,11.0,8.0
cultivar:rs_gaaocho|phaseolus_vulgaris,species:phaseolus_vulgaris,OF_SPECIES,,,,,
cultivar:rs_gaaocho|phaseolus_vulgaris,region:rs,PRODUCED_IN,,0.2,0.2,1.0,1.0
cultivar:rajado|phaseolus_vulgaris,species:phaseolus_vulgaris,OF_SPECIES,,,,,
cultivar:rajado|phaseolus_vulgaris,region:mt,PRODUCED_IN,,107.0,385.2,3.0,1.0
cultivar:scs202_guara|phaseolus_vulgaris,species:phaseolus_vulgaris,OF_SPECIES,,,,,
cultivar:scs202_guara|phaseolus_vulgaris,region:sc,PRODUCED_IN,,2.7,4.7,2.0,2.0
cultivar:scs204_predileto|phaseolus_vulgaris,species:phaseolus_vulgaris,OF_SPECIES,,,,,
cultivar:scs204_predileto|phaseolus_vulgaris,region:sc,PRODUCED_IN,,482.4,3484.0,42.0,16.0
cultivar:scs205_riqueza|phaseolus_vulgaris,species:phaseolus_vulgaris,OF_SPECIES,,,,,
cultivar:scs205_riqueza|phaseolus_vulgaris,region:sc,PRODUCED_IN,,36.7,2099.0,12.0,10.0
cultivar:scs206_potaancia|phaseolus_vulgaris,species:phaseolus_vulgaris,OF_SPECIES,,,,,
cultivar:scs206_potaancia|phaseolus_vulgaris,region:sc,PRODUCED_IN,,91.03,2302.71,15.0,11.0
cultivar:scs207_queraancia|phaseolus_vulgaris,species:phaseolus_vulgaris,OF_SPECIES,,,,,
cultivar:scs207_queraancia|phaseolus_vulgaris,region:sc,PRODUCED_IN,,3.1,7.35,4.0,4.0
cultivar:scs208_cronos|phaseolus_vulgaris,species:phaseolus_vulgaris,OF_SPECIES,,,,,
cultivar:scs208_cronos|phaseolus_vulgaris,region:sc,PRODUCED_IN,,78.3,267.3,7.0,4.0
cultivar:scv_3111|phaseolus_vulgaris,species:phaseolus_vulgaris,OF_SPECIES,,,,,
cultivar:scv_3111|phaseolus_vulgaris,region:ba,PRODUCED_IN,,1.0,1.0,1.0,1.0
cultivar:scv_3111|phaseolus_vulgaris,region:pe,PRODUCED_IN,,1.0,1.0,1.0,1.0
cultivar:serrata|phaseolus_vulgaris,species:phaseolus_vulgaris,OF_SPECIES,,,,,
cultivar:serrata|phaseolus_vulgaris,region:go,PRODUCED_IN,,4.0,3.2,1.0,1.0
cultivar:serrata|phaseolus_vulgaris,region:mg,PRODUCED_IN,,1.7,2.3,2.0,1.0
cultivar:solar|phaseolus_vulgaris,species:phaseolus_vulgaris,OF_SPECIES,,,,,
cultivar:solar|phaseolus_vulgaris,region:go,PRODUCED_IN,,4.0,4.4,2.0,2.0
cultivar:solar|phaseolus_vulgaris,region:mg,PRODUCED_IN,,4.0,4.2,2.0,1.0
cultivar:solar|phaseolus_vulgaris,region:pr,PRODUCED_IN,,3.0,3.2,1.0,1.0
cultivar:solar|phaseolus_vulgaris,region:rs,PRODUCED_IN,,12.9,13.05,13.0,5.0
cultivar:strada|phaseolus_vulgaris,species:phaseolus_vulgaris,OF_SPECIES,,,,,
cultivar:strada|phaseolus_vulgaris,region:go,PRODUCED_IN,,3.5,4.55,1.0,1.0
cultivar:suzy|phaseolus_vulgaris,species:phaseolus_vulgaris,OF_SPECIES,,,,,
cultivar:suzy|phaseolus_vulgaris,region:mg,PRODUCED_IN,,26.25,31.1,7.0,6.0
cultivar:suzy|phaseolus_vulgaris,region:sp,PRODUCED_IN,,0.05,0.05,1.0,1.0
cultivar:taa_bola_cheia|phaseolus_vulgaris,species:phaseolus_vulgaris,OF_SPECIES,,,,,
cultivar:taa_bola_cheia|phaseolus_vulgaris,region:ba,PRODUCED_IN,,550.0,1920.0,8.0,6.0
cultivar:taa_bola_cheia|phaseolus_vulgaris,region:go,PRODUCED_IN,,2986.9,8207.0,37.0,6.0
cultivar:taa_bola_cheia|phaseolus_vulgaris,region:mg,PRODUCED_IN,,414.0,1379.0,10.0,5.0
cultivar:taa_bola_cheia|phaseolus_vulgaris,region:pr,PRODUCED_IN,,120.0,364.0,2.0,1.0
cultivar:taa_bola_cheia|phaseolus_vulgaris,region:rs,PRODUCED_IN,,172.0,370.0,3.0,2.0
cultivar:taa_bola_cheia|phaseolus_vulgaris,region:sc,PRODUCED_IN,,80.0,240.0,2.0,2.0
cultivar:taa_dama|phaseolus_vulgaris,species:phaseolus_vulgaris,OF_SPECIES,,,,,
cultivar:taa_dama|phaseolus_vulgaris,region:ba,PRODUCED_IN,,1672.0,5197.0,23.0,10.0
cultivar:taa_dama|phaseolus_vulgaris,region:df,PRODUCED_IN,,50.0,210.0,1.0,1.0
cultivar:taa_dama|phaseolus_vulgaris,region:go,PRODUCED_IN,,20337.64,512610.12,268.0,17.0
cultivar:taa_dama|phaseolus_vulgaris,region:mg,PRODUCED_IN,,9635.5,32856.5,146.0,16.0
cultivar:taa_dama|phaseolus_vulgaris,region:pr,PRODUCED_IN,,118.0,317.0,4.0,3.0
cultivar:taa_dama|phaseolus_vulgaris,region:rs,PRODUCED_IN,,143.0,286.0,3.0,2.0
cultivar:taa_dama|phaseolus_vulgaris,region:sc,PRODUCED_IN,,243.0,722.16,7.0,5.0
cultivar:taa_dama|phaseolus_vulgaris,region:sp,PRODUCED_IN,,2.73,3.09,4.0,2.0
cultivar:taa_gol|phaseolus_vulgaris,species:phaseolus_vulgaris,OF_SPECIES,,,,,
cultivar:taa_gol|phaseolus_vulgaris,region:ba,PRODUCED_IN,,95.0,342.0,2.0,2.0
cultivar:taa_gol|phaseolus_vulgaris,region:go,PRODUCED_IN,,706.0,2390.0,9.0,8.0
cultivar:taa_gol|phaseolus_vulgaris,region:mg,PRODUCED_IN,,154.5,560.0,4.0,4.0
cultivar:taa_gol|phaseolus_vulgaris,region:rs,PRODUCED_IN,,69.0,161.0,4.0,2.0
cultivar:taa_gol|phaseolus_vulgaris,region:sc,PRODUCED_IN,,10.0,30.0,1.0,1.0
cultivar:taa_gol|phaseolus_vulgaris,region:sp,PRODUCED_IN,,8.0,29.0,1.0,1.0
cultivar:taa_marhe|phaseolus_vulgaris,species:phaseolus_vulgaris,OF_SPECIES,,,,,
cultivar:taa_marhe|phaseolus_vulgaris,region:ba,PRODUCED_IN,,345.0,1089.0,5.0,3.0
cultivar:taa_marhe|phaseolus_vulgaris,region:df,PRODUCED_IN,,228.0,704.0,4.0,2.0
cultivar:taa_marhe|phaseolus_vulgaris,region:go,PRODUCED_IN,,1778.6,5563.8,31.0,7.0
cultivar:taa_marhe|phaseolus_vulgaris,region:mg,PRODUCED_IN,,1454.0,5070.5,31.0,7.0
cultivar:taa_marhe|phaseolus_vulgaris,region:sc,PRODUCED_IN,,50.0,150.0,2.0,1.0
cultivar:taa_marhe|phaseolus_vulgaris,region:sp,PRODUCED_IN,,100.0,372.0,2.0,2.0
cultivar:tsv_1613|phaseolus_vulgaris,species:phaseolus_vulgaris,OF_SPECIES,,,,,
cultivar:tsv_1613|phaseolus_vulgaris,region:rs,PRODUCED_IN,,0.4,0.6,2.0,2.0
cultivar:tsv_1614|phaseolus_vulgaris,species:phaseolus_vulgaris,OF_SPECIES,,,,,
cultivar:tsv_1614|phaseolus_vulgaris,region:rs,PRODUCED_IN,,0.7,0.7,2.0,2.0
cultivar:tempesta|phaseolus_vulgaris,species:phaseolus_vulgaris,OF_SPECIES,,,,,
cultivar:tempesta|phaseolus_vulgaris,region:mg,PRODUCED_IN,,42.84,45.39,22.0,9.0
cultivar:tempesta|phaseolus_vulgaris,region:rs,PRODUCED_IN,,0.05,0.15,1.0,1.0
cultivar:tempesta|phaseolus_vulgaris,region:sp,PRODUCED_IN,,0.01,0.01,1.0,1.0
cultivar:tradiaao|phaseolus_vulgaris,species:phaseolus_vulgaris,OF_SPECIES,,,,,
cultivar:tradiaao|phaseolus_vulgaris,region:rs,PRODUCED_IN,,2.6,3.8,4.0,4.0
cultivar:uenf_2014|phaseolus_vulgaris,species:phaseolus_vulgaris,OF_SPECIES,,,,,
cultivar:uenf_2014|phaseolus_vulgaris,region:rj,PRODUCED_IN,,9.81,19.2,11.0,8.0
cultivar:uenf_rioparaaba|phaseolus_vulgaris,species:phaseolus_vulgaris,OF_SPECIES,,,,,
cultivar:uenf_rioparaaba|phaseolus_vulgaris,region:rj,PRODUCED_IN,,0.26,0.35,2.0,2.0
cultivar:versalhes|phaseolus_vulgaris,species:phaseolus_vulgaris,OF_SPECIES,,,,,
cultivar:versalhes|phaseolus_vulgaris,region:ba,PRODUCED_IN,,10.0,12.0,1.0,1.0
cultivar:versalhes|phaseolus_vulgaris,region:go,PRODUCED_IN,,8.01,12.05,4.0,2.0
cultivar:versalhes|phaseolus_vulgaris,region:mg,PRODUCED_IN,,7.2,5.68,3.0,2.0
cultivar:vicenza_amarelo_baixo|phaseolus_vulgaris,species:phaseolus_vulgaris,OF_SPECIES,,,,,
cultivar:vicenza_amarelo_baixo|phaseolus_vulgaris,region:mg,PRODUCED_IN,,28.61,36.53,19.0,10.0
cultivar:xapeca3|phaseolus_vulgaris,species:phaseolus_vulgaris,OF_SPECIES,,,,,
cultivar:xapeca3|phaseolus_vulgaris,region:mg,PRODUCED_IN,,0.66,0.53,1.0,1.0
cultivar:xaxa|phaseolus_vulgaris,species:phaseolus_vulgaris,OF_SPECIES,,,,,
cultivar:xaxa|phaseolus_vulgaris,region:mg,PRODUCED_IN,,8.17,7.4,7.0,5.0
cultivar:xaxa|phaseolus_vulgaris,region:rs,PRODUCED_IN,,0.2,0.14,1.0,1.0
cultivar:xexau|phaseolus_vulgaris,species:phaseolus_vulgaris,OF_SPECIES,,,,,
cultivar:xexau|phaseolus_vulgaris,region:mg,PRODUCED_IN,,0.66,0.53,1.0,1.0
cultivar:xingao|phaseolus_vulgaris,species:phaseolus_vulgaris,OF_SPECIES,,,,,
cultivar:xingao|phaseolus_vulgaris,region:mg,PRODUCED_IN,,1.76,2.29,4.0,3.0
cultivar:xirao|phaseolus_vulgaris,species:phaseolus_vulgaris,OF_SPECIES,,,,,
cultivar:xirao|phaseolus_vulgaris,region:mg,PRODUCED_IN,,5.4,6.67,6.0,5.0
cultivar:xirao|phaseolus_vulgaris,region:rs,PRODUCED_IN,,0.3,0.21,3.0,3.0
cultivar:zigane|phaseolus_vulgaris,species:phaseolus_vulgaris,OF_SPECIES,,,,,
cultivar:zigane|phaseolus_vulgaris,region:go,PRODUCED_IN,,24.7,31.2,6.0,6.0
cultivar:zigane|phaseolus_vulgaris,region:mg,PRODUCED_IN,,4.5,7.8,2.0,2.0
species:pisum_sativum,crop:c_13177,IS_A,100.0,,,,
cultivar:alpina|pisum_sativum,species:pisum_sativum,OF_SPECIES,,,,,
cultivar:alpina|pisum_sativum,region:rs,PRODUCED_IN,,1.0,1.0,1.0,1.0
cultivar:alpina|pisum_sativum,region:sp,PRODUCED_IN,,0.03,0.04,1.0,1.0
cultivar:apiaa|pisum_sativum,species:pisum_sativum,OF_SPECIES,,,,,
cultivar:apiaa|pisum_sativum,region:mg,PRODUCED_IN,,4.8,4.66,5.0,4.0
cultivar:apiaa|pisum_sativum,region:rs,PRODUCED_IN,,7.0,6.2,2.0,2.0
cultivar:apiaa|pisum_sativum,region:sp,PRODUCED_IN,,0.08,0.09,2.0,2.0
cultivar:canoa|pisum_sativum,species:pisum_sativum,OF_SPECIES,,,,,
cultivar:canoa|pisum_sativum,region:sp,PRODUCED_IN,,0.3,0.3,1.0,1.0
cultivar:catarina|pisum_sativum,species:pisum_sativum,OF_SPECIES,,,,,
cultivar:catarina|pisum_sativum,region:mg,PRODUCED_IN,,11.15,8.34,11.0,6.0
cultivar:catarina|pisum_sativum,region:rs,PRODUCED_IN,,2.85,1.1,2.0,1.0
cultivar:dg_50|pisum_sativum,species:pisum_sativum,OF_SPECIES,,,,,
cultivar:dg_50|pisum_sativum,region:rs,PRODUCED_IN,,1.5,2.0,1.0,1.0
cultivar:de_grao_luciana_sf_nr_50|pisum_sativum,species:pisum_sativum,OF_SPECIES,,,,,
cultivar:de_grao_luciana_sf_nr_50|pisum_sativum,region:mg,PRODUCED_IN,,13.3,14.1,4.0,2.0
cultivar:de_grao_luciana_sf_nr_50|pisum_sativum,region:rs,PRODUCED_IN,,3.9,2.7,9.0,5.0
cultivar:doce_japonesa|pisum_sativum,species:pisum_sativum,OF_SPECIES,,,,,
cultivar:doce_japonesa|pisum_sativum,region:rs,PRODUCED_IN,,2.8,1.8,4.0,3.0
cultivar:er_021|pisum_sativum,species:pisum_sativum,OF_SPECIES,,,,,
cultivar:er_021|pisum_sativum,region:rs,PRODUCED_IN,,2.1,2.08,3.0,2.0
cultivar:er_021|pisum_sativum,region:sp,PRODUCED_IN,,0.3,0.3,1.0,1.0
cultivar:eloa|pisum_sativum,species:pisum_sativum,OF_SPECIES,,,,,
cultivar:eloa|pisum_sativum,region:mg,PRODUCED_IN,,26.1,24.6,11.0,5.0
cultivar:g_40|pisum_sativum,species:pisum_sativum,OF_SPECIES,,,,,
cultivar:g_40|pisum_sativum,region:mg,PRODUCED_IN,,1.6,1.06,3.0,3.0
cultivar:g_40|pisum_sativum,region:rs,PRODUCED_IN,,5.0,4.2,3.0,2.0
cultivar:g_40|pisum_sativum,region:sp,PRODUCED_IN,,0.03,0.04,1.0,1.0
cultivar:gallant|pisum_sativum,species:pisum_sativum,OF_SPECIES,,,,,
cultivar:gallant|pisum_sativum,region:df,PRODUCED_IN,,30.0,108.0,1.0,1.0
cultivar:gallant|pisum_sativum,region:go,PRODUCED_IN,,411.0,1219.2,11.0,6.0
cultivar:grao_40p_debrulhar|pisum_sativum,species:pisum_sativum,OF_SPECIES,,,,,
cultivar:grao_40p_debrulhar|pisum_sativum,region:mg,PRODUCED_IN,,0.1,0.1,1.0,1.0
cultivar:grao_40p_debrulhar|pisum_sativum,region:rs,PRODUCED_IN,,9.6,7.53,9.0,6.0
cultivar:iapar_74|pisum_sativum,species:pisum_sativum,OF_SPECIES,,,,,
cultivar:iapar_74|pisum_sativum,region:pr,PRODUCED_IN,,8.8,7.1,8.0,5.0
cultivar:iapar_83|pisum_sativum,species:pisum_sativum,OF_SPECIES,,,,,
cultivar:iapar_83|pisum_sativum,region:pr,PRODUCED_IN,,4877.7,10904.8,94.0,16.0
cultivar:iapar_83|pisum_sativum,region:go,PRODUCED_IN,,479.5,1438.5,6.0,1.0
cultivar:iapar_83|pisum_sativum,region:mg,PRODUCED_IN,,1179.74,2416.37,41.0,5.0
cultivar:iapar_83|pisum_sativum,region:rs,PRODUCED_IN,,3235.19,6037.42,65.0,8.0
cultivar:iapar_83|pisum_sativum,region:sc,PRODUCED_IN,,1163.81,1834.99,27.0,8.0
cultivar:iapar_83|pisum_sativum,region:sp,PRODUCED_IN,,812.8,1699.6,22.0,10.0
cultivar:itapua_600|pisum_sativum,species:pisum_sativum,OF_SPECIES,,,,,
cultivar:itapua_600|pisum_sativum,region:mg,PRODUCED_IN,,5.0,3.0,1.0,1.0
cultivar:itapua_600|pisum_sativum,region:rs,PRODUCED_IN,,25.83,11.12,16.0,6.0
cultivar:itapua_601|pisum_sativum,species:pisum_sativum,OF_SPECIES,,,,,
cultivar:itapua_601|pisum_sativum,region:rs,PRODUCED_IN,,1.6,0.8,2.0,1.0
cultivar:lincoln|pisum_sativum,species:pisum_sativum,OF_SPECIES,,,,,
cultivar:lincoln|pisum_sativum,region:sp,PRODUCED_IN,,0.3,0.3,1.0,1.0
cultivar:mk_13|pisum_sativum,species:pisum_sativum,OF_SPECIES,,,,,
cultivar:mk_13|pisum_sativum,region:mg,PRODUCED_IN,,79.28,67.4,12.0,12.0
cultivar:max_40|pisum_sativum,species:pisum_sativum,OF_SPECIES,,,,,
cultivar:max_40|pisum_sativum,region:go,PRODUCED_IN,,24.9,34.29,15.0,11.0
cultivar:max_40|pisum_sativum,region:mg,PRODUCED_IN,,3.5,5.25,2.0,2.0
cultivar:max_40|pisum_sativum,region:pr,PRODUCED_IN,,1.5,1.5,1.0,1.0
cultivar:mikado|pisum_sativum,species:pisum_sativum,OF_SPECIES,,,,,
cultivar:mikado|pisum_sativum,region:df,PRODUCED_IN,,5.03,6.5,5.0,5.0
cultivar:mikado|pisum_sativum,region:go,PRODUCED_IN,,173.6,575.0,4.0,3.0
cultivar:mikado|pisum_sativum,region:mg,PRODUCED_IN,,432.84,1323.0,9.0,5.0
cultivar:obigo|pisum_sativum,species:pisum_sativum,OF_SPECIES,,,,,
cultivar:obigo|pisum_sativum,region:df,PRODUCED_IN,,44.0,198.0,2.0,2.0
cultivar:relva|pisum_sativum,species:pisum_sativum,OF_SPECIES,,,,,
cultivar:relva|pisum_sativum,region:mg,PRODUCED_IN,,1.0,0.8,1.0,1.0
cultivar:relva|pisum_sativum,region:rs,PRODUCED_IN,,6.91,4.12,11.0,7.0
cultivar:reta_de_flor_roxa|pisum_sativum,species:pisum_sativum,OF_SPECIES,,,,,
cultivar:reta_de_flor_roxa|pisum_sativum,region:mg,PRODUCED_IN,,17.5,20.8,8.0,3.0
cultivar:reta_de_flor_roxa|pisum_sativum,region:rs,PRODUCED_IN,,4.5,4.5,1.0,1.0
cultivar:ruthless|pisum_sativum,species:pisum_sativum,OF_SPECIES,,,,,
cultivar:ruthless|pisum_sativum,region:go,PRODUCED_IN,,39.0,78.0,2.0,1.0
cultivar:selecta|pisum_sativum,species:pisum_sativum,OF_SPECIES,,,,,
cultivar:selecta|pisum_sativum,region:go,PRODUCED_IN,,4.5,5.1,3.0,3.0
cultivar:telefone_alta_alderman|pisum_sativum,species:pisum_sativum,OF_SPECIES,,,,,
cultivar:telefone_alta_alderman|pisum_sativum,region:go,PRODUCED_IN,,7.0,8.9,3.0,3.0
cultivar:telefone_alta_alderman|pisum_sativum,region:rs,PRODUCED_IN,,20.43,10.2,16.0,9.0
cultivar:telefone_alta_vereador|pisum_sativum,species:pisum_sativum,OF_SPECIES,,,,,
cultivar:telefone_alta_vereador|pisum_sativum,region:pr,PRODUCED_IN,,1.5,3.0,1.0,1.0
cultivar:torta_flor_roxa|pisum_sativum,species:pisum_sativum,OF_SPECIES,,,,,
cultivar:torta_flor_roxa|pisum_sativum,region:mg,PRODUCED_IN,,1.5,3.0,1.0,1.0
cultivar:torta_flor_roxa_ht|pisum_sativum,species:pisum_sativum,OF_SPECIES,,,,,
cultivar:torta_flor_roxa_ht|pisum_sativum,region:mg,PRODUCED_IN,,2.25,2.56,5.0,3.0
cultivar:torta_flor_roxa_ht|pisum_sativum,region:rs,PRODUCED_IN,,3.0,3.0,1.0,1.0
cultivar:torta_flor_roxa_ht|pisum_sativum,region:sc,PRODUCED_IN,,0.3,0.6,1.0,1.0
cultivar:torta_flor_roxa_ht|pisum_sativum,region:sp,PRODUCED_IN,,0.53,0.79,2.0,2.0
cultivar:torta_gigante_flor_roxa|pisum_sativum,species:pisum_sativum,OF_SPECIES,,,,,
cultivar:torta_gigante_flor_roxa|pisum_sativum,region:rs,PRODUCED_IN,,1.87,2.88,5.0,3.0
cultivar:torta_tt|pisum_sativum,species:pisum_sativum,OF_SPECIES,,,,,
cultivar:torta_tt|pisum_sativum,region:mg,PRODUCED_IN,,78.4,78.4,12.0,11.0
cultivar:torta_de_flor_roxa|pisum_sativum,species:pisum_sativum,OF_SPECIES,,,,,
cultivar:torta_de_flor_roxa|pisum_sativum,region:go,PRODUCED_IN,,9.3,12.49,4.0,4.0
cultivar:torta_de_flor_roxa|pisum_sativum,region:mg,PRODUCED_IN,,4.0,5.3,2.0,2.0
cultivar:torta_de_flor_roxa|pisum_sativum,region:rs,PRODUCED_IN,,31.0,16.95,17.0,8.0
cultivar:torta_de_flor_roxa|pisum_sativum,region:sp,PRODUCED_IN,,0.05,0.05,1.0,1.0
cultivar:brs_sulina|pisum_sativum,species:pisum_sativum,OF_SPECIES,,,,,
cultivar:brs_sulina|pisum_sativum,region:df,PRODUCED_IN,,0.7,0.9,2.0,2.0
cultivar:brs_sulina|pisum_sativum,region:mg,PRODUCED_IN,,2.9,5.8,1.0,1.0
cultivar:brs_sulina|pisum_sativum,region:sc,PRODUCED_IN,,94.6,163.6,8.0,3.0
cultivar:brs_sulina|pisum_sativum,region:sp,PRODUCED_IN,,174.1,315.55,4.0,3.0
species:raphanus_sativus,crop:c_13735,IS_A,100.0,,,,
cultivar:alegro|raphanus_sativus,species:raphanus_sativus,OF_SPECIES,,,,,
cultivar:alegro|raphanus_sativus,region:mg,PRODUCED_IN,,0.15,0.06,1.0,1.0
cultivar:alegro|raphanus_sativus,region:rs,PRODUCED_IN,,2.6,0.45,6.0,6.0
cultivar:amager|raphanus_sativus,species:raphanus_sativus,OF_SPECIES,,,,,
cultivar:amager|raphanus_sativus,region:rs,PRODUCED_IN,,1.5,0.21,2.0,2.0
cultivar:apolo|raphanus_sativus,species:raphanus_sativus,OF_SPECIES,,,,,
cultivar:apolo|raphanus_sativus,region:rs,PRODUCED_IN,,4.5,2.38,4.0,4.0
cultivar:ares|raphanus_sativus,species:raphanus_sativus,OF_SPECIES,,,,,
cultivar:ares|raphanus_sativus,region:rs,PRODUCED_IN,,0.02,0.02,2.0,2.0
cultivar:branco_comprido|raphanus_sativus,species:raphanus_sativus,OF_SPECIES,,,,,
cultivar:branco_comprido|raphanus_sativus,region:rs,PRODUCED_IN,,8.26,2.09,15.0,10.0
cultivar:branco_de_colo_roxo|raphanus_sativus,species:raphanus_sativus,OF_SPECIES,,,,,
cultivar:branco_de_colo_roxo|raphanus_sativus,region:rs,PRODUCED_IN,,0.5,0.1,2.0,1.0
cultivar:cati_al_1000|raphanus_sativus,species:raphanus_sativus,OF_SPECIES,,,,,
cultivar:cati_al_1000|raphanus_sativus,region:mg,PRODUCED_IN,,112.0,129.6,2.0,1.0
cultivar:cati_al_1000|raphanus_sativus,region:ms,PRODUCED_IN,,482.0,700.8,6.0,3.0
cultivar:cati_al_1000|raphanus_sativus,region:mt,PRODUCED_IN,,16.0,18.75,1.0,1.0
cultivar:cati_al_1000|raphanus_sativus,region:sp,PRODUCED_IN,,283.43,199.6,13.0,9.0
cultivar:cometa|raphanus_sativus,species:raphanus_sativus,OF_SPECIES,,,,,
cultivar:cometa|raphanus_sativus,region:rs,PRODUCED_IN,,8.61,2.21,35.0,9.0
cultivar:cometa|raphanus_sativus,region:sp,PRODUCED_IN,,0.01,0.01,2.0,1.0
cultivar:comprido_vermelho|raphanus_sativus,species:raphanus_sativus,OF_SPECIES,,,,,
cultivar:comprido_vermelho|raphanus_sativus,region:rs,PRODUCED_IN,,8.8,2.45,10.0,6.0
cultivar:comum|raphanus_sativus,species:raphanus_sativus,OF_SPECIES,,,,,
cultivar:comum|raphanus_sativus,region:ms,PRODUCED_IN,,1760.0,1920.0,10.0,4.0
cultivar:comum|raphanus_sativus,region:rs,PRODUCED_IN,,2984.4,3369.6,57.0,4.0
cultivar:coral|raphanus_sativus,species:raphanus_sativus,OF_SPECIES,,,,,
cultivar:coral|raphanus_sativus,region:rs,PRODUCED_IN,,2.0,1.0,1.0,1.0
cultivar:crimsom_gigante|raphanus_sativus,species:raphanus_sativus,OF_SPECIES,,,,,
cultivar:crimsom_gigante|raphanus_sativus,region:rs,PRODUCED_IN,,28.1,3010.85,9.0,6.0
cultivar:crimsom_gigante|raphanus_sativus,region:sp,PRODUCED_IN,,0.02,0.02,1.0,1.0
cultivar:crimson_gigante|raphanus_sativus,species:raphanus_sativus,OF_SPECIES,,,,,
cultivar:crimson_gigante|raphanus_sativus,region:go,PRODUCED_IN,,0.01,0.25,1.0,1.0
cultivar:crimson_gigante|raphanus_sativus,region:rs,PRODUCED_IN,,26.81,13.13,12.0,8.0
cultivar:crimson_viper|raphanus_sativus,species:raphanus_sativus,OF_SPECIES,,,,,
cultivar:crimson_viper|raphanus_sativus,region:rs,PRODUCED_IN,,3.0,2.0,2.0,2.0
cultivar:crinson_gigante|raphanus_sativus,species:raphanus_sativus,OF_SPECIES,,,,,
cultivar:crinson_gigante|raphanus_sativus,region:rs,PRODUCED_IN,,0.0,0.01,1.0,1.0
cultivar:dionasio|raphanus_sativus,species:raphanus_sativus,OF_SPECIES,,,,,
cultivar:dionasio|raphanus_sativus,region:rs,PRODUCED_IN,,2.0,0.2,1.0,1.0
cultivar:flex|raphanus_sativus,species:raphanus_sativus,OF_SPECIES,,,,,
cultivar:flex|raphanus_sativus,region:sp,PRODUCED_IN,,0.02,0.02,1.0,1.0
cultivar:ganga|raphanus_sativus,species:raphanus_sativus,OF_SPECIES,,,,,
cultivar:ganga|raphanus_sativus,region:rs,PRODUCED_IN,,2.5,1.15,2.0,2.0
cultivar:gigante_japonaas_minowase|raphanus_sativus,species:raphanus_sativus,OF_SPECIES,,,,,
cultivar:gigante_japonaas_minowase|raphanus_sativus,region:rs,PRODUCED_IN,,0.8,0.2,2.0,1.0
cultivar:gigante_siculo|raphanus_sativus,species:raphanus_sativus,OF_SPECIES,,,,,
cultivar:gigante_siculo|raphanus_sativus,region:rs,PRODUCED_IN,,4.5,0.9,2.0,2.0
cultivar:hades|raphanus_sativus,species:raphanus_sativus,OF_SPECIES,,,,,
cultivar:hades|raphanus_sativus,region:rs,PRODUCED_IN,,0.01,0.01,1.0,1.0
cultivar:jolly_red_vermelho|raphanus_sativus,species:raphanus_sativus,OF_SPECIES,,,,,
cultivar:jolly_red_vermelho|raphanus_sativus,region:rs,PRODUCED_IN,,6.38,2.95,11.0,6.0
cultivar:kiran|raphanus_sativus,species:raphanus_sativus,OF_SPECIES,,,,,
cultivar:kiran|raphanus_sativus,region:rs,PRODUCED_IN,,1.2,0.7,2.0,2.0
cultivar:nascente|raphanus_sativus,species:raphanus_sativus,OF_SPECIES,,,,,
cultivar:nascente|raphanus_sativus,region:sp,PRODUCED_IN,,0.11,0.07,2.0,2.0
cultivar:ponta_branca|raphanus_sativus,species:raphanus_sativus,OF_SPECIES,,,,,
cultivar:ponta_branca|raphanus_sativus,region:sp,PRODUCED_IN,,0.01,0.01,2.0,1.0
cultivar:poseidon|raphanus_sativus,species:raphanus_sativus,OF_SPECIES,,,,,
cultivar:poseidon|raphanus_sativus,region:rs,PRODUCED_IN,,0.05,0.02,1.0,1.0
cultivar:quaron|raphanus_sativus,species:raphanus_sativus,OF_SPECIES,,,,,
cultivar:quaron|raphanus_sativus,region:rs,PRODUCED_IN,,0.22,0.09,1.0,1.0
cultivar:sarvesh|raphanus_sativus,species:raphanus_sativus,OF_SPECIES,,,,,
cultivar:sarvesh|raphanus_sativus,region:rs,PRODUCED_IN,,1.0,0.3,2.0,1.0
cultivar:saxa|raphanus_sativus,species:raphanus_sativus,OF_SPECIES,,,,,
cultivar:saxa|raphanus_sativus,region:mg,PRODUCED_IN,,0.06,0.01,1.0,1.0
cultivar:saxa|raphanus_sativus,region:rs,PRODUCED_IN,,9.7,3.56,12.0,7.0
cultivar:scarlet_globe|raphanus_sativus,species:raphanus_sativus,OF_SPECIES,,,,,
cultivar:scarlet_globe|raphanus_sativus,region:sp,PRODUCED_IN,,0.01,0.01,2.0,1.0
cultivar:selene|raphanus_sativus,species:raphanus_sativus,OF_SPECIES,,,,,
cultivar:selene|raphanus_sativus,region:rs,PRODUCED_IN,,0.01,0.01,1.0,1.0
cultivar:serrano|raphanus_sativus,species:raphanus_sativus,OF_SPECIES,,,,,
cultivar:serrano|raphanus_sativus,region:rs,PRODUCED_IN,,10.09,3.08,13.0,9.0
cultivar:sparkler|raphanus_sativus,species:raphanus_sativus,OF_SPECIES,,,,,
cultivar:sparkler|raphanus_sativus,region:rs,PRODUCED_IN,,14.48,5.99,13.0,8.0
cultivar:telma|raphanus_sativus,species:raphanus_sativus,OF_SPECIES,,,,,
cultivar:telma|raphanus_sativus,region:sp,PRODUCED_IN,,0.22,0.14,2.0,2.0
cultivar:ulisses|raphanus_sativus,species:raphanus_sativus,OF_SPECIES,,,,,
cultivar:ulisses|raphanus_sativus,region:rs,PRODUCED_IN,,0.1,0.04,1.0,1.0
cultivar:vip_crimson_seleaao_especial|raphanus_sativus,species:raphanus_sativus,OF_SPECIES,,,,,
cultivar:vip_crimson_seleaao_especial|raphanus_sativus,region:rs,PRODUCED_IN,,77.78,36.06,17.0,12.0
cultivar:zapp|raphanus_sativus,species:raphanus_sativus,OF_SPECIES,,,,,
cultivar:zapp|raphanus_sativus,region:go,PRODUCED_IN,,0.0,0.09,1.0,1.0
cultivar:japones|raphanus_sativus,species:raphanus_sativus,OF_SPECIES,,,,,
cultivar:japones|raphanus_sativus,region:rs,PRODUCED_IN,,0.74,0.21,3.0,3.0
cultivar:gmx_tatu|raphanus_sativus,species:raphanus_sativus,OF_SPECIES,,,,,
cultivar:gmx_tatu|raphanus_sativus,region:mg,PRODUCED_IN,,424.0,579.0,2.0,1.0
cultivar:gmx_tatu|raphanus_sativus,region:ms,PRODUCED_IN,,175.0,209.0,3.0,2.0
cultivar:gmx_tatu|raphanus_sativus,region:rs,PRODUCED_IN,,288.95,351.0,19.0,3.0
cultivar:gmx_tatu|raphanus_sativus,region:to,PRODUCED_IN,,106.0,127.2,1.0,1.0
cultivar:ipr_116|raphanus_sativus,species:raphanus_sativus,OF_SPECIES,,,,,
cultivar:ipr_116|raphanus_sativus,region:ba,PRODUCED_IN,,412.5,717.0,5.0,3.0
cultivar:ipr_116|raphanus_sativus,region:go,PRODUCED_IN,,3789.0,5003.3,30.0,6.0
cultivar:ipr_116|raphanus_sativus,region:mg,PRODUCED_IN,,790.6,1334.4,12.0,7.0
cultivar:ipr_116|raphanus_sativus,region:ms,PRODUCED_IN,,43800.66,54229.95,308.0,15.0
cultivar:ipr_116|raphanus_sativus,region:mt,PRODUCED_IN,,4680.5,5640.8,34.0,12.0
cultivar:ipr_116|raphanus_sativus,region:pr,PRODUCED_IN,,906.7,806.6,39.0,15.0
cultivar:ipr_116|raphanus_sativus,region:rs,PRODUCED_IN,,12956.36,17906.05,232.0,15.0
cultivar:ipr_116|raphanus_sativus,region:sc,PRODUCED_IN,,902.86,1141.3,18.0,9.0
cultivar:ipr_116|raphanus_sativus,region:sp,PRODUCED_IN,,1392.9,1833.6,21.0,8.0
cultivar:ipr_116|raphanus_sativus,region:to,PRODUCED_IN,,60.0,237.6,1.0,1.0
cultivar:ipr_210|raphanus_sativus,species:raphanus_sativus,OF_SPECIES,,,,,
cultivar:ipr_210|raphanus_sativus,region:go,PRODUCED_IN,,90.0,108.0,2.0,1.0
cultivar:ipr_210|raphanus_sativus,region:ms,PRODUCED_IN,,1054.0,1404.0,9.0,4.0
cultivar:ipr_210|raphanus_sativus,region:pr,PRODUCED_IN,,196.28,200.14,13.0,6.0
cultivar:ipr_210|raphanus_sativus,region:rs,PRODUCED_IN,,561.1,603.38,15.0,4.0
cultivar:ipr_210|raphanus_sativus,region:sc,PRODUCED_IN,,44.1,66.36,3.0,1.0
cultivar:ipr_210|raphanus_sativus,region:sp,PRODUCED_IN,,60.5,78.0,1.0,1.0
cultivar:pgr_aurora|raphanus_sativus,species:raphanus_sativus,OF_SPECIES,,,,,
cultivar:pgr_aurora|raphanus_sativus,region:go,PRODUCED_IN,,6.0,3.8,2.0,1.0
cultivar:pgr_aurora|raphanus_sativus,region:mg,PRODUCED_IN,,6.0,6.0,1.0,1.0
cultivar:pa_de_pato|raphanus_sativus,species:raphanus_sativus,OF_SPECIES,,,,,
cultivar:pa_de_pato|raphanus_sativus,region:go,PRODUCED_IN,,80.0,160.0,1.0,1.0
cultivar:pa_de_pato|raphanus_sativus,region:mg,PRODUCED_IN,,80.0,80.0,1.0,1.0
cultivar:pa_de_pato|raphanus_sativus,region:ms,PRODUCED_IN,,652.0,943.0,9.0,4.0
cultivar:pa_de_pato|raphanus_sativus,region:pr,PRODUCED_IN,,99.62,82.57,8.0,7.0
cultivar:pa_de_pato|raphanus_sativus,region:rs,PRODUCED_IN,,193.0,291.0,4.0,1.0
cultivar:pa_de_pato|raphanus_sativus,region:sc,PRODUCED_IN,,205.0,211.8,5.0,3.0
cultivar:pa_de_pato|raphanus_sativus,region:sp,PRODUCED_IN,,181.0,195.2,7.0,4.0
cultivar:trado|raphanus_sativus,species:raphanus_sativus,OF_SPECIES,,,,,
cultivar:trado|raphanus_sativus,region:ba,PRODUCED_IN,,100.0,160.0,1.0,1.0
cultivar:trado|raphanus_sativus,region:mg,PRODUCED_IN,,15.0,15.0,1.0,1.0
cultivar:trado|raphanus_sativus,region:ms,PRODUCED_IN,,150.0,120.0,1.0,1.0
cultivar:trado|raphanus_sativus,region:pr,PRODUCED_IN,,64.32,79.1,6.0,4.0
cultivar:trado|raphanus_sativus,region:rs,PRODUCED_IN,,899.25,975.87,54.0,7.0
species:solanum_lycopersicum,crop:c_7805,IS_A,100.0,,,,
cultivar:16tom00688|solanum_lycopersicum,species:solanum_lycopersicum,OF_SPECIES,,,,,
cultivar:16tom00688|solanum_lycopersicum,region:sp,PRODUCED_IN,,0.0,0.0,1.0,1.0
cultivar:16tom00710|solanum_lycopersicum,species:solanum_lycopersicum,OF_SPECIES,,,,,
cultivar:16tom00710|solanum_lycopersicum,region:sp,PRODUCED_IN,,0.02,0.0,1.0,1.0
cultivar:18tom11060|solanum_lycopersicum,species:solanum_lycopersicum,OF_SPECIES,,,,,
cultivar:18tom11060|solanum_lycopersicum,region:sp,PRODUCED_IN,,0.02,0.0,1.0,1.0
cultivar:18tom11079|solanum_lycopersicum,species:solanum_lycopersicum,OF_SPECIES,,,,,
cultivar:18tom11079|solanum_lycopersicum,region:sp,PRODUCED_IN,,0.02,0.0,1.0,1.0
cultivar:21tom13300|solanum_lycopersicum,species:solanum_lycopersicum,OF_SPECIES,,,,,
cultivar:21tom13300|solanum_lycopersicum,region:sp,PRODUCED_IN,,0.01,0.0,1.0,1.0
cultivar:21tom13328|solanum_lycopersicum,species:solanum_lycopersicum,OF_SPECIES,,,,,
cultivar:21tom13328|solanum_lycopersicum,region:sp,PRODUCED_IN,,0.0,0.0,1.0,1.0
cultivar:af1000|solanum_lycopersicum,species:solanum_lycopersicum,OF_SPECIES,,,,,
cultivar:af1000|solanum_lycopersicum,region:sp,PRODUCED_IN,,0.14,0.01,2.0,2.0
cultivar:af1001|solanum_lycopersicum,species:solanum_lycopersicum,OF_SPECIES,,,,,
cultivar:af1001|solanum_lycopersicum,region:sp,PRODUCED_IN,,0.16,0.01,1.0,1.0
cultivar:af1003|solanum_lycopersicum,species:solanum_lycopersicum,OF_SPECIES,,,,,
cultivar:af1003|solanum_lycopersicum,region:sp,PRODUCED_IN,,0.23,0.01,2.0,1.0
cultivar:af1004|solanum_lycopersicum,species:solanum_lycopersicum,OF_SPECIES,,,,,
cultivar:af1004|solanum_lycopersicum,region:sp,PRODUCED_IN,,0.11,0.01,1.0,1.0
cultivar:af1006|solanum_lycopersicum,species:solanum_lycopersicum,OF_SPECIES,,,,,
cultivar:af1006|solanum_lycopersicum,region:sp,PRODUCED_IN,,0.07,0.01,1.0,1.0
cultivar:af1009|solanum_lycopersicum,species:solanum_lycopersicum,OF_SPECIES,,,,,
cultivar:af1009|solanum_lycopersicum,region:sp,PRODUCED_IN,,0.05,0.01,1.0,1.0
cultivar:af1010|solanum_lycopersicum,species:solanum_lycopersicum,OF_SPECIES,,,,,
cultivar:af1010|solanum_lycopersicum,region:sp,PRODUCED_IN,,0.09,0.01,1.0,1.0
cultivar:af1012|solanum_lycopersicum,species:solanum_lycopersicum,OF_SPECIES,,,,,
cultivar:af1012|solanum_lycopersicum,region:sp,PRODUCED_IN,,0.05,0.0,1.0,1.0
cultivar:af1029|solanum_lycopersicum,species:solanum_lycopersicum,OF_SPECIES,,,,,
cultivar:af1029|solanum_lycopersicum,region:sp,PRODUCED_IN,,0.14,0.01,2.0,1.0
cultivar:af1032|solanum_lycopersicum,species:solanum_lycopersicum,OF_SPECIES,,,,,
cultivar:af1032|solanum_lycopersicum,region:sp,PRODUCED_IN,,0.07,0.0,1.0,1.0
cultivar:af11877|solanum_lycopersicum,species:solanum_lycopersicum,OF_SPECIES,,,,,
cultivar:af11877|solanum_lycopersicum,region:mg,PRODUCED_IN,,0.09,0.01,1.0,1.0
cultivar:af11877|solanum_lycopersicum,region:sp,PRODUCED_IN,,0.61,0.1,9.0,9.0
cultivar:af14086|solanum_lycopersicum,species:solanum_lycopersicum,OF_SPECIES,,,,,
cultivar:af14086|solanum_lycopersicum,region:sp,PRODUCED_IN,,0.02,0.0,1.0,1.0
cultivar:af14239|solanum_lycopersicum,species:solanum_lycopersicum,OF_SPECIES,,,,,
cultivar:af14239|solanum_lycopersicum,region:sp,PRODUCED_IN,,0.1,0.01,1.0,1.0
cultivar:af17865|solanum_lycopersicum,species:solanum_lycopersicum,OF_SPECIES,,,,,
cultivar:af17865|solanum_lycopersicum,region:sp,PRODUCED_IN,,0.05,0.0,1.0,1.0
cultivar:af20607|solanum_lycopersicum,species:solanum_lycopersicum,OF_SPECIES,,,,,
cultivar:af20607|solanum_lycopersicum,region:sp,PRODUCED_IN,,0.02,0.0,1.0,1.0
cultivar:af20648|solanum_lycopersicum,species:solanum_lycopersicum,OF_SPECIES,,,,,
cultivar:af20648|solanum_lycopersicum,region:sp,PRODUCED_IN,,0.06,0.01,2.0,2.0
cultivar:af21460|solanum_lycopersicum,species:solanum_lycopersicum,OF_SPECIES,,,,,
cultivar:af21460|solanum_lycopersicum,region:sp,PRODUCED_IN,,0.02,0.0,1.0,1.0
cultivar:af21462|solanum_lycopersicum,species:solanum_lycopersicum,OF_SPECIES,,,,,
cultivar:af21462|solanum_lycopersicum,region:sp,PRODUCED_IN,,0.02,0.0,1.0,1.0
cultivar:af21743|solanum_lycopersicum,species:solanum_lycopersicum,OF_SPECIES,,,,,
cultivar:af21743|solanum_lycopersicum,region:sp,PRODUCED_IN,,0.14,0.02,3.0,2.0
cultivar:af21985|solanum_lycopersicum,species:solanum_lycopersicum,OF_SPECIES,,,,,
cultivar:af21985|solanum_lycopersicum,region:sp,PRODUCED_IN,,0.02,0.0,1.0,1.0
cultivar:af22475|solanum_lycopersicum,species:solanum_lycopersicum,OF_SPECIES,,,,,
cultivar:af22475|solanum_lycopersicum,region:sp,PRODUCED_IN,,0.01,0.0,1.0,1.0
cultivar:af22741|solanum_lycopersicum,species:solanum_lycopersicum,OF_SPECIES,,,,,
cultivar:af22741|solanum_lycopersicum,region:sp,PRODUCED_IN,,0.02,0.0,1.0,1.0
cultivar:af22783|solanum_lycopersicum,species:solanum_lycopersicum,OF_SPECIES,,,,,
cultivar:af22783|solanum_lycopersicum,region:sp,PRODUCED_IN,,0.02,0.0,1.0,1.0
cultivar:af23329|solanum_lycopersicum,species:solanum_lycopersicum,OF_SPECIES,,,,,
cultivar:af23329|solanum_lycopersicum,region:sp,PRODUCED_IN,,0.02,0.0,1.0,1.0
cultivar:af23439|solanum_lycopersicum,species:solanum_lycopersicum,OF_SPECIES,,,,,
cultivar:af23439|solanum_lycopersicum,region:sp,PRODUCED_IN,,1.23,0.13,16.0,6.0
cultivar:af23872|solanum_lycopersicum,species:solanum_lycopersicum,OF_SPECIES,,,,,
cultivar:af23872|solanum_lycopersicum,region:sp,PRODUCED_IN,,0.02,0.0,1.0,1.0
cultivar:af24431|solanum_lycopersicum,species:solanum_lycopersicum,OF_SPECIES,,,,,
cultivar:af24431|solanum_lycopersicum,region:sp,PRODUCED_IN,,0.02,0.0,1.0,1.0
cultivar:af24736|solanum_lycopersicum,species:solanum_lycopersicum,OF_SPECIES,,,,,
cultivar:af24736|solanum_lycopersicum,region:sp,PRODUCED_IN,,0.02,0.0,1.0,1.0
cultivar:af26016|solanum_lycopersicum,species:solanum_lycopersicum,OF_SPECIES,,,,,
cultivar:af26016|solanum_lycopersicum,region:mg,PRODUCED_IN,,0.02,0.0,1.0,1.0
cultivar:af26016|solanum_lycopersicum,region:sp,PRODUCED_IN,,0.27,0.02,7.0,5.0
cultivar:af27645|solanum_lycopersicum,species:solanum_lycopersicum,OF_SPECIES,,,,,
cultivar:af27645|solanum_lycopersicum,region:sp,PRODUCED_IN,,0.04,0.0,1.0,1.0
cultivar:af27743|solanum_lycopersicum,species:solanum_lycopersicum,OF_SPECIES,,,,,
cultivar:af27743|solanum_lycopersicum,region:mg,PRODUCED_IN,,0.06,0.01,1.0,1.0
cultivar:af27743|solanum_lycopersicum,region:sp,PRODUCED_IN,,1.44,0.13,22.0,12.0
cultivar:af28435|solanum_lycopersicum,species:solanum_lycopersicum,OF_SPECIES,,,,,
cultivar:af28435|solanum_lycopersicum,region:sp,PRODUCED_IN,,0.02,0.0,1.0,1.0
cultivar:af28440|solanum_lycopersicum,species:solanum_lycopersicum,OF_SPECIES,,,,,
cultivar:af28440|solanum_lycopersicum,region:sp,PRODUCED_IN,,0.02,0.0,1.0,1.0
cultivar:af28510|solanum_lycopersicum,species:solanum_lycopersicum,OF_SPECIES,,,,,
cultivar:af28510|solanum_lycopersicum,region:sp,PRODUCED_IN,,0.03,0.0,1.0,1.0
cultivar:af32492|solanum_lycopersicum,species:solanum_lycopersicum,OF_SPECIES,,,,,
cultivar:af32492|solanum_lycopersicum,region:sp,PRODUCED_IN,,0.08,0.01,2.0,2.0
cultivar:af35044|solanum_lycopersicum,species:solanum_lycopersicum,OF_SPECIES,,,,,
cultivar:af35044|solanum_lycopersicum,region:sp,PRODUCED_IN,,0.53,0.05,8.0,6.0
cultivar:af35127|solanum_lycopersicum,species:solanum_lycopersicum,OF_SPECIES,,,,,
cultivar:af35127|solanum_lycopersicum,region:sp,PRODUCED_IN,,0.5,0.07,8.0,6.0
cultivar:af35864|solanum_lycopersicum,species:solanum_lycopersicum,OF_SPECIES,,,,,
cultivar:af35864|solanum_lycopersicum,region:sp,PRODUCED_IN,,0.05,0.0,1.0,1.0
cultivar:af36064|solanum_lycopersicum,species:solanum_lycopersicum,OF_SPECIES,,,,,
cultivar:af36064|solanum_lycopersicum,region:sp,PRODUCED_IN,,0.05,0.0,1.0,1.0
cultivar:af36766|solanum_lycopersicum,species:solanum_lycopersicum,OF_SPECIES,,,,,
cultivar:af36766|solanum_lycopersicum,region:sp,PRODUCED_IN,,0.02,0.0,1.0,1.0
cultivar:af36770|solanum_lycopersicum,species:solanum_lycopersicum,OF_SPECIES,,,,,
cultivar:af36770|solanum_lycopersicum,region:sp,PRODUCED_IN,,0.04,0.0,1.0,1.0
cultivar:af40413|solanum_lycopersicum,species:solanum_lycopersicum,OF_SPECIES,,,,,
cultivar:af40413|solanum_lycopersicum,region:sp,PRODUCED_IN,,0.05,0.0,1.0,1.0
cultivar:af40415|solanum_lycopersicum,species:solanum_lycopersicum,OF_SPECIES,,,,,
cultivar:af40415|solanum_lycopersicum,region:sp,PRODUCED_IN,,0.4,0.0,1.0,1.0
cultivar:af42668|solanum_lycopersicum,species:solanum_lycopersicum,OF_SPECIES,,,,,
cultivar:af42668|solanum_lycopersicum,region:sp,PRODUCED_IN,,0.12,0.01,2.0,1.0
cultivar:af44935|solanum_lycopersicum,species:solanum_lycopersicum,OF_SPECIES,,,,,
cultivar:af44935|solanum_lycopersicum,region:sp,PRODUCED_IN,,0.04,0.0,1.0,1.0
cultivar:af44937|solanum_lycopersicum,species:solanum_lycopersicum,OF_SPECIES,,,,,
cultivar:af44937|solanum_lycopersicum,region:sp,PRODUCED_IN,,0.04,0.0,1.0,1.0
cultivar:atualle_scv_952|solanum_lycopersicum,species:solanum_lycopersicum,OF_SPECIES,,,,,
cultivar:atualle_scv_952|solanum_lycopersicum,region:mg,PRODUCED_IN,,0.01,0.0,1.0,1.0
cultivar:atyna|solanum_lycopersicum,species:solanum_lycopersicum,OF_SPECIES,,,,,
cultivar:atyna|solanum_lycopersicum,region:sp,PRODUCED_IN,,0.01,0.0,2.0,1.0
cultivar:absoluto|solanum_lycopersicum,species:solanum_lycopersicum,OF_SPECIES,,,,,
cultivar:absoluto|solanum_lycopersicum,region:rs,PRODUCED_IN,,1.02,0.16,6.0,4.0
cultivar:absoluto|solanum_lycopersicum,region:sp,PRODUCED_IN,,0.1,0.01,1.0,1.0
cultivar:adriel|solanum_lycopersicum,species:solanum_lycopersicum,OF_SPECIES,,,,,
cultivar:adriel|solanum_lycopersicum,region:sp,PRODUCED_IN,,0.09,0.01,2.0,2.0
cultivar:afonso|solanum_lycopersicum,species:solanum_lycopersicum,OF_SPECIES,,,,,
cultivar:afonso|solanum_lycopersicum,region:sp,PRODUCED_IN,,0.28,0.03,6.0,6.0
cultivar:alani|solanum_lycopersicum,species:solanum_lycopersicum,OF_SPECIES,,,,,
cultivar:alani|solanum_lycopersicum,region:sp,PRODUCED_IN,,0.03,0.0,1.0,1.0
cultivar:alianaa|solanum_lycopersicum,species:solanum_lycopersicum,OF_SPECIES,,,,,
cultivar:alianaa|solanum_lycopersicum,region:sp,PRODUCED_IN,,0.02,0.0,2.0,1.0
cultivar:andes|solanum_lycopersicum,species:solanum_lycopersicum,OF_SPECIES,,,,,
cultivar:andes|solanum_lycopersicum,region:sp,PRODUCED_IN,,0.1,0.01,3.0,3.0
cultivar:asti|solanum_lycopersicum,species:solanum_lycopersicum,OF_SPECIES,,,,,
cultivar:asti|solanum_lycopersicum,region:pe,PRODUCED_IN,,0.07,0.01,2.0,2.0
cultivar:brs_laterrot|solanum_lycopersicum,species:solanum_lycopersicum,OF_SPECIES,,,,,
cultivar:brs_laterrot|solanum_lycopersicum,region:df,PRODUCED_IN,,0.04,0.0,1.0,1.0
cultivar:brs_nagai|solanum_lycopersicum,species:solanum_lycopersicum,OF_SPECIES,,,,,
cultivar:brs_nagai|solanum_lycopersicum,region:df,PRODUCED_IN,,0.08,0.01,1.0,1.0
cultivar:brs_tospodoro_pto|solanum_lycopersicum,species:solanum_lycopersicum,OF_SPECIES,,,,,
cultivar:brs_tospodoro_pto|solanum_lycopersicum,region:mg,PRODUCED_IN,,0.6,0.03,3.0,3.0
cultivar:brs_zamir|solanum_lycopersicum,species:solanum_lycopersicum,OF_SPECIES,,,,,
cultivar:brs_zamir|solanum_lycopersicum,region:sp,PRODUCED_IN,,0.04,0.01,1.0,1.0
cultivar:bvc27661|solanum_lycopersicum,species:solanum_lycopersicum,OF_SPECIES,,,,,
cultivar:bvc27661|solanum_lycopersicum,region:sp,PRODUCED_IN,,0.01,0.0,1.0,1.0
cultivar:bvc27672|solanum_lycopersicum,species:solanum_lycopersicum,OF_SPECIES,,,,,
cultivar:bvc27672|solanum_lycopersicum,region:sp,PRODUCED_IN,,0.01,0.0,1.0,1.0
cultivar:bvc27677|solanum_lycopersicum,species:solanum_lycopersicum,OF_SPECIES,,,,,
cultivar:bvc27677|solanum_lycopersicum,region:sp,PRODUCED_IN,,0.0,0.0,1.0,1.0
cultivar:bvc27760|solanum_lycopersicum,species:solanum_lycopersicum,OF_SPECIES,,,,,
cultivar:bvc27760|solanum_lycopersicum,region:sp,PRODUCED_IN,,0.18,0.01,1.0,1.0
cultivar:baga|solanum_lycopersicum,species:solanum_lycopersicum,OF_SPECIES,,,,,
cultivar:baga|solanum_lycopersicum,region:sp,PRODUCED_IN,,0.18,0.02,4.0,3.0
cultivar:barta|solanum_lycopersicum,species:solanum_lycopersicum,OF_SPECIES,,,,,
cultivar:barta|solanum_lycopersicum,region:ba,PRODUCED_IN,,59.7,8.03,4.0,2.0
cultivar:barta|solanum_lycopersicum,region:mg,PRODUCED_IN,,61.61,8.51,12.0,5.0
cultivar:barta|solanum_lycopersicum,region:sp,PRODUCED_IN,,0.0,0.0,2.0,2.0
cultivar:bento|solanum_lycopersicum,species:solanum_lycopersicum,OF_SPECIES,,,,,
cultivar:bento|solanum_lycopersicum,region:sp,PRODUCED_IN,,0.23,0.03,6.0,4.0
cultivar:bio_feliciana|solanum_lycopersicum,species:solanum_lycopersicum,OF_SPECIES,,,,,
cultivar:bio_feliciana|solanum_lycopersicum,region:ba,PRODUCED_IN,,0.16,0.01,2.0,1.0
cultivar:bio_feliciana|solanum_lycopersicum,region:ce,PRODUCED_IN,,0.1,0.01,1.0,1.0
cultivar:bio_feliciana|solanum_lycopersicum,region:mg,PRODUCED_IN,,1.25,0.18,6.0,2.0
cultivar:bio_feliciana|solanum_lycopersicum,region:rs,PRODUCED_IN,,5.44,0.33,33.0,8.0
cultivar:cintya|solanum_lycopersicum,species:solanum_lycopersicum,OF_SPECIES,,,,,
cultivar:cintya|solanum_lycopersicum,region:sp,PRODUCED_IN,,0.02,0.0,2.0,1.0
cultivar:comandante_scv_984|solanum_lycopersicum,species:solanum_lycopersicum,OF_SPECIES,,,,,
cultivar:comandante_scv_984|solanum_lycopersicum,region:mg,PRODUCED_IN,,0.01,0.0,1.0,1.0
cultivar:cvr_2909|solanum_lycopersicum,species:solanum_lycopersicum,OF_SPECIES,,,,,
cultivar:cvr_2909|solanum_lycopersicum,region:go,PRODUCED_IN,,0.23,0.04,1.0,1.0
cultivar:cvr_2909|solanum_lycopersicum,region:sp,PRODUCED_IN,,0.84,0.09,1.0,1.0
cultivar:cvr_5718|solanum_lycopersicum,species:solanum_lycopersicum,OF_SPECIES,,,,,
cultivar:cvr_5718|solanum_lycopersicum,region:go,PRODUCED_IN,,0.23,0.01,1.0,1.0
cultivar:cvr_8161|solanum_lycopersicum,species:solanum_lycopersicum,OF_SPECIES,,,,,
cultivar:cvr_8161|solanum_lycopersicum,region:sp,PRODUCED_IN,,0.36,0.03,1.0,1.0
cultivar:caline_ipa_7|solanum_lycopersicum,species:solanum_lycopersicum,OF_SPECIES,,,,,
cultivar:caline_ipa_7|solanum_lycopersicum,region:ba,PRODUCED_IN,,3.4,0.37,2.0,2.0
cultivar:caline_ipa_7|solanum_lycopersicum,region:pe,PRODUCED_IN,,2.0,0.3,1.0,1.0
cultivar:caline_ipa_6|solanum_lycopersicum,species:solanum_lycopersicum,OF_SPECIES,,,,,
cultivar:caline_ipa_6|solanum_lycopersicum,region:go,PRODUCED_IN,,6.0,0.72,1.0,1.0
cultivar:caliper|solanum_lycopersicum,species:solanum_lycopersicum,OF_SPECIES,,,,,
cultivar:caliper|solanum_lycopersicum,region:sp,PRODUCED_IN,,0.1,0.01,2.0,2.0
cultivar:camaqua_vermelho|solanum_lycopersicum,species:solanum_lycopersicum,OF_SPECIES,,,,,
cultivar:camaqua_vermelho|solanum_lycopersicum,region:sp,PRODUCED_IN,,0.97,0.14,15.0,9.0
cultivar:carina_golden|solanum_lycopersicum,species:solanum_lycopersicum,OF_SPECIES,,,,,
cultivar:carina_golden|solanum_lycopersicum,region:sp,PRODUCED_IN,,0.28,0.05,5.0,5.0
cultivar:carina_star|solanum_lycopersicum,species:solanum_lycopersicum,OF_SPECIES,,,,,
cultivar:carina_star|solanum_lycopersicum,region:mg,PRODUCED_IN,,0.06,0.01,1.0,1.0
cultivar:carina_star|solanum_lycopersicum,region:sp,PRODUCED_IN,,1.08,0.14,10.0,7.0
cultivar:carina_ty|solanum_lycopersicum,species:solanum_lycopersicum,OF_SPECIES,,,,,
cultivar:carina_ty|solanum_lycopersicum,region:sp,PRODUCED_IN,,1.3,0.69,9.0,4.0
cultivar:cariri|solanum_lycopersicum,species:solanum_lycopersicum,OF_SPECIES,,,,,
cultivar:cariri|solanum_lycopersicum,region:go,PRODUCED_IN,,0.01,0.02,1.0,1.0
cultivar:carolina|solanum_lycopersicum,species:solanum_lycopersicum,OF_SPECIES,,,,,
cultivar:carolina|solanum_lycopersicum,region:mg,PRODUCED_IN,,11.03,3.45,17.0,5.0
cultivar:carolina|solanum_lycopersicum,region:sp,PRODUCED_IN,,0.02,0.01,3.0,3.0
cultivar:carrara|solanum_lycopersicum,species:solanum_lycopersicum,OF_SPECIES,,,,,
cultivar:carrara|solanum_lycopersicum,region:pe,PRODUCED_IN,,0.29,0.02,2.0,2.0
cultivar:carrara|solanum_lycopersicum,region:rs,PRODUCED_IN,,0.05,0.01,1.0,1.0
cultivar:cassio|solanum_lycopersicum,species:solanum_lycopersicum,OF_SPECIES,,,,,
cultivar:cassio|solanum_lycopersicum,region:mg,PRODUCED_IN,,0.25,0.03,2.0,1.0
cultivar:cassio|solanum_lycopersicum,region:sp,PRODUCED_IN,,2.68,0.14,12.0,8.0
cultivar:cereja_cascade|solanum_lycopersicum,species:solanum_lycopersicum,OF_SPECIES,,,,,
cultivar:cereja_cascade|solanum_lycopersicum,region:sp,PRODUCED_IN,,0.06,0.01,3.0,3.0
cultivar:cereja_laranja|solanum_lycopersicum,species:solanum_lycopersicum,OF_SPECIES,,,,,
cultivar:cereja_laranja|solanum_lycopersicum,region:go,PRODUCED_IN,,0.4,0.11,4.0,4.0
cultivar:cereja_laranja|solanum_lycopersicum,region:mg,PRODUCED_IN,,0.5,0.12,1.0,1.0
cultivar:cereja_samambaia|solanum_lycopersicum,species:solanum_lycopersicum,OF_SPECIES,,,,,
cultivar:cereja_samambaia|solanum_lycopersicum,region:ba,PRODUCED_IN,,1.0,0.3,1.0,1.0
cultivar:cereja_samambaia|solanum_lycopersicum,region:go,PRODUCED_IN,,5.05,1.68,19.0,10.0
cultivar:cereja_samambaia|solanum_lycopersicum,region:mg,PRODUCED_IN,,0.5,0.12,1.0,1.0
cultivar:cereja_vermelho|solanum_lycopersicum,species:solanum_lycopersicum,OF_SPECIES,,,,,
cultivar:cereja_vermelho|solanum_lycopersicum,region:ba,PRODUCED_IN,,0.5,0.15,1.0,1.0
cultivar:cereja_vermelho|solanum_lycopersicum,region:go,PRODUCED_IN,,2.67,0.97,22.0,10.0
cultivar:cereja_vermelho|solanum_lycopersicum,region:mg,PRODUCED_IN,,7.02,2.18,14.0,5.0
cultivar:cereja_vermelho|solanum_lycopersicum,region:pe,PRODUCED_IN,,0.1,0.15,1.0,1.0
cultivar:cereja_vermelho|solanum_lycopersicum,region:rs,PRODUCED_IN,,4.97,0.41,38.0,9.0
cultivar:colono|solanum_lycopersicum,species:solanum_lycopersicum,OF_SPECIES,,,,,
cultivar:colono|solanum_lycopersicum,region:mg,PRODUCED_IN,,0.06,0.01,1.0,1.0
cultivar:colono|solanum_lycopersicum,region:sp,PRODUCED_IN,,1.78,0.32,25.0,15.0
cultivar:coloso|solanum_lycopersicum,species:solanum_lycopersicum,OF_SPECIES,,,,,
cultivar:coloso|solanum_lycopersicum,region:sp,PRODUCED_IN,,0.31,0.02,3.0,2.0
cultivar:colossus|solanum_lycopersicum,species:solanum_lycopersicum,OF_SPECIES,,,,,
cultivar:colossus|solanum_lycopersicum,region:rs,PRODUCED_IN,,0.0,0.0,1.0,1.0
cultivar:conquistador|solanum_lycopersicum,species:solanum_lycopersicum,OF_SPECIES,,,,,
cultivar:conquistador|solanum_lycopersicum,region:sp,PRODUCED_IN,,0.23,0.04,3.0,3.0
cultivar:contrattack|solanum_lycopersicum,species:solanum_lycopersicum,OF_SPECIES,,,,,
cultivar:contrattack|solanum_lycopersicum,region:sp,PRODUCED_IN,,1.84,0.26,23.0,10.0
cultivar:coraaao_de_boi|solanum_lycopersicum,species:solanum_lycopersicum,OF_SPECIES,,,,,
cultivar:coraaao_de_boi|solanum_lycopersicum,region:mg,PRODUCED_IN,,2.93,0.47,8.0,5.0
cultivar:coraaao_de_boi|solanum_lycopersicum,region:rs,PRODUCED_IN,,0.0,0.0,1.0,1.0
cultivar:cordillera|solanum_lycopersicum,species:solanum_lycopersicum,OF_SPECIES,,,,,
cultivar:cordillera|solanum_lycopersicum,region:rs,PRODUCED_IN,,0.1,0.01,1.0,1.0
cultivar:cynthia|solanum_lycopersicum,species:solanum_lycopersicum,OF_SPECIES,,,,,
cultivar:cynthia|solanum_lycopersicum,region:sp,PRODUCED_IN,,0.0,0.0,1.0,1.0
cultivar:danona|solanum_lycopersicum,species:solanum_lycopersicum,OF_SPECIES,,,,,
cultivar:danona|solanum_lycopersicum,region:mg,PRODUCED_IN,,0.02,0.0,2.0,1.0
cultivar:danona|solanum_lycopersicum,region:sp,PRODUCED_IN,,0.15,0.02,6.0,4.0
cultivar:delta|solanum_lycopersicum,species:solanum_lycopersicum,OF_SPECIES,,,,,
cultivar:delta|solanum_lycopersicum,region:sp,PRODUCED_IN,,0.05,0.01,3.0,2.0
cultivar:da_vinci|solanum_lycopersicum,species:solanum_lycopersicum,OF_SPECIES,,,,,
cultivar:da_vinci|solanum_lycopersicum,region:mg,PRODUCED_IN,,0.83,0.01,1.0,1.0
cultivar:da_vinci|solanum_lycopersicum,region:sp,PRODUCED_IN,,1.81,0.18,18.0,10.0
cultivar:dalva|solanum_lycopersicum,species:solanum_lycopersicum,OF_SPECIES,,,,,
cultivar:dalva|solanum_lycopersicum,region:rs,PRODUCED_IN,,0.1,0.01,1.0,1.0
cultivar:danilo|solanum_lycopersicum,species:solanum_lycopersicum,OF_SPECIES,,,,,
cultivar:danilo|solanum_lycopersicum,region:mg,PRODUCED_IN,,0.16,0.03,2.0,2.0
cultivar:danilo|solanum_lycopersicum,region:rs,PRODUCED_IN,,0.01,0.01,1.0,1.0
cultivar:debora_victory|solanum_lycopersicum,species:solanum_lycopersicum,OF_SPECIES,,,,,
cultivar:debora_victory|solanum_lycopersicum,region:sp,PRODUCED_IN,,0.18,0.03,3.0,2.0
cultivar:diamante_negro|solanum_lycopersicum,species:solanum_lycopersicum,OF_SPECIES,,,,,
cultivar:diamante_negro|solanum_lycopersicum,region:mg,PRODUCED_IN,,0.1,0.03,1.0,1.0
cultivar:diamante_negro|solanum_lycopersicum,region:rs,PRODUCED_IN,,0.02,0.0,1.0,1.0
cultivar:dionisio|solanum_lycopersicum,species:solanum_lycopersicum,OF_SPECIES,,,,,
cultivar:dionisio|solanum_lycopersicum,region:sp,PRODUCED_IN,,0.06,0.01,1.0,1.0
cultivar:durino|solanum_lycopersicum,species:solanum_lycopersicum,OF_SPECIES,,,,,
cultivar:durino|solanum_lycopersicum,region:go,PRODUCED_IN,,0.11,0.32,2.0,2.0
cultivar:dyra|solanum_lycopersicum,species:solanum_lycopersicum,OF_SPECIES,,,,,
cultivar:dyra|solanum_lycopersicum,region:sp,PRODUCED_IN,,0.04,0.01,3.0,2.0
cultivar:el_paya|solanum_lycopersicum,species:solanum_lycopersicum,OF_SPECIES,,,,,
cultivar:el_paya|solanum_lycopersicum,region:sp,PRODUCED_IN,,0.19,0.02,5.0,5.0
cultivar:ellen_f1|solanum_lycopersicum,species:solanum_lycopersicum,OF_SPECIES,,,,,
cultivar:ellen_f1|solanum_lycopersicum,region:rs,PRODUCED_IN,,0.7,0.08,4.0,3.0
cultivar:ellen_f1|solanum_lycopersicum,region:sp,PRODUCED_IN,,0.3,0.03,1.0,1.0
cultivar:ernesto|solanum_lycopersicum,species:solanum_lycopersicum,OF_SPECIES,,,,,
cultivar:ernesto|solanum_lycopersicum,region:mg,PRODUCED_IN,,0.97,0.2,4.0,4.0
cultivar:ernesto|solanum_lycopersicum,region:rs,PRODUCED_IN,,0.01,0.01,1.0,1.0
cultivar:evelyn|solanum_lycopersicum,species:solanum_lycopersicum,OF_SPECIES,,,,,
cultivar:evelyn|solanum_lycopersicum,region:sp,PRODUCED_IN,,0.06,0.01,2.0,2.0
cultivar:faro|solanum_lycopersicum,species:solanum_lycopersicum,OF_SPECIES,,,,,
cultivar:faro|solanum_lycopersicum,region:mg,PRODUCED_IN,,0.02,0.0,1.0,1.0
cultivar:faro|solanum_lycopersicum,region:sp,PRODUCED_IN,,0.0,0.0,1.0,1.0
cultivar:flex_scv_0416|solanum_lycopersicum,species:solanum_lycopersicum,OF_SPECIES,,,,,
cultivar:flex_scv_0416|solanum_lycopersicum,region:mg,PRODUCED_IN,,0.02,0.0,1.0,1.0
cultivar:faraon|solanum_lycopersicum,species:solanum_lycopersicum,OF_SPECIES,,,,,
cultivar:faraon|solanum_lycopersicum,region:sp,PRODUCED_IN,,0.59,0.04,4.0,2.0
cultivar:fascanio|solanum_lycopersicum,species:solanum_lycopersicum,OF_SPECIES,,,,,
cultivar:fascanio|solanum_lycopersicum,region:rs,PRODUCED_IN,,1.0,0.17,4.0,3.0
cultivar:fascanio|solanum_lycopersicum,region:sp,PRODUCED_IN,,0.6,0.06,1.0,1.0
cultivar:ferraz_ipa_8|solanum_lycopersicum,species:solanum_lycopersicum,OF_SPECIES,,,,,
cultivar:ferraz_ipa_8|solanum_lycopersicum,region:ba,PRODUCED_IN,,7.0,0.9,4.0,3.0
cultivar:ferraz_ipa_8|solanum_lycopersicum,region:pe,PRODUCED_IN,,0.39,0.01,1.0,1.0
cultivar:flavus|solanum_lycopersicum,species:solanum_lycopersicum,OF_SPECIES,,,,,
cultivar:flavus|solanum_lycopersicum,region:sp,PRODUCED_IN,,0.03,0.0,1.0,1.0
cultivar:floradade|solanum_lycopersicum,species:solanum_lycopersicum,OF_SPECIES,,,,,
cultivar:floradade|solanum_lycopersicum,region:go,PRODUCED_IN,,0.95,0.19,3.0,2.0
cultivar:gavi|solanum_lycopersicum,species:solanum_lycopersicum,OF_SPECIES,,,,,
cultivar:gavi|solanum_lycopersicum,region:pe,PRODUCED_IN,,0.03,0.01,2.0,2.0
cultivar:genlavir_6|solanum_lycopersicum,species:solanum_lycopersicum,OF_SPECIES,,,,,
cultivar:genlavir_6|solanum_lycopersicum,region:df,PRODUCED_IN,,0.0,0.0,1.0,1.0
cultivar:gyottone|solanum_lycopersicum,species:solanum_lycopersicum,OF_SPECIES,,,,,
cultivar:gyottone|solanum_lycopersicum,region:mg,PRODUCED_IN,,0.02,0.0,2.0,1.0
cultivar:gyottone|solanum_lycopersicum,region:sp,PRODUCED_IN,,8.46,0.87,53.0,13.0
cultivar:gaucho|solanum_lycopersicum,species:solanum_lycopersicum,OF_SPECIES,,,,,
cultivar:gaucho|solanum_lycopersicum,region:go,PRODUCED_IN,,5.21,1.12,9.0,6.0
cultivar:gaucho|solanum_lycopersicum,region:mg,PRODUCED_IN,,4.2,1.55,3.0,2.0
cultivar:gaaocho_melhorado_nova_geraaao|solanum_lycopersicum,species:solanum_lycopersicum,OF_SPECIES,,,,,
cultivar:gaaocho_melhorado_nova_geraaao|solanum_lycopersicum,region:mg,PRODUCED_IN,,3.1,0.84,3.0,1.0
cultivar:gaaocho_melhorado_nova_seleaao|solanum_lycopersicum,species:solanum_lycopersicum,OF_SPECIES,,,,,
cultivar:gaaocho_melhorado_nova_seleaao|solanum_lycopersicum,region:mg,PRODUCED_IN,,9.42,2.29,12.0,4.0
cultivar:gaaocho_melhorado_nova_seleaao|solanum_lycopersicum,region:rs,PRODUCED_IN,,1.0,0.3,1.0,1.0
cultivar:georgina|solanum_lycopersicum,species:solanum_lycopersicum,OF_SPECIES,,,,,
cultivar:georgina|solanum_lycopersicum,region:sp,PRODUCED_IN,,0.03,0.0,1.0,1.0
cultivar:gislani|solanum_lycopersicum,species:solanum_lycopersicum,OF_SPECIES,,,,,
cultivar:gislani|solanum_lycopersicum,region:sp,PRODUCED_IN,,0.17,0.03,5.0,5.0
cultivar:giuliana|solanum_lycopersicum,species:solanum_lycopersicum,OF_SPECIES,,,,,
cultivar:giuliana|solanum_lycopersicum,region:sp,PRODUCED_IN,,0.64,0.08,10.0,8.0
cultivar:htv_mercato|solanum_lycopersicum,species:solanum_lycopersicum,OF_SPECIES,,,,,
cultivar:htv_mercato|solanum_lycopersicum,region:pe,PRODUCED_IN,,0.01,0.0,2.0,2.0
cultivar:ibiza|solanum_lycopersicum,species:solanum_lycopersicum,OF_SPECIES,,,,,
cultivar:ibiza|solanum_lycopersicum,region:sp,PRODUCED_IN,,0.29,0.01,9.0,4.0
cultivar:invictus_scv_0316|solanum_lycopersicum,species:solanum_lycopersicum,OF_SPECIES,,,,,
cultivar:invictus_scv_0316|solanum_lycopersicum,region:mg,PRODUCED_IN,,0.02,0.0,1.0,1.0
cultivar:ipa_6|solanum_lycopersicum,species:solanum_lycopersicum,OF_SPECIES,,,,,
cultivar:ipa_6|solanum_lycopersicum,region:go,PRODUCED_IN,,33.1,3.9,4.0,4.0
cultivar:ipa_6|solanum_lycopersicum,region:mg,PRODUCED_IN,,56.72,7.6,18.0,10.0
cultivar:ipa_6|solanum_lycopersicum,region:rs,PRODUCED_IN,,0.83,0.07,6.0,5.0
cultivar:ipa_6|solanum_lycopersicum,region:sp,PRODUCED_IN,,0.52,0.15,2.0,1.0
cultivar:indio|solanum_lycopersicum,species:solanum_lycopersicum,OF_SPECIES,,,,,
cultivar:indio|solanum_lycopersicum,region:sp,PRODUCED_IN,,0.33,0.06,7.0,6.0
cultivar:ivety|solanum_lycopersicum,species:solanum_lycopersicum,OF_SPECIES,,,,,
cultivar:ivety|solanum_lycopersicum,region:sp,PRODUCED_IN,,0.12,0.02,2.0,2.0
cultivar:jessica_plus|solanum_lycopersicum,species:solanum_lycopersicum,OF_SPECIES,,,,,
cultivar:jessica_plus|solanum_lycopersicum,region:sp,PRODUCED_IN,,0.0,0.0,1.0,1.0
cultivar:jessica_star|solanum_lycopersicum,species:solanum_lycopersicum,OF_SPECIES,,,,,
cultivar:jessica_star|solanum_lycopersicum,region:sp,PRODUCED_IN,,0.01,0.0,1.0,1.0
cultivar:jonatas|solanum_lycopersicum,species:solanum_lycopersicum,OF_SPECIES,,,,,
cultivar:jonatas|solanum_lycopersicum,region:sp,PRODUCED_IN,,0.03,0.01,1.0,1.0
cultivar:kelen|solanum_lycopersicum,species:solanum_lycopersicum,OF_SPECIES,,,,,
cultivar:kelen|solanum_lycopersicum,region:sp,PRODUCED_IN,,0.0,0.0,1.0,1.0
cultivar:kenny|solanum_lycopersicum,species:solanum_lycopersicum,OF_SPECIES,,,,,
cultivar:kenny|solanum_lycopersicum,region:sp,PRODUCED_IN,,0.03,0.0,1.0,1.0
cultivar:king_rock|solanum_lycopersicum,species:solanum_lycopersicum,OF_SPECIES,,,,,
cultivar:king_rock|solanum_lycopersicum,region:go,PRODUCED_IN,,76.0,18.68,3.0,3.0
cultivar:kombat|solanum_lycopersicum,species:solanum_lycopersicum,OF_SPECIES,,,,,
cultivar:kombat|solanum_lycopersicum,region:sp,PRODUCED_IN,,0.25,0.05,7.0,4.0
cultivar:lai_049|solanum_lycopersicum,species:solanum_lycopersicum,OF_SPECIES,,,,,
cultivar:lai_049|solanum_lycopersicum,region:df,PRODUCED_IN,,0.0,0.0,1.0,1.0
cultivar:lam_147|solanum_lycopersicum,species:solanum_lycopersicum,OF_SPECIES,,,,,
cultivar:lam_147|solanum_lycopersicum,region:df,PRODUCED_IN,,0.0,0.0,1.0,1.0
cultivar:lam_147|solanum_lycopersicum,region:rs,PRODUCED_IN,,0.21,0.01,1.0,1.0
cultivar:lam_156|solanum_lycopersicum,species:solanum_lycopersicum,OF_SPECIES,,,,,
cultivar:lam_156|solanum_lycopersicum,region:df,PRODUCED_IN,,0.0,0.0,1.0,1.0
cultivar:lam_156|solanum_lycopersicum,region:rs,PRODUCED_IN,,0.21,0.01,1.0,1.0
cultivar:lam_162ty|solanum_lycopersicum,species:solanum_lycopersicum,OF_SPECIES,,,,,
cultivar:lam_162ty|solanum_lycopersicum,region:df,PRODUCED_IN,,0.0,0.0,1.0,1.0
cultivar:lam_162ty|solanum_lycopersicum,region:rs,PRODUCED_IN,,0.07,0.01,1.0,1.0
cultivar:lam_183|solanum_lycopersicum,species:solanum_lycopersicum,OF_SPECIES,,,,,
cultivar:lam_183|solanum_lycopersicum,region:rs,PRODUCED_IN,,0.0,0.0,1.0,1.0
cultivar:lam_205|solanum_lycopersicum,species:solanum_lycopersicum,OF_SPECIES,,,,,
cultivar:lam_205|solanum_lycopersicum,region:df,PRODUCED_IN,,0.0,0.0,1.0,1.0
cultivar:lam_205|solanum_lycopersicum,region:rs,PRODUCED_IN,,0.07,0.01,1.0,1.0
cultivar:lam_221|solanum_lycopersicum,species:solanum_lycopersicum,OF_SPECIES,,,,,
cultivar:lam_221|solanum_lycopersicum,region:df,PRODUCED_IN,,0.0,0.0,2.0,2.0
cultivar:lam_233|solanum_lycopersicum,species:solanum_lycopersicum,OF_SPECIES,,,,,
cultivar:lam_233|solanum_lycopersicum,region:df,PRODUCED_IN,,0.0,0.0,2.0,2.0
cultivar:lam_259|solanum_lycopersicum,species:solanum_lycopersicum,OF_SPECIES,,,,,
cultivar:lam_259|solanum_lycopersicum,region:df,PRODUCED_IN,,0.0,0.0,3.0,3.0
cultivar:lam_270|solanum_lycopersicum,species:solanum_lycopersicum,OF_SPECIES,,,,,
cultivar:lam_270|solanum_lycopersicum,region:rs,PRODUCED_IN,,0.0,0.0,1.0,1.0
cultivar:lam_288|solanum_lycopersicum,species:solanum_lycopersicum,OF_SPECIES,,,,,
cultivar:lam_288|solanum_lycopersicum,region:df,PRODUCED_IN,,0.0,0.0,3.0,3.0
cultivar:lam_319|solanum_lycopersicum,species:solanum_lycopersicum,OF_SPECIES,,,,,
cultivar:lam_319|solanum_lycopersicum,region:df,PRODUCED_IN,,0.0,0.0,1.0,1.0
cultivar:lam_320|solanum_lycopersicum,species:solanum_lycopersicum,OF_SPECIES,,,,,
cultivar:lam_320|solanum_lycopersicum,region:df,PRODUCED_IN,,0.0,0.0,1.0,1.0
cultivar:lam_321|solanum_lycopersicum,species:solanum_lycopersicum,OF_SPECIES,,,,,
cultivar:lam_321|solanum_lycopersicum,region:rs,PRODUCED_IN,,0.07,0.01,1.0,1.0
cultivar:lam_322|solanum_lycopersicum,species:solanum_lycopersicum,OF_SPECIES,,,,,
cultivar:lam_322|solanum_lycopersicum,region:rs,PRODUCED_IN,,0.07,0.01,1.0,1.0
cultivar:lam_339|solanum_lycopersicum,species:solanum_lycopersicum,OF_SPECIES,,,,,
cultivar:lam_339|solanum_lycopersicum,region:df,PRODUCED_IN,,0.0,0.0,1.0,1.0
cultivar:lam_374|solanum_lycopersicum,species:solanum_lycopersicum,OF_SPECIES,,,,,
cultivar:lam_374|solanum_lycopersicum,region:df,PRODUCED_IN,,0.0,0.0,1.0,1.0
cultivar:lam_375|solanum_lycopersicum,species:solanum_lycopersicum,OF_SPECIES,,,,,
cultivar:lam_375|solanum_lycopersicum,region:df,PRODUCED_IN,,0.0,0.0,1.0,1.0
cultivar:logusto|solanum_lycopersicum,species:solanum_lycopersicum,OF_SPECIES,,,,,
cultivar:logusto|solanum_lycopersicum,region:sp,PRODUCED_IN,,0.03,0.0,2.0,1.0
cultivar:laranja_para_salada|solanum_lycopersicum,species:solanum_lycopersicum,OF_SPECIES,,,,,
cultivar:laranja_para_salada|solanum_lycopersicum,region:go,PRODUCED_IN,,1.0,0.12,1.0,1.0
cultivar:le_petit|solanum_lycopersicum,species:solanum_lycopersicum,OF_SPECIES,,,,,
cultivar:le_petit|solanum_lycopersicum,region:sp,PRODUCED_IN,,0.03,0.0,1.0,1.0
cultivar:leblon|solanum_lycopersicum,species:solanum_lycopersicum,OF_SPECIES,,,,,
cultivar:leblon|solanum_lycopersicum,region:sp,PRODUCED_IN,,1.2,0.07,16.0,8.0
cultivar:libertador|solanum_lycopersicum,species:solanum_lycopersicum,OF_SPECIES,,,,,
cultivar:libertador|solanum_lycopersicum,region:sp,PRODUCED_IN,,0.12,0.01,2.0,1.0
cultivar:linda|solanum_lycopersicum,species:solanum_lycopersicum,OF_SPECIES,,,,,
cultivar:linda|solanum_lycopersicum,region:sp,PRODUCED_IN,,1.18,0.23,14.0,5.0
cultivar:lino|solanum_lycopersicum,species:solanum_lycopersicum,OF_SPECIES,,,,,
cultivar:lino|solanum_lycopersicum,region:mg,PRODUCED_IN,,0.22,0.05,2.0,2.0
cultivar:lino|solanum_lycopersicum,region:rs,PRODUCED_IN,,0.1,0.1,1.0,1.0
cultivar:luan|solanum_lycopersicum,species:solanum_lycopersicum,OF_SPECIES,,,,,
cultivar:luan|solanum_lycopersicum,region:sp,PRODUCED_IN,,0.02,0.0,1.0,1.0
cultivar:lumen|solanum_lycopersicum,species:solanum_lycopersicum,OF_SPECIES,,,,,
cultivar:lumen|solanum_lycopersicum,region:sp,PRODUCED_IN,,0.03,0.0,1.0,1.0
cultivar:magna|solanum_lycopersicum,species:solanum_lycopersicum,OF_SPECIES,,,,,
cultivar:magna|solanum_lycopersicum,region:sp,PRODUCED_IN,,0.02,0.0,2.0,1.0
cultivar:mangiato|solanum_lycopersicum,species:solanum_lycopersicum,OF_SPECIES,,,,,
cultivar:mangiato|solanum_lycopersicum,region:sp,PRODUCED_IN,,0.51,0.1,4.0,3.0
cultivar:marioto|solanum_lycopersicum,species:solanum_lycopersicum,OF_SPECIES,,,,,
cultivar:marioto|solanum_lycopersicum,region:sp,PRODUCED_IN,,0.03,0.0,2.0,1.0
cultivar:marruaz_scv_945|solanum_lycopersicum,species:solanum_lycopersicum,OF_SPECIES,,,,,
cultivar:marruaz_scv_945|solanum_lycopersicum,region:mg,PRODUCED_IN,,0.01,0.0,1.0,1.0
cultivar:milla|solanum_lycopersicum,species:solanum_lycopersicum,OF_SPECIES,,,,,
cultivar:milla|solanum_lycopersicum,region:rs,PRODUCED_IN,,0.01,0.0,1.0,1.0
cultivar:monte_mor|solanum_lycopersicum,species:solanum_lycopersicum,OF_SPECIES,,,,,
cultivar:monte_mor|solanum_lycopersicum,region:sp,PRODUCED_IN,,0.0,0.0,1.0,1.0
cultivar:macizo|solanum_lycopersicum,species:solanum_lycopersicum,OF_SPECIES,,,,,
cultivar:macizo|solanum_lycopersicum,region:sp,PRODUCED_IN,,2.16,0.07,5.0,1.0
cultivar:mandalah|solanum_lycopersicum,species:solanum_lycopersicum,OF_SPECIES,,,,,
cultivar:mandalah|solanum_lycopersicum,region:sp,PRODUCED_IN,,0.14,0.01,3.0,3.0
cultivar:marguerita|solanum_lycopersicum,species:solanum_lycopersicum,OF_SPECIES,,,,,
cultivar:marguerita|solanum_lycopersicum,region:rs,PRODUCED_IN,,0.0,0.0,1.0,1.0
cultivar:mariana|solanum_lycopersicum,species:solanum_lycopersicum,OF_SPECIES,,,,,
cultivar:mariana|solanum_lycopersicum,region:pi,PRODUCED_IN,,1.28,0.1,4.0,2.0
cultivar:mariana|solanum_lycopersicum,region:sp,PRODUCED_IN,,2.76,0.3,25.0,8.0
cultivar:martina|solanum_lycopersicum,species:solanum_lycopersicum,OF_SPECIES,,,,,
cultivar:martina|solanum_lycopersicum,region:sp,PRODUCED_IN,,0.15,0.01,4.0,3.0
cultivar:matinella|solanum_lycopersicum,species:solanum_lycopersicum,OF_SPECIES,,,,,
cultivar:matinella|solanum_lycopersicum,region:mg,PRODUCED_IN,,0.12,0.02,2.0,2.0
cultivar:matinella|solanum_lycopersicum,region:sp,PRODUCED_IN,,0.66,0.09,12.0,10.0
cultivar:michelangelo|solanum_lycopersicum,species:solanum_lycopersicum,OF_SPECIES,,,,,
cultivar:michelangelo|solanum_lycopersicum,region:mg,PRODUCED_IN,,0.59,0.1,3.0,2.0
cultivar:milagros|solanum_lycopersicum,species:solanum_lycopersicum,OF_SPECIES,,,,,
cultivar:milagros|solanum_lycopersicum,region:sp,PRODUCED_IN,,0.65,0.06,6.0,4.0
cultivar:napolitano|solanum_lycopersicum,species:solanum_lycopersicum,OF_SPECIES,,,,,
cultivar:napolitano|solanum_lycopersicum,region:mg,PRODUCED_IN,,0.02,0.0,1.0,1.0
cultivar:napolitano|solanum_lycopersicum,region:sp,PRODUCED_IN,,0.19,0.02,6.0,3.0
cultivar:napoleao|solanum_lycopersicum,species:solanum_lycopersicum,OF_SPECIES,,,,,
cultivar:napoleao|solanum_lycopersicum,region:sp,PRODUCED_IN,,0.09,0.01,2.0,2.0
cultivar:nicolas|solanum_lycopersicum,species:solanum_lycopersicum,OF_SPECIES,,,,,
cultivar:nicolas|solanum_lycopersicum,region:rs,PRODUCED_IN,,0.0,0.0,1.0,1.0
cultivar:ocean|solanum_lycopersicum,species:solanum_lycopersicum,OF_SPECIES,,,,,
cultivar:ocean|solanum_lycopersicum,region:sp,PRODUCED_IN,,0.05,0.01,5.0,3.0
cultivar:odete|solanum_lycopersicum,species:solanum_lycopersicum,OF_SPECIES,,,,,
cultivar:odete|solanum_lycopersicum,region:mg,PRODUCED_IN,,0.25,0.07,1.0,1.0
cultivar:odete|solanum_lycopersicum,region:sp,PRODUCED_IN,,0.02,0.0,2.0,1.0
cultivar:p52|solanum_lycopersicum,species:solanum_lycopersicum,OF_SPECIES,,,,,
cultivar:p52|solanum_lycopersicum,region:sp,PRODUCED_IN,,0.37,0.03,1.0,1.0
cultivar:paraty|solanum_lycopersicum,species:solanum_lycopersicum,OF_SPECIES,,,,,
cultivar:paraty|solanum_lycopersicum,region:sp,PRODUCED_IN,,0.0,0.0,3.0,2.0
cultivar:pisaneso|solanum_lycopersicum,species:solanum_lycopersicum,OF_SPECIES,,,,,
cultivar:pisaneso|solanum_lycopersicum,region:sp,PRODUCED_IN,,0.36,0.04,8.0,6.0
cultivar:pleno|solanum_lycopersicum,species:solanum_lycopersicum,OF_SPECIES,,,,,
cultivar:pleno|solanum_lycopersicum,region:sp,PRODUCED_IN,,0.02,0.0,2.0,1.0
cultivar:pollo_scv_0214|solanum_lycopersicum,species:solanum_lycopersicum,OF_SPECIES,,,,,
cultivar:pollo_scv_0214|solanum_lycopersicum,region:mg,PRODUCED_IN,,0.02,0.0,1.0,1.0
cultivar:pxt_601|solanum_lycopersicum,species:solanum_lycopersicum,OF_SPECIES,,,,,
cultivar:pxt_601|solanum_lycopersicum,region:go,PRODUCED_IN,,0.04,0.0,1.0,1.0
cultivar:paola|solanum_lycopersicum,species:solanum_lycopersicum,OF_SPECIES,,,,,
cultivar:paola|solanum_lycopersicum,region:sp,PRODUCED_IN,,0.0,0.0,1.0,1.0
cultivar:pietra|solanum_lycopersicum,species:solanum_lycopersicum,OF_SPECIES,,,,,
cultivar:pietra|solanum_lycopersicum,region:mg,PRODUCED_IN,,0.14,0.02,2.0,1.0
cultivar:pietra|solanum_lycopersicum,region:sp,PRODUCED_IN,,0.2,0.03,4.0,4.0
cultivar:popuri|solanum_lycopersicum,species:solanum_lycopersicum,OF_SPECIES,,,,,
cultivar:popuri|solanum_lycopersicum,region:sp,PRODUCED_IN,,0.03,0.0,1.0,1.0
cultivar:poweroot|solanum_lycopersicum,species:solanum_lycopersicum,OF_SPECIES,,,,,
cultivar:poweroot|solanum_lycopersicum,region:sp,PRODUCED_IN,,0.27,0.01,3.0,3.0
cultivar:paara_amarelo|solanum_lycopersicum,species:solanum_lycopersicum,OF_SPECIES,,,,,
cultivar:paara_amarelo|solanum_lycopersicum,region:ba,PRODUCED_IN,,0.1,0.05,1.0,1.0
cultivar:paara_amarelo|solanum_lycopersicum,region:go,PRODUCED_IN,,1.05,0.25,6.0,5.0
cultivar:paara_amarelo|solanum_lycopersicum,region:mg,PRODUCED_IN,,0.6,0.15,2.0,2.0
cultivar:rasteiro_rio_grande|solanum_lycopersicum,species:solanum_lycopersicum,OF_SPECIES,,,,,
cultivar:rasteiro_rio_grande|solanum_lycopersicum,region:mg,PRODUCED_IN,,3.02,0.48,6.0,4.0
cultivar:ravena|solanum_lycopersicum,species:solanum_lycopersicum,OF_SPECIES,,,,,
cultivar:ravena|solanum_lycopersicum,region:sp,PRODUCED_IN,,2.44,0.29,30.0,16.0
cultivar:ricardo|solanum_lycopersicum,species:solanum_lycopersicum,OF_SPECIES,,,,,
cultivar:ricardo|solanum_lycopersicum,region:sp,PRODUCED_IN,,0.05,0.01,1.0,1.0
cultivar:rio_grande|solanum_lycopersicum,species:solanum_lycopersicum,OF_SPECIES,,,,,
cultivar:rio_grande|solanum_lycopersicum,region:go,PRODUCED_IN,,348.0,80.1,13.0,5.0
cultivar:rio_grande|solanum_lycopersicum,region:mg,PRODUCED_IN,,1.5,0.3,2.0,2.0
cultivar:robusto|solanum_lycopersicum,species:solanum_lycopersicum,OF_SPECIES,,,,,
cultivar:robusto|solanum_lycopersicum,region:sp,PRODUCED_IN,,0.94,0.17,17.0,6.0
cultivar:roma|solanum_lycopersicum,species:solanum_lycopersicum,OF_SPECIES,,,,,
cultivar:roma|solanum_lycopersicum,region:mg,PRODUCED_IN,,2.0,0.3,1.0,1.0
cultivar:roma_vfn|solanum_lycopersicum,species:solanum_lycopersicum,OF_SPECIES,,,,,
cultivar:roma_vfn|solanum_lycopersicum,region:go,PRODUCED_IN,,9.1,1.53,6.0,6.0
cultivar:romero|solanum_lycopersicum,species:solanum_lycopersicum,OF_SPECIES,,,,,
cultivar:romero|solanum_lycopersicum,region:mg,PRODUCED_IN,,0.66,0.02,5.0,4.0
cultivar:santanna_scv_988|solanum_lycopersicum,species:solanum_lycopersicum,OF_SPECIES,,,,,
cultivar:santanna_scv_988|solanum_lycopersicum,region:mg,PRODUCED_IN,,0.01,0.0,1.0,1.0
cultivar:sc1_023|solanum_lycopersicum,species:solanum_lycopersicum,OF_SPECIES,,,,,
cultivar:sc1_023|solanum_lycopersicum,region:mg,PRODUCED_IN,,0.04,0.0,1.0,1.0
cultivar:sc1_023|solanum_lycopersicum,region:sp,PRODUCED_IN,,0.26,0.01,8.0,8.0
cultivar:scs375_kaiaara|solanum_lycopersicum,species:solanum_lycopersicum,OF_SPECIES,,,,,
cultivar:scs375_kaiaara|solanum_lycopersicum,region:mg,PRODUCED_IN,,1.55,0.34,3.0,3.0
cultivar:scs375_kaiaara|solanum_lycopersicum,region:rs,PRODUCED_IN,,0.28,0.02,3.0,3.0
cultivar:scv_707|solanum_lycopersicum,species:solanum_lycopersicum,OF_SPECIES,,,,,
cultivar:scv_707|solanum_lycopersicum,region:mg,PRODUCED_IN,,0.01,0.0,1.0,1.0
cultivar:sollar_scv_831|solanum_lycopersicum,species:solanum_lycopersicum,OF_SPECIES,,,,,
cultivar:sollar_scv_831|solanum_lycopersicum,region:mg,PRODUCED_IN,,0.01,0.0,1.0,1.0
cultivar:sollar_scv_831|solanum_lycopersicum,region:pe,PRODUCED_IN,,0.01,0.0,1.0,1.0
cultivar:san_marzano|solanum_lycopersicum,species:solanum_lycopersicum,OF_SPECIES,,,,,
cultivar:san_marzano|solanum_lycopersicum,region:mg,PRODUCED_IN,,4.64,1.03,5.0,4.0
cultivar:san_marzano|solanum_lycopersicum,region:rs,PRODUCED_IN,,0.28,0.02,2.0,2.0
cultivar:santa_clara|solanum_lycopersicum,species:solanum_lycopersicum,OF_SPECIES,,,,,
cultivar:santa_clara|solanum_lycopersicum,region:go,PRODUCED_IN,,20.5,3.56,6.0,6.0
cultivar:santa_clara|solanum_lycopersicum,region:mg,PRODUCED_IN,,4.19,0.9,6.0,3.0
cultivar:santa_clara|solanum_lycopersicum,region:rs,PRODUCED_IN,,0.1,0.01,1.0,1.0
cultivar:santa_clara_5_800|solanum_lycopersicum,species:solanum_lycopersicum,OF_SPECIES,,,,,
cultivar:santa_clara_5_800|solanum_lycopersicum,region:mg,PRODUCED_IN,,15.01,3.76,5.0,4.0
cultivar:santa_clara_5_800|solanum_lycopersicum,region:sp,PRODUCED_IN,,0.01,0.0,1.0,1.0
cultivar:santa_clara_ht|solanum_lycopersicum,species:solanum_lycopersicum,OF_SPECIES,,,,,
cultivar:santa_clara_ht|solanum_lycopersicum,region:mg,PRODUCED_IN,,0.45,0.12,2.0,2.0
cultivar:santa_clara_ht|solanum_lycopersicum,region:sc,PRODUCED_IN,,1.0,0.12,1.0,1.0
cultivar:santa_clara_ht|solanum_lycopersicum,region:sp,PRODUCED_IN,,0.73,0.22,4.0,1.0
cultivar:santa_clara_kada_gigante|solanum_lycopersicum,species:solanum_lycopersicum,OF_SPECIES,,,,,
cultivar:santa_clara_kada_gigante|solanum_lycopersicum,region:mg,PRODUCED_IN,,5.5,1.2,1.0,1.0
cultivar:santa_cruz_kada_paulista|solanum_lycopersicum,species:solanum_lycopersicum,OF_SPECIES,,,,,
cultivar:santa_cruz_kada_paulista|solanum_lycopersicum,region:mg,PRODUCED_IN,,11.13,1.94,10.0,6.0
cultivar:santa_cruz_kada_paulista|solanum_lycopersicum,region:rs,PRODUCED_IN,,0.62,0.05,5.0,3.0
cultivar:santa_cruz_kada_gigante|solanum_lycopersicum,species:solanum_lycopersicum,OF_SPECIES,,,,,
cultivar:santa_cruz_kada_gigante|solanum_lycopersicum,region:go,PRODUCED_IN,,16.9,2.94,5.0,5.0
cultivar:santa_cruz_kada_gigante|solanum_lycopersicum,region:mg,PRODUCED_IN,,28.8,8.24,11.0,7.0
cultivar:santamalia|solanum_lycopersicum,species:solanum_lycopersicum,OF_SPECIES,,,,,
cultivar:santamalia|solanum_lycopersicum,region:mg,PRODUCED_IN,,2.0,0.4,1.0,1.0
cultivar:sardenha|solanum_lycopersicum,species:solanum_lycopersicum,OF_SPECIES,,,,,
cultivar:sardenha|solanum_lycopersicum,region:sp,PRODUCED_IN,,0.06,0.01,2.0,2.0
cultivar:scooby|solanum_lycopersicum,species:solanum_lycopersicum,OF_SPECIES,,,,,
cultivar:scooby|solanum_lycopersicum,region:sp,PRODUCED_IN,,0.04,0.0,2.0,2.0
cultivar:senninha|solanum_lycopersicum,species:solanum_lycopersicum,OF_SPECIES,,,,,
cultivar:senninha|solanum_lycopersicum,region:sp,PRODUCED_IN,,0.03,0.0,1.0,1.0
cultivar:serena|solanum_lycopersicum,species:solanum_lycopersicum,OF_SPECIES,,,,,
cultivar:serena|solanum_lycopersicum,region:sp,PRODUCED_IN,,0.0,0.0,1.0,1.0
cultivar:sheila_n|solanum_lycopersicum,species:solanum_lycopersicum,OF_SPECIES,,,,,
cultivar:sheila_n|solanum_lycopersicum,region:sp,PRODUCED_IN,,0.55,0.09,10.0,8.0
cultivar:sheila_victory|solanum_lycopersicum,species:solanum_lycopersicum,OF_SPECIES,,,,,
cultivar:sheila_victory|solanum_lycopersicum,region:sp,PRODUCED_IN,,0.37,0.05,11.0,10.0
cultivar:soberano|solanum_lycopersicum,species:solanum_lycopersicum,OF_SPECIES,,,,,
cultivar:soberano|solanum_lycopersicum,region:sp,PRODUCED_IN,,0.24,0.01,5.0,2.0
cultivar:sophia|solanum_lycopersicum,species:solanum_lycopersicum,OF_SPECIES,,,,,
cultivar:sophia|solanum_lycopersicum,region:sp,PRODUCED_IN,,0.12,0.02,2.0,2.0
cultivar:sotero|solanum_lycopersicum,species:solanum_lycopersicum,OF_SPECIES,,,,,
cultivar:sotero|solanum_lycopersicum,region:rs,PRODUCED_IN,,0.0,0.0,1.0,1.0
cultivar:super_marmande|solanum_lycopersicum,species:solanum_lycopersicum,OF_SPECIES,,,,,
cultivar:super_marmande|solanum_lycopersicum,region:mg,PRODUCED_IN,,4.92,0.83,5.0,4.0
cultivar:super_marmande|solanum_lycopersicum,region:rs,PRODUCED_IN,,0.02,0.02,1.0,1.0
cultivar:supera|solanum_lycopersicum,species:solanum_lycopersicum,OF_SPECIES,,,,,
cultivar:supera|solanum_lycopersicum,region:go,PRODUCED_IN,,0.01,0.02,1.0,1.0
cultivar:sweet_dreams|solanum_lycopersicum,species:solanum_lycopersicum,OF_SPECIES,,,,,
cultivar:sweet_dreams|solanum_lycopersicum,region:sp,PRODUCED_IN,,0.05,0.0,2.0,2.0
cultivar:sweet_heaven|solanum_lycopersicum,species:solanum_lycopersicum,OF_SPECIES,,,,,
cultivar:sweet_heaven|solanum_lycopersicum,region:sp,PRODUCED_IN,,0.5,0.06,14.0,13.0
cultivar:sweet_vita|solanum_lycopersicum,species:solanum_lycopersicum,OF_SPECIES,,,,,
cultivar:sweet_vita|solanum_lycopersicum,region:sp,PRODUCED_IN,,0.18,0.01,7.0,6.0
cultivar:taciane|solanum_lycopersicum,species:solanum_lycopersicum,OF_SPECIES,,,,,
cultivar:taciane|solanum_lycopersicum,region:sp,PRODUCED_IN,,0.03,0.0,2.0,1.0
cultivar:te_200|solanum_lycopersicum,species:solanum_lycopersicum,OF_SPECIES,,,,,
cultivar:te_200|solanum_lycopersicum,region:rs,PRODUCED_IN,,0.04,0.01,2.0,1.0
cultivar:te_200|solanum_lycopersicum,region:sp,PRODUCED_IN,,0.03,0.03,3.0,2.0
cultivar:te201|solanum_lycopersicum,species:solanum_lycopersicum,OF_SPECIES,,,,,
cultivar:te201|solanum_lycopersicum,region:sp,PRODUCED_IN,,0.01,0.01,1.0,1.0
cultivar:tgr_sw|solanum_lycopersicum,species:solanum_lycopersicum,OF_SPECIES,,,,,
cultivar:tgr_sw|solanum_lycopersicum,region:df,PRODUCED_IN,,0.0,0.0,1.0,1.0
cultivar:tigustoso|solanum_lycopersicum,species:solanum_lycopersicum,OF_SPECIES,,,,,
cultivar:tigustoso|solanum_lycopersicum,region:sp,PRODUCED_IN,,0.03,0.0,2.0,1.0
cultivar:tmzz406|solanum_lycopersicum,species:solanum_lycopersicum,OF_SPECIES,,,,,
cultivar:tmzz406|solanum_lycopersicum,region:mg,PRODUCED_IN,,0.08,0.01,1.0,1.0
cultivar:tmzz406|solanum_lycopersicum,region:sp,PRODUCED_IN,,1.35,0.15,17.0,8.0
cultivar:tom_01|solanum_lycopersicum,species:solanum_lycopersicum,OF_SPECIES,,,,,
cultivar:tom_01|solanum_lycopersicum,region:sp,PRODUCED_IN,,0.06,0.02,2.0,2.0
cultivar:tom202301|solanum_lycopersicum,species:solanum_lycopersicum,OF_SPECIES,,,,,
cultivar:tom202301|solanum_lycopersicum,region:sp,PRODUCED_IN,,0.57,0.06,9.0,3.0
cultivar:tywana|solanum_lycopersicum,species:solanum_lycopersicum,OF_SPECIES,,,,,
cultivar:tywana|solanum_lycopersicum,region:sp,PRODUCED_IN,,0.02,0.0,2.0,1.0
cultivar:taormina|solanum_lycopersicum,species:solanum_lycopersicum,OF_SPECIES,,,,,
cultivar:taormina|solanum_lycopersicum,region:mg,PRODUCED_IN,,0.49,0.18,3.0,3.0
cultivar:templario|solanum_lycopersicum,species:solanum_lycopersicum,OF_SPECIES,,,,,
cultivar:templario|solanum_lycopersicum,region:sp,PRODUCED_IN,,0.57,0.02,1.0,1.0
cultivar:tempra|solanum_lycopersicum,species:solanum_lycopersicum,OF_SPECIES,,,,,
cultivar:tempra|solanum_lycopersicum,region:go,PRODUCED_IN,,1.3,0.01,2.0,2.0
cultivar:titan|solanum_lycopersicum,species:solanum_lycopersicum,OF_SPECIES,,,,,
cultivar:titan|solanum_lycopersicum,region:sp,PRODUCED_IN,,0.08,0.01,3.0,3.0
cultivar:tomini|solanum_lycopersicum,species:solanum_lycopersicum,OF_SPECIES,,,,,
cultivar:tomini|solanum_lycopersicum,region:rs,PRODUCED_IN,,0.0,0.0,1.0,1.0
cultivar:top_100|solanum_lycopersicum,species:solanum_lycopersicum,OF_SPECIES,,,,,
cultivar:top_100|solanum_lycopersicum,region:go,PRODUCED_IN,,112.0,29.33,4.0,3.0
cultivar:top_86|solanum_lycopersicum,species:solanum_lycopersicum,OF_SPECIES,,,,,
cultivar:top_86|solanum_lycopersicum,region:go,PRODUCED_IN,,1.4,0.31,1.0,1.0
cultivar:totty|solanum_lycopersicum,species:solanum_lycopersicum,OF_SPECIES,,,,,
cultivar:totty|solanum_lycopersicum,region:sp,PRODUCED_IN,,0.06,0.01,3.0,3.0
cultivar:treviso|solanum_lycopersicum,species:solanum_lycopersicum,OF_SPECIES,,,,,
cultivar:treviso|solanum_lycopersicum,region:pe,PRODUCED_IN,,0.01,0.0,1.0,1.0
cultivar:tropic|solanum_lycopersicum,species:solanum_lycopersicum,OF_SPECIES,,,,,
cultivar:tropic|solanum_lycopersicum,region:go,PRODUCED_IN,,8.1,1.11,5.0,5.0
cultivar:tropic|solanum_lycopersicum,region:mg,PRODUCED_IN,,3.1,0.76,3.0,2.0
cultivar:tyane|solanum_lycopersicum,species:solanum_lycopersicum,OF_SPECIES,,,,,
cultivar:tyane|solanum_lycopersicum,region:mg,PRODUCED_IN,,0.02,0.0,2.0,1.0
cultivar:tyane|solanum_lycopersicum,region:sp,PRODUCED_IN,,0.08,0.02,6.0,4.0
cultivar:tyfane|solanum_lycopersicum,species:solanum_lycopersicum,OF_SPECIES,,,,,
cultivar:tyfane|solanum_lycopersicum,region:mg,PRODUCED_IN,,0.02,0.0,2.0,1.0
cultivar:tyfane|solanum_lycopersicum,region:sp,PRODUCED_IN,,0.02,0.0,1.0,1.0
cultivar:tyna|solanum_lycopersicum,species:solanum_lycopersicum,OF_SPECIES,,,,,
cultivar:tyna|solanum_lycopersicum,region:sp,PRODUCED_IN,,0.57,0.08,5.0,4.0
cultivar:tyral|solanum_lycopersicum,species:solanum_lycopersicum,OF_SPECIES,,,,,
cultivar:tyral|solanum_lycopersicum,region:sp,PRODUCED_IN,,0.18,0.01,1.0,1.0
cultivar:ulises|solanum_lycopersicum,species:solanum_lycopersicum,OF_SPECIES,,,,,
cultivar:ulises|solanum_lycopersicum,region:go,PRODUCED_IN,,0.01,0.02,1.0,1.0
cultivar:verano|solanum_lycopersicum,species:solanum_lycopersicum,OF_SPECIES,,,,,
cultivar:verano|solanum_lycopersicum,region:sp,PRODUCED_IN,,0.0,0.0,1.0,1.0
cultivar:vpb13113|solanum_lycopersicum,species:solanum_lycopersicum,OF_SPECIES,,,,,
cultivar:vpb13113|solanum_lycopersicum,region:go,PRODUCED_IN,,0.05,0.0,1.0,1.0
cultivar:vpb13120|solanum_lycopersicum,species:solanum_lycopersicum,OF_SPECIES,,,,,
cultivar:vpb13120|solanum_lycopersicum,region:go,PRODUCED_IN,,0.05,0.0,1.0,1.0
cultivar:vtm_538|solanum_lycopersicum,species:solanum_lycopersicum,OF_SPECIES,,,,,
cultivar:vtm_538|solanum_lycopersicum,region:sp,PRODUCED_IN,,0.07,0.01,1.0,1.0
cultivar:vtm_552|solanum_lycopersicum,species:solanum_lycopersicum,OF_SPECIES,,,,,
cultivar:vtm_552|solanum_lycopersicum,region:mg,PRODUCED_IN,,0.03,0.01,1.0,1.0
cultivar:vtm_552|solanum_lycopersicum,region:sp,PRODUCED_IN,,0.8,0.12,12.0,7.0
cultivar:vtm_558|solanum_lycopersicum,species:solanum_lycopersicum,OF_SPECIES,,,,,
cultivar:vtm_558|solanum_lycopersicum,region:sp,PRODUCED_IN,,0.11,0.01,1.0,1.0
cultivar:vtm_564|solanum_lycopersicum,species:solanum_lycopersicum,OF_SPECIES,,,,,
cultivar:vtm_564|solanum_lycopersicum,region:mg,PRODUCED_IN,,0.09,0.01,1.0,1.0
cultivar:vtm_564|solanum_lycopersicum,region:sp,PRODUCED_IN,,0.56,0.07,6.0,5.0
cultivar:vtm_572|solanum_lycopersicum,species:solanum_lycopersicum,OF_SPECIES,,,,,
cultivar:vtm_572|solanum_lycopersicum,region:mg,PRODUCED_IN,,0.04,0.01,1.0,1.0
cultivar:vtm_572|solanum_lycopersicum,region:sp,PRODUCED_IN,,0.97,0.07,16.0,8.0
cultivar:vtm_573|solanum_lycopersicum,species:solanum_lycopersicum,OF_SPECIES,,,,,
cultivar:vtm_573|solanum_lycopersicum,region:sp,PRODUCED_IN,,0.14,0.01,1.0,1.0
cultivar:vtm_615|solanum_lycopersicum,species:solanum_lycopersicum,OF_SPECIES,,,,,
cultivar:vtm_615|solanum_lycopersicum,region:sp,PRODUCED_IN,,1.02,0.18,9.0,3.0
cultivar:vtm_621|solanum_lycopersicum,species:solanum_lycopersicum,OF_SPECIES,,,,,
cultivar:vtm_621|solanum_lycopersicum,region:sp,PRODUCED_IN,,0.19,0.04,4.0,4.0
cultivar:vtm_622|solanum_lycopersicum,species:solanum_lycopersicum,OF_SPECIES,,,,,
cultivar:vtm_622|solanum_lycopersicum,region:sp,PRODUCED_IN,,0.03,0.0,2.0,1.0
cultivar:vtm_628|solanum_lycopersicum,species:solanum_lycopersicum,OF_SPECIES,,,,,
cultivar:vtm_628|solanum_lycopersicum,region:sp,PRODUCED_IN,,0.05,0.01,1.0,1.0
cultivar:vtm_631|solanum_lycopersicum,species:solanum_lycopersicum,OF_SPECIES,,,,,
cultivar:vtm_631|solanum_lycopersicum,region:mg,PRODUCED_IN,,0.03,0.0,1.0,1.0
cultivar:vtm_631|solanum_lycopersicum,region:sp,PRODUCED_IN,,0.39,0.03,4.0,2.0
cultivar:vtm_638|solanum_lycopersicum,species:solanum_lycopersicum,OF_SPECIES,,,,,
cultivar:vtm_638|solanum_lycopersicum,region:sp,PRODUCED_IN,,0.12,0.01,2.0,2.0
cultivar:vtm_642|solanum_lycopersicum,species:solanum_lycopersicum,OF_SPECIES,,,,,
cultivar:vtm_642|solanum_lycopersicum,region:sp,PRODUCED_IN,,0.13,0.02,2.0,2.0
cultivar:vtm_649|solanum_lycopersicum,species:solanum_lycopersicum,OF_SPECIES,,,,,
cultivar:vtm_649|solanum_lycopersicum,region:sp,PRODUCED_IN,,0.22,0.03,5.0,5.0
cultivar:vtm_650|solanum_lycopersicum,species:solanum_lycopersicum,OF_SPECIES,,,,,
cultivar:vtm_650|solanum_lycopersicum,region:sp,PRODUCED_IN,,0.46,0.08,6.0,6.0
cultivar:vtm_660|solanum_lycopersicum,species:solanum_lycopersicum,OF_SPECIES,,,,,
cultivar:vtm_660|solanum_lycopersicum,region:sp,PRODUCED_IN,,0.44,0.07,8.0,6.0
cultivar:vtm_663|solanum_lycopersicum,species:solanum_lycopersicum,OF_SPECIES,,,,,
cultivar:vtm_663|solanum_lycopersicum,region:sp,PRODUCED_IN,,0.25,0.03,5.0,5.0
cultivar:vtm_675|solanum_lycopersicum,species:solanum_lycopersicum,OF_SPECIES,,,,,
cultivar:vtm_675|solanum_lycopersicum,region:sp,PRODUCED_IN,,0.53,0.05,8.0,4.0
cultivar:vtm_677|solanum_lycopersicum,species:solanum_lycopersicum,OF_SPECIES,,,,,
cultivar:vtm_677|solanum_lycopersicum,region:mg,PRODUCED_IN,,0.24,0.03,3.0,2.0
cultivar:vtm_677|solanum_lycopersicum,region:sp,PRODUCED_IN,,10.24,1.39,69.0,15.0
cultivar:vtm_678|solanum_lycopersicum,species:solanum_lycopersicum,OF_SPECIES,,,,,
cultivar:vtm_678|solanum_lycopersicum,region:sp,PRODUCED_IN,,0.83,0.16,10.0,6.0
cultivar:vtm_679|solanum_lycopersicum,species:solanum_lycopersicum,OF_SPECIES,,,,,
cultivar:vtm_679|solanum_lycopersicum,region:sp,PRODUCED_IN,,1.92,0.08,15.0,5.0
cultivar:vtm_681|solanum_lycopersicum,species:solanum_lycopersicum,OF_SPECIES,,,,,
cultivar:vtm_681|solanum_lycopersicum,region:sp,PRODUCED_IN,,0.2,0.01,3.0,3.0
cultivar:vtm_693|solanum_lycopersicum,species:solanum_lycopersicum,OF_SPECIES,,,,,
cultivar:vtm_693|solanum_lycopersicum,region:sp,PRODUCED_IN,,0.13,0.02,3.0,3.0
cultivar:vtm_695|solanum_lycopersicum,species:solanum_lycopersicum,OF_SPECIES,,,,,
cultivar:vtm_695|solanum_lycopersicum,region:sp,PRODUCED_IN,,1.61,0.17,19.0,9.0
cultivar:vtm_702|solanum_lycopersicum,species:solanum_lycopersicum,OF_SPECIES,,,,,
cultivar:vtm_702|solanum_lycopersicum,region:sp,PRODUCED_IN,,0.6,0.03,7.0,3.0
cultivar:vtm_710|solanum_lycopersicum,species:solanum_lycopersicum,OF_SPECIES,,,,,
cultivar:vtm_710|solanum_lycopersicum,region:sp,PRODUCED_IN,,1.24,0.26,11.0,4.0
cultivar:vtm_713|solanum_lycopersicum,species:solanum_lycopersicum,OF_SPECIES,,,,,
cultivar:vtm_713|solanum_lycopersicum,region:sp,PRODUCED_IN,,0.68,0.1,9.0,4.0
cultivar:vtm_714|solanum_lycopersicum,species:solanum_lycopersicum,OF_SPECIES,,,,,
cultivar:vtm_714|solanum_lycopersicum,region:mg,PRODUCED_IN,,0.06,0.01,1.0,1.0
cultivar:vtm_714|solanum_lycopersicum,region:sp,PRODUCED_IN,,0.75,0.08,11.0,8.0
cultivar:vtm_720|solanum_lycopersicum,species:solanum_lycopersicum,OF_SPECIES,,,,,
cultivar:vtm_720|solanum_lycopersicum,region:sp,PRODUCED_IN,,0.21,0.03,4.0,2.0
cultivar:vtm_721|solanum_lycopersicum,species:solanum_lycopersicum,OF_SPECIES,,,,,
cultivar:vtm_721|solanum_lycopersicum,region:sp,PRODUCED_IN,,1.82,0.25,18.0,12.0
cultivar:vtm_727|solanum_lycopersicum,species:solanum_lycopersicum,OF_SPECIES,,,,,
cultivar:vtm_727|solanum_lycopersicum,region:sp,PRODUCED_IN,,0.02,0.0,1.0,1.0
cultivar:vtm_731|solanum_lycopersicum,species:solanum_lycopersicum,OF_SPECIES,,,,,
cultivar:vtm_731|solanum_lycopersicum,region:sp,PRODUCED_IN,,1.96,0.31,18.0,10.0
cultivar:vtm_737|solanum_lycopersicum,species:solanum_lycopersicum,OF_SPECIES,,,,,
cultivar:vtm_737|solanum_lycopersicum,region:mg,PRODUCED_IN,,0.06,0.01,1.0,1.0
cultivar:vtm_737|solanum_lycopersicum,region:sp,PRODUCED_IN,,0.8,0.05,9.0,5.0
cultivar:vtm_738|solanum_lycopersicum,species:solanum_lycopersicum,OF_SPECIES,,,,,
cultivar:vtm_738|solanum_lycopersicum,region:sp,PRODUCED_IN,,0.08,0.01,2.0,2.0
cultivar:vtm_739|solanum_lycopersicum,species:solanum_lycopersicum,OF_SPECIES,,,,,
cultivar:vtm_739|solanum_lycopersicum,region:sp,PRODUCED_IN,,0.07,0.01,1.0,1.0
cultivar:vtm_749|solanum_lycopersicum,species:solanum_lycopersicum,OF_SPECIES,,,,,
cultivar:vtm_749|solanum_lycopersicum,region:mg,PRODUCED_IN,,0.08,0.01,1.0,1.0
cultivar:vtm_749|solanum_lycopersicum,region:sp,PRODUCED_IN,,1.65,0.09,14.0,8.0
cultivar:vtm_752|solanum_lycopersicum,species:solanum_lycopersicum,OF_SPECIES,,,,,
cultivar:vtm_752|solanum_lycopersicum,region:mg,PRODUCED_IN,,0.04,0.01,1.0,1.0
cultivar:vtm_752|solanum_lycopersicum,region:sp,PRODUCED_IN,,0.31,0.04,6.0,5.0
cultivar:vtm_758|solanum_lycopersicum,species:solanum_lycopersicum,OF_SPECIES,,,,,
cultivar:vtm_758|solanum_lycopersicum,region:mg,PRODUCED_IN,,0.12,0.01,2.0,2.0
cultivar:vtm_758|solanum_lycopersicum,region:sp,PRODUCED_IN,,0.42,0.03,10.0,5.0
cultivar:vtm_760|solanum_lycopersicum,species:solanum_lycopersicum,OF_SPECIES,,,,,
cultivar:vtm_760|solanum_lycopersicum,region:sp,PRODUCED_IN,,1.08,0.14,6.0,3.0
cultivar:vtm_763|solanum_lycopersicum,species:solanum_lycopersicum,OF_SPECIES,,,,,
cultivar:vtm_763|solanum_lycopersicum,region:sp,PRODUCED_IN,,0.11,0.01,1.0,1.0
cultivar:vtm_767|solanum_lycopersicum,species:solanum_lycopersicum,OF_SPECIES,,,,,
cultivar:vtm_767|solanum_lycopersicum,region:sp,PRODUCED_IN,,0.51,0.02,4.0,3.0
cultivar:vtm_768|solanum_lycopersicum,species:solanum_lycopersicum,OF_SPECIES,,,,,
cultivar:vtm_768|solanum_lycopersicum,region:sp,PRODUCED_IN,,0.47,0.03,5.0,3.0
cultivar:vtm_770|solanum_lycopersicum,species:solanum_lycopersicum,OF_SPECIES,,,,,
cultivar:vtm_770|solanum_lycopersicum,region:pi,PRODUCED_IN,,0.05,0.01,1.0,1.0
cultivar:vtm_770|solanum_lycopersicum,region:sp,PRODUCED_IN,,0.87,0.1,9.0,5.0
cultivar:vtm_784|solanum_lycopersicum,species:solanum_lycopersicum,OF_SPECIES,,,,,
cultivar:vtm_784|solanum_lycopersicum,region:sp,PRODUCED_IN,,0.09,0.01,1.0,1.0
cultivar:vtm_791|solanum_lycopersicum,species:solanum_lycopersicum,OF_SPECIES,,,,,
cultivar:vtm_791|solanum_lycopersicum,region:sp,PRODUCED_IN,,0.41,0.05,6.0,4.0
cultivar:vtm_793|solanum_lycopersicum,species:solanum_lycopersicum,OF_SPECIES,,,,,
cultivar:vtm_793|solanum_lycopersicum,region:sp,PRODUCED_IN,,0.16,0.01,2.0,1.0
cultivar:vtm_798|solanum_lycopersicum,species:solanum_lycopersicum,OF_SPECIES,,,,,
cultivar:vtm_798|solanum_lycopersicum,region:sp,PRODUCED_IN,,0.73,0.09,7.0,5.0
cultivar:vtm_801|solanum_lycopersicum,species:solanum_lycopersicum,OF_SPECIES,,,,,
cultivar:vtm_801|solanum_lycopersicum,region:sp,PRODUCED_IN,,1.25,0.13,12.0,9.0
cultivar:vtm_803|solanum_lycopersicum,species:solanum_lycopersicum,OF_SPECIES,,,,,
cultivar:vtm_803|solanum_lycopersicum,region:sp,PRODUCED_IN,,0.14,0.02,3.0,3.0
cultivar:vtm_804|solanum_lycopersicum,species:solanum_lycopersicum,OF_SPECIES,,,,,
cultivar:vtm_804|solanum_lycopersicum,region:sp,PRODUCED_IN,,0.08,0.02,3.0,2.0
cultivar:vtm_805|solanum_lycopersicum,species:solanum_lycopersicum,OF_SPECIES,,,,,
cultivar:vtm_805|solanum_lycopersicum,region:sp,PRODUCED_IN,,0.06,0.01,1.0,1.0
cultivar:vtm_806|solanum_lycopersicum,species:solanum_lycopersicum,OF_SPECIES,,,,,
cultivar:vtm_806|solanum_lycopersicum,region:sp,PRODUCED_IN,,0.02,0.0,1.0,1.0
cultivar:vtm_807|solanum_lycopersicum,species:solanum_lycopersicum,OF_SPECIES,,,,,
cultivar:vtm_807|solanum_lycopersicum,region:sp,PRODUCED_IN,,0.71,0.09,8.0,4.0
cultivar:vtm_808|solanum_lycopersicum,species:solanum_lycopersicum,OF_SPECIES,,,,,
cultivar:vtm_808|solanum_lycopersicum,region:sp,PRODUCED_IN,,0.13,0.01,1.0,1.0
cultivar:vtm_809|solanum_lycopersicum,species:solanum_lycopersicum,OF_SPECIES,,,,,
cultivar:vtm_809|solanum_lycopersicum,region:sp,PRODUCED_IN,,0.45,0.04,5.0,4.0
cultivar:vtm_814|solanum_lycopersicum,species:solanum_lycopersicum,OF_SPECIES,,,,,
cultivar:vtm_814|solanum_lycopersicum,region:sp,PRODUCED_IN,,0.2,0.02,4.0,3.0
cultivar:vtm_817|solanum_lycopersicum,species:solanum_lycopersicum,OF_SPECIES,,,,,
cultivar:vtm_817|solanum_lycopersicum,region:sp,PRODUCED_IN,,0.25,0.03,2.0,2.0
cultivar:vtm_830|solanum_lycopersicum,species:solanum_lycopersicum,OF_SPECIES,,,,,
cultivar:vtm_830|solanum_lycopersicum,region:sp,PRODUCED_IN,,0.26,0.03,3.0,2.0
cultivar:vtm_831|solanum_lycopersicum,species:solanum_lycopersicum,OF_SPECIES,,,,,
cultivar:vtm_831|solanum_lycopersicum,region:sp,PRODUCED_IN,,1.05,0.1,10.0,5.0
cultivar:vtm_834|solanum_lycopersicum,species:solanum_lycopersicum,OF_SPECIES,,,,,
cultivar:vtm_834|solanum_lycopersicum,region:sp,PRODUCED_IN,,0.08,0.01,2.0,1.0
cultivar:vtm_837|solanum_lycopersicum,species:solanum_lycopersicum,OF_SPECIES,,,,,
cultivar:vtm_837|solanum_lycopersicum,region:sp,PRODUCED_IN,,0.14,0.01,3.0,2.0
cultivar:vtm_839|solanum_lycopersicum,species:solanum_lycopersicum,OF_SPECIES,,,,,
cultivar:vtm_839|solanum_lycopersicum,region:sp,PRODUCED_IN,,0.07,0.01,2.0,2.0
cultivar:vtm_842|solanum_lycopersicum,species:solanum_lycopersicum,OF_SPECIES,,,,,
cultivar:vtm_842|solanum_lycopersicum,region:pi,PRODUCED_IN,,0.02,0.0,1.0,1.0
cultivar:vtm_842|solanum_lycopersicum,region:sp,PRODUCED_IN,,0.16,0.02,2.0,2.0
cultivar:vtm_845|solanum_lycopersicum,species:solanum_lycopersicum,OF_SPECIES,,,,,
cultivar:vtm_845|solanum_lycopersicum,region:sp,PRODUCED_IN,,0.29,0.06,4.0,4.0
cultivar:vtm_848|solanum_lycopersicum,species:solanum_lycopersicum,OF_SPECIES,,,,,
cultivar:vtm_848|solanum_lycopersicum,region:sp,PRODUCED_IN,,0.06,0.0,1.0,1.0
cultivar:vtm_855|solanum_lycopersicum,species:solanum_lycopersicum,OF_SPECIES,,,,,
cultivar:vtm_855|solanum_lycopersicum,region:sp,PRODUCED_IN,,3.16,0.34,27.0,12.0
cultivar:vtm_858|solanum_lycopersicum,species:solanum_lycopersicum,OF_SPECIES,,,,,
cultivar:vtm_858|solanum_lycopersicum,region:sp,PRODUCED_IN,,0.27,0.03,3.0,3.0
cultivar:vtm_859|solanum_lycopersicum,species:solanum_lycopersicum,OF_SPECIES,,,,,
cultivar:vtm_859|solanum_lycopersicum,region:sp,PRODUCED_IN,,2.36,0.2,19.0,4.0
cultivar:vtm_862|solanum_lycopersicum,species:solanum_lycopersicum,OF_SPECIES,,,,,
cultivar:vtm_862|solanum_lycopersicum,region:sp,PRODUCED_IN,,0.16,0.02,2.0,2.0
cultivar:vtm_865|solanum_lycopersicum,species:solanum_lycopersicum,OF_SPECIES,,,,,
cultivar:vtm_865|solanum_lycopersicum,region:sp,PRODUCED_IN,,0.12,0.01,3.0,2.0
cultivar:vtm_868|solanum_lycopersicum,species:solanum_lycopersicum,OF_SPECIES,,,,,
cultivar:vtm_868|solanum_lycopersicum,region:sp,PRODUCED_IN,,0.06,0.01,1.0,1.0
cultivar:vtm_872|solanum_lycopersicum,species:solanum_lycopersicum,OF_SPECIES,,,,,
cultivar:vtm_872|solanum_lycopersicum,region:mg,PRODUCED_IN,,0.12,0.0,1.0,1.0
cultivar:vtm_872|solanum_lycopersicum,region:sp,PRODUCED_IN,,1.59,0.08,18.0,6.0
cultivar:vtm_873|solanum_lycopersicum,species:solanum_lycopersicum,OF_SPECIES,,,,,
cultivar:vtm_873|solanum_lycopersicum,region:mg,PRODUCED_IN,,0.81,0.12,11.0,6.0
cultivar:vtm_873|solanum_lycopersicum,region:pi,PRODUCED_IN,,0.72,0.07,5.0,2.0
cultivar:vtm_873|solanum_lycopersicum,region:sp,PRODUCED_IN,,49.38,6.56,363.0,19.0
cultivar:vtm_875|solanum_lycopersicum,species:solanum_lycopersicum,OF_SPECIES,,,,,
cultivar:vtm_875|solanum_lycopersicum,region:sp,PRODUCED_IN,,1.0,0.14,11.0,6.0
cultivar:vtm_877|solanum_lycopersicum,species:solanum_lycopersicum,OF_SPECIES,,,,,
cultivar:vtm_877|solanum_lycopersicum,region:sp,PRODUCED_IN,,3.33,0.52,26.0,11.0
cultivar:vtm_901|solanum_lycopersicum,species:solanum_lycopersicum,OF_SPECIES,,,,,
cultivar:vtm_901|solanum_lycopersicum,region:sp,PRODUCED_IN,,0.03,0.01,1.0,1.0
cultivar:vtm_904|solanum_lycopersicum,species:solanum_lycopersicum,OF_SPECIES,,,,,
cultivar:vtm_904|solanum_lycopersicum,region:sp,PRODUCED_IN,,0.02,0.0,1.0,1.0
cultivar:vtm_919|solanum_lycopersicum,species:solanum_lycopersicum,OF_SPECIES,,,,,
cultivar:vtm_919|solanum_lycopersicum,region:sp,PRODUCED_IN,,0.08,0.01,3.0,3.0
cultivar:vtm_920|solanum_lycopersicum,species:solanum_lycopersicum,OF_SPECIES,,,,,
cultivar:vtm_920|solanum_lycopersicum,region:sp,PRODUCED_IN,,0.08,0.01,3.0,3.0
cultivar:vtm_921|solanum_lycopersicum,species:solanum_lycopersicum,OF_SPECIES,,,,,
cultivar:vtm_921|solanum_lycopersicum,region:sp,PRODUCED_IN,,0.08,0.01,2.0,2.0
cultivar:vtm_931|solanum_lycopersicum,species:solanum_lycopersicum,OF_SPECIES,,,,,
cultivar:vtm_931|solanum_lycopersicum,region:sp,PRODUCED_IN,,0.02,0.0,1.0,1.0
cultivar:vtm_950|solanum_lycopersicum,species:solanum_lycopersicum,OF_SPECIES,,,,,
cultivar:vtm_950|solanum_lycopersicum,region:sp,PRODUCED_IN,,0.02,0.0,1.0,1.0
cultivar:vtm_951|solanum_lycopersicum,species:solanum_lycopersicum,OF_SPECIES,,,,,
cultivar:vtm_951|solanum_lycopersicum,region:sp,PRODUCED_IN,,0.02,0.0,1.0,1.0
cultivar:vtm_952|solanum_lycopersicum,species:solanum_lycopersicum,OF_SPECIES,,,,,
cultivar:vtm_952|solanum_lycopersicum,region:sp,PRODUCED_IN,,0.02,0.0,1.0,1.0
cultivar:vtm_967|solanum_lycopersicum,species:solanum_lycopersicum,OF_SPECIES,,,,,
cultivar:vtm_967|solanum_lycopersicum,region:sp,PRODUCED_IN,,0.5,0.07,5.0,2.0
cultivar:vtm_968|solanum_lycopersicum,species:solanum_lycopersicum,OF_SPECIES,,,,,
cultivar:vtm_968|solanum_lycopersicum,region:sp,PRODUCED_IN,,0.77,0.09,5.0,2.0
cultivar:vtm03kg|solanum_lycopersicum,species:solanum_lycopersicum,OF_SPECIES,,,,,
cultivar:vtm03kg|solanum_lycopersicum,region:sp,PRODUCED_IN,,0.01,0.0,1.0,1.0
cultivar:vtm1002|solanum_lycopersicum,species:solanum_lycopersicum,OF_SPECIES,,,,,
cultivar:vtm1002|solanum_lycopersicum,region:sp,PRODUCED_IN,,1.56,0.13,16.0,7.0
cultivar:vtm1004|solanum_lycopersicum,species:solanum_lycopersicum,OF_SPECIES,,,,,
cultivar:vtm1004|solanum_lycopersicum,region:sp,PRODUCED_IN,,0.14,0.01,2.0,1.0
cultivar:vtm1009|solanum_lycopersicum,species:solanum_lycopersicum,OF_SPECIES,,,,,
cultivar:vtm1009|solanum_lycopersicum,region:sp,PRODUCED_IN,,0.03,0.0,1.0,1.0
cultivar:vtm1016|solanum_lycopersicum,species:solanum_lycopersicum,OF_SPECIES,,,,,
cultivar:vtm1016|solanum_lycopersicum,region:sp,PRODUCED_IN,,0.21,0.03,4.0,2.0
cultivar:vtm1024|solanum_lycopersicum,species:solanum_lycopersicum,OF_SPECIES,,,,,
cultivar:vtm1024|solanum_lycopersicum,region:mg,PRODUCED_IN,,0.04,0.01,1.0,1.0
cultivar:vtm1024|solanum_lycopersicum,region:sp,PRODUCED_IN,,0.02,0.0,1.0,1.0
cultivar:vtm1029|solanum_lycopersicum,species:solanum_lycopersicum,OF_SPECIES,,,,,
cultivar:vtm1029|solanum_lycopersicum,region:sp,PRODUCED_IN,,0.71,0.11,6.0,3.0
cultivar:vtm1030|solanum_lycopersicum,species:solanum_lycopersicum,OF_SPECIES,,,,,
cultivar:vtm1030|solanum_lycopersicum,region:sp,PRODUCED_IN,,0.03,0.0,1.0,1.0
cultivar:vtm1033|solanum_lycopersicum,species:solanum_lycopersicum,OF_SPECIES,,,,,
cultivar:vtm1033|solanum_lycopersicum,region:mg,PRODUCED_IN,,0.08,0.01,1.0,1.0
cultivar:vtm1033|solanum_lycopersicum,region:sp,PRODUCED_IN,,0.11,0.01,1.0,1.0
cultivar:vtm1035|solanum_lycopersicum,species:solanum_lycopersicum,OF_SPECIES,,,,,
cultivar:vtm1035|solanum_lycopersicum,region:sp,PRODUCED_IN,,0.09,0.01,2.0,2.0
cultivar:vtm1040|solanum_lycopersicum,species:solanum_lycopersicum,OF_SPECIES,,,,,
cultivar:vtm1040|solanum_lycopersicum,region:sp,PRODUCED_IN,,0.61,0.05,6.0,4.0
cultivar:vtm1044|solanum_lycopersicum,species:solanum_lycopersicum,OF_SPECIES,,,,,
cultivar:vtm1044|solanum_lycopersicum,region:sp,PRODUCED_IN,,0.39,0.04,5.0,2.0
cultivar:vtm1052|solanum_lycopersicum,species:solanum_lycopersicum,OF_SPECIES,,,,,
cultivar:vtm1052|solanum_lycopersicum,region:mg,PRODUCED_IN,,0.08,0.01,1.0,1.0
cultivar:vtm1052|solanum_lycopersicum,region:sp,PRODUCED_IN,,0.8,0.08,1.0,1.0
cultivar:vtm1068|solanum_lycopersicum,species:solanum_lycopersicum,OF_SPECIES,,,,,
cultivar:vtm1068|solanum_lycopersicum,region:mg,PRODUCED_IN,,0.16,0.02,2.0,2.0
cultivar:vtm1068|solanum_lycopersicum,region:sp,PRODUCED_IN,,0.6,0.08,7.0,4.0
cultivar:vtm1071|solanum_lycopersicum,species:solanum_lycopersicum,OF_SPECIES,,,,,
cultivar:vtm1071|solanum_lycopersicum,region:sp,PRODUCED_IN,,0.24,0.02,4.0,3.0
cultivar:vtm1072|solanum_lycopersicum,species:solanum_lycopersicum,OF_SPECIES,,,,,
cultivar:vtm1072|solanum_lycopersicum,region:mg,PRODUCED_IN,,0.07,0.01,1.0,1.0
cultivar:vtm1072|solanum_lycopersicum,region:sp,PRODUCED_IN,,0.46,0.04,5.0,3.0
cultivar:vtm1073|solanum_lycopersicum,species:solanum_lycopersicum,OF_SPECIES,,,,,
cultivar:vtm1073|solanum_lycopersicum,region:sp,PRODUCED_IN,,0.1,0.01,2.0,1.0
cultivar:vtm1074|solanum_lycopersicum,species:solanum_lycopersicum,OF_SPECIES,,,,,
cultivar:vtm1074|solanum_lycopersicum,region:sp,PRODUCED_IN,,0.13,0.01,3.0,3.0
cultivar:vtm1075|solanum_lycopersicum,species:solanum_lycopersicum,OF_SPECIES,,,,,
cultivar:vtm1075|solanum_lycopersicum,region:sp,PRODUCED_IN,,0.1,0.01,2.0,2.0
cultivar:vtm1076|solanum_lycopersicum,species:solanum_lycopersicum,OF_SPECIES,,,,,
cultivar:vtm1076|solanum_lycopersicum,region:mg,PRODUCED_IN,,0.04,0.0,1.0,1.0
cultivar:vtm1076|solanum_lycopersicum,region:sp,PRODUCED_IN,,0.06,0.01,1.0,1.0
cultivar:vtm1077|solanum_lycopersicum,species:solanum_lycopersicum,OF_SPECIES,,,,,
cultivar:vtm1077|solanum_lycopersicum,region:mg,PRODUCED_IN,,0.04,0.0,1.0,1.0
cultivar:vtm1077|solanum_lycopersicum,region:sp,PRODUCED_IN,,0.12,0.01,2.0,2.0
cultivar:vtm1091|solanum_lycopersicum,species:solanum_lycopersicum,OF_SPECIES,,,,,
cultivar:vtm1091|solanum_lycopersicum,region:sp,PRODUCED_IN,,0.01,0.0,1.0,1.0
cultivar:vtm1098|solanum_lycopersicum,species:solanum_lycopersicum,OF_SPECIES,,,,,
cultivar:vtm1098|solanum_lycopersicum,region:sp,PRODUCED_IN,,0.1,0.01,2.0,2.0
cultivar:vtm1099|solanum_lycopersicum,species:solanum_lycopersicum,OF_SPECIES,,,,,
cultivar:vtm1099|solanum_lycopersicum,region:mg,PRODUCED_IN,,0.06,0.01,1.0,1.0
cultivar:vtm1099|solanum_lycopersicum,region:sp,PRODUCED_IN,,0.06,0.01,1.0,1.0
cultivar:vtm1101|solanum_lycopersicum,species:solanum_lycopersicum,OF_SPECIES,,,,,
cultivar:vtm1101|solanum_lycopersicum,region:sp,PRODUCED_IN,,0.12,0.01,2.0,1.0
cultivar:vtm1113|solanum_lycopersicum,species:solanum_lycopersicum,OF_SPECIES,,,,,
cultivar:vtm1113|solanum_lycopersicum,region:sp,PRODUCED_IN,,0.04,0.01,1.0,1.0
cultivar:vtm1115|solanum_lycopersicum,species:solanum_lycopersicum,OF_SPECIES,,,,,
cultivar:vtm1115|solanum_lycopersicum,region:sp,PRODUCED_IN,,0.07,0.01,1.0,1.0
cultivar:vtm1116|solanum_lycopersicum,species:solanum_lycopersicum,OF_SPECIES,,,,,
cultivar:vtm1116|solanum_lycopersicum,region:sp,PRODUCED_IN,,0.11,0.01,2.0,1.0
cultivar:vtm1117|solanum_lycopersicum,species:solanum_lycopersicum,OF_SPECIES,,,,,
cultivar:vtm1117|solanum_lycopersicum,region:sp,PRODUCED_IN,,0.03,0.0,1.0,1.0
cultivar:vtm1120|solanum_lycopersicum,species:solanum_lycopersicum,OF_SPECIES,,,,,
cultivar:vtm1120|solanum_lycopersicum,region:sp,PRODUCED_IN,,0.1,0.01,1.0,1.0
cultivar:vtm1123|solanum_lycopersicum,species:solanum_lycopersicum,OF_SPECIES,,,,,
cultivar:vtm1123|solanum_lycopersicum,region:sp,PRODUCED_IN,,0.13,0.01,3.0,3.0
cultivar:vtm1125|solanum_lycopersicum,species:solanum_lycopersicum,OF_SPECIES,,,,,
cultivar:vtm1125|solanum_lycopersicum,region:sp,PRODUCED_IN,,0.04,0.0,1.0,1.0
cultivar:vtm1127|solanum_lycopersicum,species:solanum_lycopersicum,OF_SPECIES,,,,,
cultivar:vtm1127|solanum_lycopersicum,region:mg,PRODUCED_IN,,0.09,0.01,1.0,1.0
cultivar:vtm1127|solanum_lycopersicum,region:sp,PRODUCED_IN,,0.27,0.03,5.0,2.0
cultivar:vtm1132|solanum_lycopersicum,species:solanum_lycopersicum,OF_SPECIES,,,,,
cultivar:vtm1132|solanum_lycopersicum,region:sp,PRODUCED_IN,,1.3,0.09,12.0,3.0
cultivar:vtm1138|solanum_lycopersicum,species:solanum_lycopersicum,OF_SPECIES,,,,,
cultivar:vtm1138|solanum_lycopersicum,region:sp,PRODUCED_IN,,0.05,0.0,1.0,1.0
cultivar:vtm1151|solanum_lycopersicum,species:solanum_lycopersicum,OF_SPECIES,,,,,
cultivar:vtm1151|solanum_lycopersicum,region:mg,PRODUCED_IN,,0.08,0.01,1.0,1.0
cultivar:vtm1151|solanum_lycopersicum,region:sp,PRODUCED_IN,,0.08,0.01,1.0,1.0
cultivar:vtm1159|solanum_lycopersicum,species:solanum_lycopersicum,OF_SPECIES,,,,,
cultivar:vtm1159|solanum_lycopersicum,region:sp,PRODUCED_IN,,0.16,0.02,2.0,2.0
cultivar:vtm2013|solanum_lycopersicum,species:solanum_lycopersicum,OF_SPECIES,,,,,
cultivar:vtm2013|solanum_lycopersicum,region:sp,PRODUCED_IN,,0.12,0.01,2.0,2.0
cultivar:vtm636|solanum_lycopersicum,species:solanum_lycopersicum,OF_SPECIES,,,,,
cultivar:vtm636|solanum_lycopersicum,region:sp,PRODUCED_IN,,0.21,0.02,3.0,3.0
cultivar:vtm810|solanum_lycopersicum,species:solanum_lycopersicum,OF_SPECIES,,,,,
cultivar:vtm810|solanum_lycopersicum,region:sp,PRODUCED_IN,,1.19,0.07,9.0,4.0
cultivar:vtm883|solanum_lycopersicum,species:solanum_lycopersicum,OF_SPECIES,,,,,
cultivar:vtm883|solanum_lycopersicum,region:sp,PRODUCED_IN,,0.07,0.0,1.0,1.0
cultivar:vtm905|solanum_lycopersicum,species:solanum_lycopersicum,OF_SPECIES,,,,,
cultivar:vtm905|solanum_lycopersicum,region:sp,PRODUCED_IN,,0.57,0.07,10.0,6.0
cultivar:vtm907|solanum_lycopersicum,species:solanum_lycopersicum,OF_SPECIES,,,,,
cultivar:vtm907|solanum_lycopersicum,region:sp,PRODUCED_IN,,0.19,0.02,3.0,1.0
cultivar:vtm932|solanum_lycopersicum,species:solanum_lycopersicum,OF_SPECIES,,,,,
cultivar:vtm932|solanum_lycopersicum,region:sp,PRODUCED_IN,,0.13,0.02,3.0,2.0
cultivar:vtm933|solanum_lycopersicum,species:solanum_lycopersicum,OF_SPECIES,,,,,
cultivar:vtm933|solanum_lycopersicum,region:mg,PRODUCED_IN,,0.07,0.01,1.0,1.0
cultivar:vtm933|solanum_lycopersicum,region:sp,PRODUCED_IN,,0.57,0.05,6.0,5.0
cultivar:vtm940|solanum_lycopersicum,species:solanum_lycopersicum,OF_SPECIES,,,,,
cultivar:vtm940|solanum_lycopersicum,region:sp,PRODUCED_IN,,0.2,0.02,3.0,2.0
cultivar:vtm956|solanum_lycopersicum,species:solanum_lycopersicum,OF_SPECIES,,,,,
cultivar:vtm956|solanum_lycopersicum,region:sp,PRODUCED_IN,,0.17,0.03,4.0,2.0
cultivar:vtm961|solanum_lycopersicum,species:solanum_lycopersicum,OF_SPECIES,,,,,
cultivar:vtm961|solanum_lycopersicum,region:sp,PRODUCED_IN,,0.52,0.05,4.0,2.0
cultivar:veloster|solanum_lycopersicum,species:solanum_lycopersicum,OF_SPECIES,,,,,
cultivar:veloster|solanum_lycopersicum,region:mg,PRODUCED_IN,,0.02,0.02,1.0,1.0
cultivar:veloster|solanum_lycopersicum,region:sp,PRODUCED_IN,,0.18,0.02,6.0,4.0
cultivar:venetto|solanum_lycopersicum,species:solanum_lycopersicum,OF_SPECIES,,,,,
cultivar:venetto|solanum_lycopersicum,region:go,PRODUCED_IN,,0.1,0.01,1.0,1.0
cultivar:victory|solanum_lycopersicum,species:solanum_lycopersicum,OF_SPECIES,,,,,
cultivar:victory|solanum_lycopersicum,region:sp,PRODUCED_IN,,1.46,0.06,5.0,2.0
cultivar:volt|solanum_lycopersicum,species:solanum_lycopersicum,OF_SPECIES,,,,,
cultivar:volt|solanum_lycopersicum,region:mg,PRODUCED_IN,,0.1,0.01,2.0,2.0
cultivar:volt|solanum_lycopersicum,region:sp,PRODUCED_IN,,1.25,0.13,14.0,8.0
cultivar:woodstock|solanum_lycopersicum,species:solanum_lycopersicum,OF_SPECIES,,,,,
cultivar:woodstock|solanum_lycopersicum,region:sp,PRODUCED_IN,,0.12,0.01,3.0,3.0
cultivar:xtm_2804|solanum_lycopersicum,species:solanum_lycopersicum,OF_SPECIES,,,,,
cultivar:xtm_2804|solanum_lycopersicum,region:sp,PRODUCED_IN,,0.08,0.01,2.0,2.0
cultivar:xanthus|solanum_lycopersicum,species:solanum_lycopersicum,OF_SPECIES,,,,,
cultivar:xanthus|solanum_lycopersicum,region:sp,PRODUCED_IN,,0.06,0.01,1.0,1.0
cultivar:yashi|solanum_lycopersicum,species:solanum_lycopersicum,OF_SPECIES,,,,,
cultivar:yashi|solanum_lycopersicum,region:mg,PRODUCED_IN,,0.91,0.14,5.0,4.0
cultivar:yubi|solanum_lycopersicum,species:solanum_lycopersicum,OF_SPECIES,,,,,
cultivar:yubi|solanum_lycopersicum,region:mg,PRODUCED_IN,,1.42,0.24,7.0,5.0
cultivar:yubi|solanum_lycopersicum,region:sp,PRODUCED_IN,,0.02,0.0,1.0,1.0
cultivar:avora|solanum_lycopersicum,species:solanum_lycopersicum,OF_SPECIES,,,,,
cultivar:avora|solanum_lycopersicum,region:sp,PRODUCED_IN,,0.12,0.01,5.0,3.0
cultivar:acaro|solanum_lycopersicum,species:solanum_lycopersicum,OF_SPECIES,,,,,
cultivar:acaro|solanum_lycopersicum,region:rs,PRODUCED_IN,,1.0,0.3,2.0,2.0
cultivar:amega|solanum_lycopersicum,species:solanum_lycopersicum,OF_SPECIES,,,,,
cultivar:amega|solanum_lycopersicum,region:sp,PRODUCED_IN,,0.02,0.0,2.0,1.0
