id,label,agrovoc_id,name_pt,name_en,name_es,uri,name,crop_family,ontology,name_sci,name_full,species,uf,country
crop:c_14477,Crop,c_14477,soja,soybeans,Soja,http://aims.fao.org/aos/agrovoc/c_14477,,,,,,,,
crop:c_9786,Crop,c_9786,chicória,chicory,Achicoria,http://aims.fao.org/aos/agrovoc/c_9786,,,,,,,,
crop:c_3376,Crop,c_3376,hortaliça de folha,leaf vegetables,Hortaliza de hoja,http://aims.fao.org/aos/agrovoc/c_3376,,,,,,,,
crop:c_12151,Crop,c_12151,alface,lettuces,Lechuga,http://aims.fao.org/aos/agrovoc/c_12151,,,,,,,,
crop:c_779f4094,Crop,c_779f4094,,head lettuce,Lechuga de cabeza,http://aims.fao.org/aos/agrovoc/c_779f4094,,,,,,,,
crop:c_934c0772,Crop,c_934c0772,,cos lettuce,Lechuga cos,http://aims.fao.org/aos/agrovoc/c_934c0772,,,,,,,,
crop:c_53379b65,Crop,c_53379b65,,leaf lettuce,Lechuga de hoja,http://aims.fao.org/aos/agrovoc/c_53379b65,,,,,,,,
crop:c_10596,Crop,c_10596,endívia,endives,Endibia,http://aims.fao.org/aos/agrovoc/c_10596,,,,,,,,
crop:c_1127,Crop,c_1127,couve-de-bruxelas,Brussels sprouts,Col de Bruselas,http://aims.fao.org/aos/agrovoc/c_1127,,,,,,,,
crop:c_1173,Crop,c_1173,couve-repolho,cabbages,Repollo,http://aims.fao.org/aos/agrovoc/c_1173,,,,,,,,
crop:c_4070,Crop,c_4070,couve,kales,Col,http://aims.fao.org/aos/agrovoc/c_4070,,,,,,,,
crop:c_1bd94c09,Crop,c_1bd94c09,,curled kitchen kale,Col crespa,http://aims.fao.org/aos/agrovoc/c_1bd94c09,,,,,,,,
crop:c_9804,Crop,c_9804,couve-chinesa,chinese cabbages,Col china,http://aims.fao.org/aos/agrovoc/c_9804,,,,,,,,
crop:c_14508,Crop,c_14508,espinafre,spinach,Espinaca,http://aims.fao.org/aos/agrovoc/c_14508,,,,,,,,
crop:c_15275,Crop,c_15275,agrião,watercress,Berro de agua,http://aims.fao.org/aos/agrovoc/c_15275,,,,,,,,
crop:c_331477,Crop,c_331477,taioba,taioba,Taioba,http://aims.fao.org/aos/agrovoc/c_331477,,,,,,,,
crop:c_7303,Crop,c_7303,beterraba folhosa,spinach beet,Remolacha de hoja,http://aims.fao.org/aos/agrovoc/c_7303,,,,,,,,
crop:c_b9d885f6,Crop,c_b9d885f6,,red cabbages,Col roja,http://aims.fao.org/aos/agrovoc/c_b9d885f6,,,,,,,,
crop:c_c32f344d,Crop,c_c32f344d,radicchio,radicchio,Radicchio,http://aims.fao.org/aos/agrovoc/c_c32f344d,,,,,,,,
crop:c_5f3deb25,Crop,c_5f3deb25,,Chinese kale,Brécol chino,http://aims.fao.org/aos/agrovoc/c_5f3deb25,,,,,,,,
crop:c_5c9e76bc,Crop,c_5c9e76bc,Rúcula,rocket,Rúcula,http://aims.fao.org/aos/agrovoc/c_5c9e76bc,,,,,,,,
crop:c_3f9d5fa9,Crop,c_3f9d5fa9,,microgreens,Microverde,http://aims.fao.org/aos/agrovoc/c_3f9d5fa9,,,,,,,,
crop:c_bee45268,Crop,c_bee45268,canónigos,lamb's lettuce,Hierba del canónigo,http://aims.fao.org/aos/agrovoc/c_bee45268,,,,,,,,
crop:c_d83a24a2,Crop,c_d83a24a2,,amaranth leaves,Hoja de amaranto,http://aims.fao.org/aos/agrovoc/c_d83a24a2,,,,,,,,
crop:c_7552,Crop,c_7552,milho doce,sweet corn,Maíz dulce,http://aims.fao.org/aos/agrovoc/c_7552,,,,,,,,
crop:c_3129,Crop,c_3129,fruto hortícola,fruit vegetables,Hortaliza de fruto,http://aims.fao.org/aos/agrovoc/c_3129,,,,,,,,
crop:c_7805,Crop,c_7805,tomate,tomatoes,Tomate,http://aims.fao.org/aos/agrovoc/c_7805,,,,,,,,
crop:c_36700,Crop,c_36700,tomate cereja,cherry tomatoes,Tomate cherry,http://aims.fao.org/aos/agrovoc/c_36700,,,,,,,,
crop:c_8998,Crop,c_8998,beringela,eggplants,Berenjena,http://aims.fao.org/aos/agrovoc/c_8998,,,,,,,,
crop:c_12920,Crop,c_12920,quiabo,okras,Ocra,http://aims.fao.org/aos/agrovoc/c_12920,,,,,,,,
crop:c_14727,Crop,c_14727,pimentão doce,sweet peppers,Chili dulce,http://aims.fao.org/aos/agrovoc/c_14727,,,,,,,,
crop:c_2006,Crop,c_2006,cucurbitácea hortícola,cucurbit vegetables,Hortaliza cucurbitácea,http://aims.fao.org/aos/agrovoc/c_2006,,,,,,,,
crop:c_10195,Crop,c_10195,pepino,cucumbers,Pepino,http://aims.fao.org/aos/agrovoc/c_10195,,,,,,,,
crop:c_11141,Crop,c_11141,pepino para conserva,gherkins,Pepinillo,http://aims.fao.org/aos/agrovoc/c_11141,,,,,,,,
crop:c_37735,Crop,c_37735,abóbora,squashes,Calabaza,http://aims.fao.org/aos/agrovoc/c_37735,,,,,,,,
crop:c_8411,Crop,c_8411,abóbora de inverno,winter squashes,Calabaza confitera,http://aims.fao.org/aos/agrovoc/c_8411,,,,,,,,
crop:c_6369,Crop,c_6369,abóbora porqueira,pumpkins,Calabaza (cucúrbita),http://aims.fao.org/aos/agrovoc/c_6369,,,,,,,,
crop:c_12414,Crop,c_12414,aboborinha,marrows,Calabacín,http://aims.fao.org/aos/agrovoc/c_12414,,,,,,,,
crop:c_35856,Crop,c_35856,abóbora de verão,summer squashes,Calabaza de verano,http://aims.fao.org/aos/agrovoc/c_35856,,,,,,,,
crop:c_1a58779c,Crop,c_1a58779c,,giant pumpkins,Calabaza gigante,http://aims.fao.org/aos/agrovoc/c_1a58779c,,,,,,,,
crop:c_670,Crop,c_670,feijão espargo,asparagus beans,Fríjol espárrago,http://aims.fao.org/aos/agrovoc/c_670,,,,,,,,
crop:c_3666,Crop,c_3666,horse gram,horse gram,Fríjol grande de américa,http://aims.fao.org/aos/agrovoc/c_3666,,,,,,,,
crop:c_4988,Crop,c_4988,feijão mungo,mung beans,Fríjol mungo,http://aims.fao.org/aos/agrovoc/c_4988,,,,,,,,
crop:c_8089,Crop,c_8089,urd,urd beans,Porotos mungo,http://aims.fao.org/aos/agrovoc/c_8089,,,,,,,,
crop:c_8632,Crop,c_8632,feijão adzuki,adzuki beans,Fríjol adzuki,http://aims.fao.org/aos/agrovoc/c_8632,,,,,,,,
crop:c_9631,Crop,c_9631,alfarroba,carobs,Algarroba,http://aims.fao.org/aos/agrovoc/c_9631,,,,,,,,
crop:c_9785,Crop,c_9785,grão de bico,chickpeas,Garbanzo,http://aims.fao.org/aos/agrovoc/c_9785,,,,,,,,
crop:c_12140,Crop,c_12140,lentilha,lentils,Lenteja,http://aims.fao.org/aos/agrovoc/c_12140,,,,,,,,
crop:c_13177,Crop,c_13177,ervilha,peas,Guisante,http://aims.fao.org/aos/agrovoc/c_13177,,,,,,,,
crop:c_10722,Crop,c_10722,fava,broad beans,Haba,http://aims.fao.org/aos/agrovoc/c_10722,,,,,,,,
crop:c_331566,Crop,c_331566,,beans,Fríjol,http://aims.fao.org/aos/agrovoc/c_331566,,,,,,,,
crop:c_4098,Crop,c_4098,feijão (Phaseolus),common beans,Fríjol (Phaseolus),http://aims.fao.org/aos/agrovoc/c_4098,,,,,,,,
crop:c_f461a9d7,Crop,c_f461a9d7,,green beans,Judía verde,http://aims.fao.org/aos/agrovoc/c_f461a9d7,,,,,,,,
crop:c_04e08adc,Crop,c_04e08adc,,dry beans,Fríjol seco,http://aims.fao.org/aos/agrovoc/c_04e08adc,,,,,,,,
crop:c_94046467,Crop,c_94046467,Feijoca,scarlet runner beans,Ayocote,http://aims.fao.org/aos/agrovoc/c_94046467,,,,,,,,
crop:c_801,Crop,c_801,rebento de bambu,bamboo shoots,Brote de bambú,http://aims.fao.org/aos/agrovoc/c_801,,,,,,,,
crop:c_6647,Crop,c_6647,raiz e tubérculo hortícolas,root vegetables,Hortaliza de raíz,http://aims.fao.org/aos/agrovoc/c_6647,,,,,,,,
crop:c_9649,Crop,c_9649,mandioca,cassava,Mandioca,http://aims.fao.org/aos/agrovoc/c_9649,,,,,,,,
crop:c_867,Crop,c_867,beterraba,beetroot,Remolacha,http://aims.fao.org/aos/agrovoc/c_867,,,,,,,,
crop:c_1411,Crop,c_1411,aipo rábano,celeriac,Apio-nabo,http://aims.fao.org/aos/agrovoc/c_1411,,,,,,,,
crop:c_8019,Crop,c_8019,nabo,turnips,Nabo,http://aims.fao.org/aos/agrovoc/c_8019,,,,,,,,
crop:c_14791,Crop,c_14791,taro,taro,Taro,http://aims.fao.org/aos/agrovoc/c_14791,,,,,,,,
crop:c_6713,Crop,c_6713,rutabaga,rutabagas,Rutabaga,http://aims.fao.org/aos/agrovoc/c_6713,,,,,,,,
crop:c_8478,Crop,c_8478,inhame,yams,Ñame,http://aims.fao.org/aos/agrovoc/c_8478,,,,,,,,
crop:c_8639,Crop,c_8639,inhame bravo,African bitter yam,Name amargo africano,http://aims.fao.org/aos/agrovoc/c_8639,,,,,,,,
crop:c_b62580dc,Crop,c_b62580dc,inhame-da-Índia,greater yam,Ñame de agua,http://aims.fao.org/aos/agrovoc/c_b62580dc,,,,,,,,
crop:c_4ad84693,Crop,c_4ad84693,batata-de-goa,Asiatic yam,Ñame asiatico,http://aims.fao.org/aos/agrovoc/c_4ad84693,,,,,,,,
crop:c_68ded8bf,Crop,c_68ded8bf,inhame-de-bolbos-aéreos,aerial yam,Ñame de mata,http://aims.fao.org/aos/agrovoc/c_68ded8bf,,,,,,,,
crop:c_f4f7b60f,Crop,c_f4f7b60f,cara-de-Pará,yellow Guinea yam,Ñame amarillo,http://aims.fao.org/aos/agrovoc/c_f4f7b60f,,,,,,,,
crop:c_54e79c40,Crop,c_54e79c40,,Pacific yam,Ñame del pacífico,http://aims.fao.org/aos/agrovoc/c_54e79c40,,,,,,,,
crop:c_ac086db8,Crop,c_ac086db8,inhame-da-china,Chinese yam,Ñame de la China,http://aims.fao.org/aos/agrovoc/c_ac086db8,,,,,,,,
crop:c_6060d12c,Crop,c_6060d12c,grabosa,five-leaved yam,Ñame de cinco hojas,http://aims.fao.org/aos/agrovoc/c_6060d12c,,,,,,,,
crop:c_bd43049a,Crop,c_bd43049a,inhame-branco-da-Guiné,white Guinea yam,Ñame guinea,http://aims.fao.org/aos/agrovoc/c_bd43049a,,,,,,,,
crop:c_33c5958f,Crop,c_33c5958f,cará-doce,cush-cush yam,Ñame mapuey,http://aims.fao.org/aos/agrovoc/c_33c5958f,,,,,,,,
crop:c_38c2b537,Crop,c_38c2b537,,Japanese yam,Ñame japonés,http://aims.fao.org/aos/agrovoc/c_38c2b537,,,,,,,,
crop:c_2a17f2e0,Crop,c_2a17f2e0,inhame-dos-tintureiros,Asiatic bitter yam,Ñame intoxicante,http://aims.fao.org/aos/agrovoc/c_2a17f2e0,,,,,,,,
crop:c_9640,Crop,c_9640,cenoura,carrots,Zanahoria,http://aims.fao.org/aos/agrovoc/c_9640,,,,,,,,
crop:c_11903,Crop,c_11903,tupinambo,Jerusalem artichokes,Pataca,http://aims.fao.org/aos/agrovoc/c_11903,,,,,,,,
crop:c_13122,Crop,c_13122,chirivia,parsnips,Chirivia,http://aims.fao.org/aos/agrovoc/c_13122,,,,,,,,
crop:c_13551,Crop,c_13551,batata,potatoes,Papa,http://aims.fao.org/aos/agrovoc/c_13551,,,,,,,,
crop:c_10081,Crop,c_10081,batata semente,seed potatoes,Papa de siembra,http://aims.fao.org/aos/agrovoc/c_10081,,,,,,,,
crop:c_13735,Crop,c_13735,rabanete,radishes,Rábano,http://aims.fao.org/aos/agrovoc/c_13735,,,,,,,,
crop:c_14055,Crop,c_14055,salsifi,salsify,Salsifi,http://aims.fao.org/aos/agrovoc/c_14055,,,,,,,,
crop:c_14729,Crop,c_14729,batata doce,sweet potatoes,Batata,http://aims.fao.org/aos/agrovoc/c_14729,,,,,,,,
crop:c_8c81ebbc,Crop,c_8c81ebbc,batata doce de polpa alaranjada,orange-fleshed sweet potatoes,Boniato de masa anaranjada,http://aims.fao.org/aos/agrovoc/c_8c81ebbc,,,,,,,,
crop:c_11614,Crop,c_11614,rábano silvestre,horseradish,Rábano picante,http://aims.fao.org/aos/agrovoc/c_11614,,,,,,,,
crop:c_0f628632,Crop,c_0f628632,salsifi negro,black salsify,Escorzonera,http://aims.fao.org/aos/agrovoc/c_0f628632,,,,,,,,
crop:c_1af96a53,Crop,c_1af96a53,,chicory root,Achicoria de raíz,http://aims.fao.org/aos/agrovoc/c_1af96a53,,,,,,,,
crop:c_7f40dbdf,Crop,c_7f40dbdf,,parsley root,Perejil tuberoso,http://aims.fao.org/aos/agrovoc/c_7f40dbdf,,,,,,,,
crop:c_d1c9cfce,Crop,c_d1c9cfce,,lotus root,Raíz de loto,http://aims.fao.org/aos/agrovoc/c_d1c9cfce,,,,,,,,
crop:c_700f9441,Crop,c_700f9441,yautia,yautia,Yautía,http://aims.fao.org/aos/agrovoc/c_700f9441,,,,,,,,
crop:c_1143,Crop,c_1143,aliácea hortícola,bulbous vegetables,Hortaliza de bulbo,http://aims.fao.org/aos/agrovoc/c_1143,,,,,,,,
crop:c_4040,Crop,c_4040,cebola japonesa,Japanese bunching onions,Cebolla japonesa,http://aims.fao.org/aos/agrovoc/c_4040,,,,,,,,
crop:c_12128,Crop,c_12128,alho porro,leeks,Puerro,http://aims.fao.org/aos/agrovoc/c_12128,,,,,,,,
crop:c_12934,Crop,c_12934,cebola,onions,Cebolla,http://aims.fao.org/aos/agrovoc/c_12934,,,,,,,,
crop:c_14233,Crop,c_14233,chalota,shallots,Chalote,http://aims.fao.org/aos/agrovoc/c_14233,,,,,,,,
crop:c_9813,Crop,c_9813,cebolinha,chives,Cebollino,http://aims.fao.org/aos/agrovoc/c_9813,,,,,,,,
crop:c_11091,Crop,c_11091,alho,garlic,Ajo,http://aims.fao.org/aos/agrovoc/c_11091,,,,,,,,
crop:c_ffd65b9e,Crop,c_ffd65b9e,cebola primavera,green onions,Cebolla verde,http://aims.fao.org/aos/agrovoc/c_ffd65b9e,,,,,,,,
crop:c_2487,Crop,c_2487,cogumelo comestível,edible fungi,Seta comestible,http://aims.fao.org/aos/agrovoc/c_2487,,,,,,,,
crop:c_221f3324,Crop,c_221f3324,Trufa,truffles,Trufa,http://aims.fao.org/aos/agrovoc/c_221f3324,,,,,,,,
crop:c_7388,Crop,c_7388,caule hortícola,stem vegetables,Hortaliza de tallo,http://aims.fao.org/aos/agrovoc/c_7388,,,,,,,,
crop:c_1412,Crop,c_1412,aipo,celery,Apio,http://aims.fao.org/aos/agrovoc/c_1412,,,,,,,,
crop:c_4114,Crop,c_4114,couve-rábano,kohlrabi,Colirrábano,http://aims.fao.org/aos/agrovoc/c_4114,,,,,,,,
crop:c_11089,Crop,c_11089,ruibarbo,rhubarb,Ruibarbo,http://aims.fao.org/aos/agrovoc/c_11089,,,,,,,,
crop:c_5989,Crop,c_5989,banana da terra,plantains,Plátano,http://aims.fao.org/aos/agrovoc/c_5989,,,,,,,,
crop:c_9623,Crop,c_9623,cardo do coalho,cardoons,Cardo,http://aims.fao.org/aos/agrovoc/c_9623,,,,,,,,
crop:c_11766,Crop,c_11766,hortícola de inflorescência,inflorescence vegetables,Hortaliza de inflorescencia,http://aims.fao.org/aos/agrovoc/c_11766,,,,,,,,
crop:c_11171,Crop,c_11171,alcachofra,globe artichokes,Alcachofa,http://aims.fao.org/aos/agrovoc/c_11171,,,,,,,,
crop:c_1394,Crop,c_1394,couve-flor,cauliflowers,Coliflor,http://aims.fao.org/aos/agrovoc/c_1394,,,,,,,,
crop:c_7339,Crop,c_7339,brócolos,broccoli,Bróculi,http://aims.fao.org/aos/agrovoc/c_7339,,,,,,,,
crop:c_15889,Crop,c_15889,rebento de soja,bean sprouts,Fríjol nacido,http://aims.fao.org/aos/agrovoc/c_15889,,,,,,,,
crop:c_17156,Crop,c_17156,espargo,asparagus spears,Espárrago,http://aims.fao.org/aos/agrovoc/c_17156,,,,,,,,
crop:c_28302,Crop,c_28302,palmito,palm hearts,Palmito,http://aims.fao.org/aos/agrovoc/c_28302,,,,,,,,
crop:c_32502,Crop,c_32502,produto hortícola fora da época,out of season vegetables,Hortaliza fuera de temporada,http://aims.fao.org/aos/agrovoc/c_32502,,,,,,,,
crop:c_330156,Crop,c_330156,vagem de moringa,drumsticks,Baqueta,http://aims.fao.org/aos/agrovoc/c_330156,,,,,,,,
crop:c_10789,Crop,c_10789,funcho,fennel,Hinojo,http://aims.fao.org/aos/agrovoc/c_10789,,,,,,,,
crop:c_87057e4f,Crop,c_87057e4f,couve marinha,seakale,Col marina,http://aims.fao.org/aos/agrovoc/c_87057e4f,,,,,,,,
crop:c_a8b0f9a7,Crop,c_a8b0f9a7,,roselle,Rosella,http://aims.fao.org/aos/agrovoc/c_a8b0f9a7,,,,,,,,
crop:c_8174,Crop,c_8174,hortaliças,vegetables,hortalizas,http://aims.fao.org/aos/agrovoc/c_8174,,,,,,,,
cropfamily:brassica,CropFamily,,,,,,Brassica,,,,,,,
trait:co_348_2000001,Trait,,,,,,Plant stand,Brassica,CO_348,,,,,
trait:co_348_2000002,Trait,,,,,,Regularity of plant stand,Brassica,CO_348,,,,,
trait:co_348_2000003,Trait,,,,,,Biomass yield,Brassica,CO_348,,,,,
trait:co_348_2100125,Trait,,,,,,Plant height,Brassica,CO_348,,,,,
trait:co_348_2000004,Trait,,,,,,Pod shattering,Brassica,CO_348,,,,,
trait:co_348_2000005,Trait,,,,,,First inter-node time (BBCH 31),Brassica,CO_348,,,,,
trait:co_348_2000006,Trait,,,,,,First flowers time (BBCH 60),Brassica,CO_348,,,,,
trait:co_348_2000007,Trait,,,,,,Beginning of flowering time (BBCH 61),Brassica,CO_348,,,,,
trait:co_348_2000008,Trait,,,,,,Flowering time (BBCH 62-65),Brassica,CO_348,,,,,
trait:co_348_2000009,Trait,,,,,,End of flowering time (BBCH 69),Brassica,CO_348,,,,,
trait:co_348_2000010,Trait,,,,,,Beginning of pod development time (BBCH 71),Brassica,CO_348,,,,,
trait:co_348_2000011,Trait,,,,,,Early pod development time (BBCH 73),Brassica,CO_348,,,,,
trait:co_348_2000012,Trait,,,,,,Pod development time (BBCH 72-79),Brassica,CO_348,,,,,
trait:co_348_2000013,Trait,,,,,,Beginning of pod maturity time (BBCH 81),Brassica,CO_348,,,,,
trait:co_348_2000014,Trait,,,,,,Pod maturity time (BBCH 82-99),Brassica,CO_348,,,,,
trait:co_348_2000015,Trait,,,,,,Plant stand at emergence,Brassica,CO_348,,,,,
trait:co_348_2000016,Trait,,,,,,Seed erucic acid content,Brassica,CO_348,,,,,
trait:co_348_2000017,Trait,,,,,,Seed palmitic acid content,Brassica,CO_348,,,,,
trait:co_348_2000018,Trait,,,,,,Seed stearic acid content,Brassica,CO_348,,,,,
trait:co_348_2000019,Trait,,,,,,Seed oleic acid content,Brassica,CO_348,,,,,
trait:co_348_2000020,Trait,,,,,,Seed linoleic acid content,Brassica,CO_348,,,,,
trait:co_348_2000021,Trait,,,,,,Seed linolenic acid content,Brassica,CO_348,,,,,
trait:co_348_2000022,Trait,,,,,,Seed oil content,Brassica,CO_348,,,,,
trait:co_348_2000023,Trait,,,,,,Seed protein content,Brassica,CO_348,,,,,
trait:co_348_2000024,Trait,,,,,,Seed glucosinolate content,Brassica,CO_348,,,,,
trait:co_348_2000025,Trait,,,,,,Seed moisture content,Brassica,CO_348,,,,,
trait:co_348_2000026,Trait,,,,,,Meal protein content,Brassica,CO_348,,,,,
trait:co_348_2000027,Trait,,,,,,Seed moisture content,Brassica,CO_348,,,,,
trait:co_348_2000028,Trait,,,,,,Seed impurity content,Brassica,CO_348,,,,,
trait:co_348_2000029,Trait,,,,,,Biotic attack annotation,Brassica,CO_348,,,,,
trait:co_348_2000030,Trait,,,,,,Plant lodging incidence,Brassica,CO_348,,,,,
trait:co_348_2000031,Trait,,,,,,Crop problems annotation,Brassica,CO_348,,,,,
trait:co_348_2000032,Trait,,,,,,Climatic incidents annotation,Brassica,CO_348,,,,,
trait:co_348_2000033,Trait,,,,,,Phoma damage,Brassica,CO_348,,,,,
trait:co_348_2000034,Trait,,,,,,Weevils damage,Brassica,CO_348,,,,,
trait:co_348_2000035,Trait,,,,,,Plot measure validity,Brassica,CO_348,,,,,
trait:co_348_2000036,Trait,,,,,,Biomass partitioning to seed,Brassica,CO_348,,,,,
trait:co_348_2000037,Trait,,,,,,Seed N content to total plant N content ratio,Brassica,CO_348,,,,,
trait:co_348_2000038,Trait,,,,,,Oil yield,Brassica,CO_348,,,,,
trait:co_348_2000039,Trait,,,,,,Plot size,Brassica,CO_348,,,,,
trait:co_348_2000040,Trait,,,,,,Seed protein yield,Brassica,CO_348,,,,,
trait:co_348_2000041,Trait,,,,,,Hail damage,Brassica,CO_348,,,,,
trait:co_348_2100001,Trait,,,,,,Primary root lengh,Brassica,CO_348,,,,,
trait:co_348_2100002,Trait,,,,,,Lateral root length,Brassica,CO_348,,,,,
trait:co_348_2100003,Trait,,,,,,Lateral root number,Brassica,CO_348,,,,,
trait:co_348_2100004,Trait,,,,,,Total root length,Brassica,CO_348,,,,,
trait:co_348_2100005,Trait,,,,,,Mean lateral root length,Brassica,CO_348,,,,,
trait:co_348_2100006,Trait,,,,,,Lateral root density,Brassica,CO_348,,,,,
trait:co_348_2100007,Trait,,,,,,Seed diameter,Brassica,CO_348,,,,,
trait:co_348_2100008,Trait,,,,,,Seed Arsenic content,Brassica,CO_348,,,,,
trait:co_348_2100009,Trait,,,,,,Seed Boron content,Brassica,CO_348,,,,,
trait:co_348_2100010,Trait,,,,,,Seed Calcium content,Brassica,CO_348,,,,,
trait:co_348_2100011,Trait,,,,,,Seed Cadmium content,Brassica,CO_348,,,,,
trait:co_348_2100012,Trait,,,,,,Seed Cobalt content,Brassica,CO_348,,,,,
trait:co_348_2100013,Trait,,,,,,Seed Chromium content,Brassica,CO_348,,,,,
trait:co_348_2100014,Trait,,,,,,Seed Copper content,Brassica,CO_348,,,,,
trait:co_348_2100015,Trait,,,,,,Seed Iron content,Brassica,CO_348,,,,,
trait:co_348_2100016,Trait,,,,,,Seed Potassium content,Brassica,CO_348,,,,,
trait:co_348_2100017,Trait,,,,,,Seed Lithium content,Brassica,CO_348,,,,,
trait:co_348_2100018,Trait,,,,,,Seed Magnesium content,Brassica,CO_348,,,,,
trait:co_348_2100019,Trait,,,,,,Seed Manganese content,Brassica,CO_348,,,,,
trait:co_348_2100020,Trait,,,,,,Seed Molybdenum content,Brassica,CO_348,,,,,
trait:co_348_2100021,Trait,,,,,,Seed Sodium content,Brassica,CO_348,,,,,
trait:co_348_2100022,Trait,,,,,,Seed Nickel content,Brassica,CO_348,,,,,
trait:co_348_2100023,Trait,,,,,,Seed Phosphorus content,Brassica,CO_348,,,,,
trait:co_348_2100024,Trait,,,,,,Seed Lead content,Brassica,CO_348,,,,,
trait:co_348_2100025,Trait,,,,,,Seed Rubidium content,Brassica,CO_348,,,,,
trait:co_348_2100026,Trait,,,,,,Seed Sulphur content,Brassica,CO_348,,,,,
trait:co_348_2100027,Trait,,,,,,Seed Selenium content,Brassica,CO_348,,,,,
trait:co_348_2100028,Trait,,,,,,Seed Strontium content,Brassica,CO_348,,,,,
trait:co_348_2100029,Trait,,,,,,Seed Zinc content,Brassica,CO_348,,,,,
trait:co_348_2100030,Trait,,,,,,Leaf Silver content,Brassica,CO_348,,,,,
trait:co_348_2100031,Trait,,,,,,Leaf Aluminium content,Brassica,CO_348,,,,,
trait:co_348_2100032,Trait,,,,,,Leaf Arsenic content,Brassica,CO_348,,,,,
trait:co_348_2100033,Trait,,,,,,Leaf Boron content,Brassica,CO_348,,,,,
trait:co_348_2100034,Trait,,,,,,Leaf Balium content,Brassica,CO_348,,,,,
trait:co_348_2100035,Trait,,,,,,Leaf Calcium content,Brassica,CO_348,,,,,
trait:co_348_2100036,Trait,,,,,,Leaf Cadmium content,Brassica,CO_348,,,,,
trait:co_348_2100037,Trait,,,,,,Leaf Chromium content,Brassica,CO_348,,,,,
trait:co_348_2100038,Trait,,,,,,Leaf Caesium content,Brassica,CO_348,,,,,
trait:co_348_2100039,Trait,,,,,,Leaf Copper content,Brassica,CO_348,,,,,
trait:co_348_2100040,Trait,,,,,,Leaf Iron content,Brassica,CO_348,,,,,
trait:co_348_2100041,Trait,,,,,,Leaf Potassium content,Brassica,CO_348,,,,,
trait:co_348_2100042,Trait,,,,,,Leaf Magnesium content,Brassica,CO_348,,,,,
trait:co_348_2100043,Trait,,,,,,Leaf Manganese content,Brassica,CO_348,,,,,
trait:co_348_2100044,Trait,,,,,,Leaf Molybdenum content,Brassica,CO_348,,,,,
trait:co_348_2100045,Trait,,,,,,Leaf Sodium content,Brassica,CO_348,,,,,
trait:co_348_2100046,Trait,,,,,,Leaf Nickel content,Brassica,CO_348,,,,,
trait:co_348_2100047,Trait,,,,,,Leaf Phosphorus content,Brassica,CO_348,,,,,
trait:co_348_2100048,Trait,,,,,,Leaf Lead content,Brassica,CO_348,,,,,
trait:co_348_2100049,Trait,,,,,,Leaf Rubidium content,Brassica,CO_348,,,,,
trait:co_348_2100050,Trait,,,,,,Leaf Sulphur content,Brassica,CO_348,,,,,
trait:co_348_2100051,Trait,,,,,,Leaf Selenium content,Brassica,CO_348,,,,,
trait:co_348_2100052,Trait,,,,,,Leaf Strontium content,Brassica,CO_348,,,,,
trait:co_348_2100053,Trait,,,,,,Leaf Titanium content,Brassica,CO_348,,,,,
trait:co_348_2100054,Trait,,,,,,Leaf Uranium content,Brassica,CO_348,,,,,
trait:co_348_2100055,Trait,,,,,,Leaf Vanadium content,Brassica,CO_348,,,,,
trait:co_348_2100056,Trait,,,,,,Leaf Zinc content,Brassica,CO_348,,,,,
trait:co_348_2100057,Trait,,,,,,Seed Brassicasterol content,Brassica,CO_348,,,,,
trait:co_348_2100058,Trait,,,,,,Seed diunsaturated Campesterol content,Brassica,CO_348,,,,,
cropfamily:common_bean,CropFamily,,,,,,Common Bean,,,,,,,
trait:co_335_0000920,Trait,,,,,,Geometric mean of days to physiological maturity,Common Bean,CO_335,,,,,
trait:co_335_0000921,Trait,,,,,,Geometric mean of hundred seed weight,Common Bean,CO_335,,,,,
trait:co_335_0000922,Trait,,,,,,Geometric mean of seed yield,Common Bean,CO_335,,,,,
trait:co_335_0000923,Trait,,,,,,Seed yield drought susceptibility index,Common Bean,CO_335,,,,,
trait:co_335_0000924,Trait,,,,,,Canopy width,Common Bean,CO_335,,,,,
trait:co_335_0000925,Trait,,,,,,Dead leaf biomass at R8,Common Bean,CO_335,,,,,
trait:co_335_0000926,Trait,,,,,,Hundred seed weight,Common Bean,CO_335,,,,,
trait:co_335_0000927,Trait,,,,,,Leaf area,Common Bean,CO_335,,,,,
trait:co_335_0000928,Trait,,,,,,Leaf area index,Common Bean,CO_335,,,,,
trait:co_335_0000929,Trait,,,,,,Leaf biomass at R8,Common Bean,CO_335,,,,,
trait:co_335_0000930,Trait,,,,,,Mean root diameter,Common Bean,CO_335,,,,,
trait:co_335_0000931,Trait,,,,,,Plant harvested number,Common Bean,CO_335,,,,,
trait:co_335_0000932,Trait,,,,,,Plant height,Common Bean,CO_335,,,,,
trait:co_335_0000933,Trait,,,,,,Plant leaf area,Common Bean,CO_335,,,,,
trait:co_335_0000934,Trait,,,,,,Plant pod number,Common Bean,CO_335,,,,,
trait:co_335_0000935,Trait,,,,,,Plant root volume,Common Bean,CO_335,,,,,
trait:co_335_0000936,Trait,,,,,,Plant seed number,Common Bean,CO_335,,,,,
trait:co_335_0000937,Trait,,,,,,Plant seed yield,Common Bean,CO_335,,,,,
trait:co_335_0000938,Trait,,,,,,Plant shoot biomass,Common Bean,CO_335,,,,,
trait:co_335_0000939,Trait,,,,,,Plant total root biomass,Common Bean,CO_335,,,,,
trait:co_335_0000940,Trait,,,,,,Plant total root length,Common Bean,CO_335,,,,,
trait:co_335_0000941,Trait,,,,,,Pod biomass at R8,Common Bean,CO_335,,,,,
trait:co_335_0000942,Trait,,,,,,Pod biomass at R9,Common Bean,CO_335,,,,,
trait:co_335_0000943,Trait,,,,,,Pod dehiscence type,Common Bean,CO_335,,,,,
trait:co_335_0000944,Trait,,,,,,Pod harvest index,Common Bean,CO_335,,,,,
trait:co_335_0000945,Trait,,,,,,Pod number,Common Bean,CO_335,,,,,
trait:co_335_0000946,Trait,,,,,,Pod partitioning index,Common Bean,CO_335,,,,,
trait:co_335_0000947,Trait,,,,,,Pod seed number,Common Bean,CO_335,,,,,
trait:co_335_0000948,Trait,,,,,,Pod wall biomass at R9,Common Bean,CO_335,,,,,
trait:co_335_0000949,Trait,,,,,,Root depth,Common Bean,CO_335,,,,,
trait:co_335_0000950,Trait,,,,,,Root volume,Common Bean,CO_335,,,,,
trait:co_335_0000951,Trait,,,,,,Seed ash content,Common Bean,CO_335,,,,,
trait:co_335_0000952,Trait,,,,,,Seed harvest index,Common Bean,CO_335,,,,,
trait:co_335_0000953,Trait,,,,,,Seed moisture content,Common Bean,CO_335,,,,,
trait:co_335_0000954,Trait,,,,,,Seed number,Common Bean,CO_335,,,,,
trait:co_335_0000955,Trait,,,,,,Seed size,Common Bean,CO_335,,,,,
trait:co_335_0000799,Trait,,,,,,Seed size,Common Bean,CO_335,,,,,
trait:co_335_0000956,Trait,,,,,,Seed yield,Common Bean,CO_335,,,,,
trait:co_335_0000800,Trait,,,,,,Seed yield,Common Bean,CO_335,,,,,
trait:co_335_0000957,Trait,,,,,,Seed yield productivity rate,Common Bean,CO_335,,,,,
trait:co_335_0000958,Trait,,,,,,Shoot ash content,Common Bean,CO_335,,,,,
trait:co_335_0000959,Trait,,,,,,Shoot biomass,Common Bean,CO_335,,,,,
trait:co_335_0000960,Trait,,,,,,Shoot biomass at R8,Common Bean,CO_335,,,,,
trait:co_335_0000961,Trait,,,,,,Specific root length,Common Bean,CO_335,,,,,
trait:co_335_0000962,Trait,,,,,,Stem biomass at R8,Common Bean,CO_335,,,,,
trait:co_335_0000963,Trait,,,,,,Stem biomass at R9,Common Bean,CO_335,,,,,
trait:co_335_0000964,Trait,,,,,,Stem biomass reduction,Common Bean,CO_335,,,,,
trait:co_335_0000965,Trait,,,,,,Total root biomass,Common Bean,CO_335,,,,,
trait:co_335_0000966,Trait,,,,,,Total root length,Common Bean,CO_335,,,,,
trait:co_335_0000967,Trait,,,,,,Presence of marker linked to bc-3 gene,Common Bean,CO_335,,,,,
trait:co_335_0000968,Trait,,,,,,Presence of marker linked to bgm-1 gene,Common Bean,CO_335,,,,,
trait:co_335_0000969,Trait,,,,,,Presence of marker linked to W12 QTL,Common Bean,CO_335,,,,,
trait:co_335_0000970,Trait,,,,,,Angular Leaf Spot disease severity on leaves,Common Bean,CO_335,,,,,
trait:co_335_0000971,Trait,,,,,,Angular Leaf Spot disease severity on pods,Common Bean,CO_335,,,,,
trait:co_335_0000972,Trait,,,,,,Anthracnose disease severity on leaves,Common Bean,CO_335,,,,,
trait:co_335_0000973,Trait,,,,,,Anthracnose disease severity on pods,Common Bean,CO_335,,,,,
trait:co_335_0000974,Trait,,,,,,Aphids damage,Common Bean,CO_335,,,,,
trait:co_335_0000975,Trait,,,,,,Ascochyta blight disease severity on leaves,Common Bean,CO_335,,,,,
trait:co_335_0000976,Trait,,,,,,Ascochyta blight disease severity on pods,Common Bean,CO_335,,,,,
trait:co_335_0000977,Trait,,,,,,Bean Common Mosaic Necrosis Virus reaction,Common Bean,CO_335,,,,,
trait:co_335_0000978,Trait,,,,,,Bean Golden Yellow Mosaic Virus reaction,Common Bean,CO_335,,,,,
trait:co_335_0000979,Trait,,,,,,Bean Golden Yellow Mosaic Virus severity,Common Bean,CO_335,,,,,
trait:co_335_0000980,Trait,,,,,,Bean Stem Maggot damage,Common Bean,CO_335,,,,,
trait:co_335_0000981,Trait,,,,,,Bruchid damage on seeds,Common Bean,CO_335,,,,,
trait:co_335_0000982,Trait,,,,,,Common Bacterial Blight disease severity on leaves,Common Bean,CO_335,,,,,
trait:co_335_0000983,Trait,,,,,,Common Bacterial Blight disease severity on pods,Common Bean,CO_335,,,,,
trait:co_335_0000984,Trait,,,,,,Floury leaf spot disease severity,Common Bean,CO_335,,,,,
trait:co_335_0000985,Trait,,,,,,Fusarium solani disease severity,Common Bean,CO_335,,,,,
trait:co_335_0000986,Trait,,,,,,Halo blight disease severity on leaves,Common Bean,CO_335,,,,,
trait:co_335_0000987,Trait,,,,,,Halo blight disease severity on pods,Common Bean,CO_335,,,,,
trait:co_335_0000988,Trait,,,,,,Leafhopper damage,Common Bean,CO_335,,,,,
trait:co_335_0000989,Trait,,,,,,Macrophomina disease severity,Common Bean,CO_335,,,,,
trait:co_335_0000990,Trait,,,,,,Pythium spp. disease severity,Common Bean,CO_335,,,,,
trait:co_335_0000991,Trait,,,,,,Rhizoctonia disease severity,Common Bean,CO_335,,,,,
trait:co_335_0000992,Trait,,,,,,Rust disease severity on leaves,Common Bean,CO_335,,,,,
trait:co_335_0000993,Trait,,,,,,Southern blight disease severity,Common Bean,CO_335,,,,,
trait:co_335_0000994,Trait,,,,,,Web blight disease severity,Common Bean,CO_335,,,,,
trait:co_335_0000995,Trait,,,,,,White mold disease severity,Common Bean,CO_335,,,,,
trait:co_335_0000996,Trait,,,,,,Basal root growth angle,Common Bean,CO_335,,,,,
trait:co_335_0000997,Trait,,,,,,Emerging cotyledon color,Common Bean,CO_335,,,,,
trait:co_335_0000998,Trait,,,,,,Flower color,Common Bean,CO_335,,,,,
trait:co_335_0000999,Trait,,,,,,Flower standard color,Common Bean,CO_335,,,,,
trait:co_335_0001000,Trait,,,,,,Flower wings color,Common Bean,CO_335,,,,,
trait:co_335_0001001,Trait,,,,,,Hypocotyl pigmentation,Common Bean,CO_335,,,,,
trait:co_335_0001002,Trait,,,,,,Mature pod color,Common Bean,CO_335,,,,,
trait:co_335_0001003,Trait,,,,,,Plant basal root length,Common Bean,CO_335,,,,,
trait:co_335_0001004,Trait,,,,,,Plant basal root number,Common Bean,CO_335,,,,,
trait:co_335_0001005,Trait,,,,,,Plant basal root whorl number,Common Bean,CO_335,,,,,
trait:co_335_0001006,Trait,,,,,,Plant growth habit,Common Bean,CO_335,,,,,
trait:co_335_0001007,Trait,,,,,,Plant pod position,Common Bean,CO_335,,,,,
trait:co_335_0001008,Trait,,,,,,Pod beak orientation,Common Bean,CO_335,,,,,
trait:co_335_0001009,Trait,,,,,,Pod beak position,Common Bean,CO_335,,,,,
trait:co_335_0001010,Trait,,,,,,Pod cross section,Common Bean,CO_335,,,,,
trait:co_335_0001011,Trait,,,,,,Pod curvature,Common Bean,CO_335,,,,,
trait:co_335_0001012,Trait,,,,,,Pod length,Common Bean,CO_335,,,,,
trait:co_335_0001013,Trait,,,,,,Pod width,Common Bean,CO_335,,,,,
trait:co_335_0001014,Trait,,,,,,Seed brilliance,Common Bean,CO_335,,,,,
trait:co_335_0001015,Trait,,,,,,Seed color pattern,Common Bean,CO_335,,,,,
trait:co_335_0001016,Trait,,,,,,Seed height,Common Bean,CO_335,,,,,
trait:co_335_0001017,Trait,,,,,,Seed length,Common Bean,CO_335,,,,,
cropfamily:potato,CropFamily,,,,,,Potato,,,,,,,
trait:co_330_0000000,Trait,,,,,,Plant growth habit,Potato,CO_330,,,,,
trait:co_330_0000003,Trait,,,,,,Flowering degree,Potato,CO_330,,,,,
trait:co_330_0000006,Trait,,,,,,Corolla shape,Potato,CO_330,,,,,
trait:co_330_0000009,Trait,,,,,,Inflorescence number,Potato,CO_330,,,,,
trait:co_330_0000012,Trait,,,,,,Main inflorescence flower number,Potato,CO_330,,,,,
trait:co_330_0000015,Trait,,,,,,Anther pigmentation,Potato,CO_330,,,,,
trait:co_330_0000018,Trait,,,,,,Pistil pigmentation,Potato,CO_330,,,,,
trait:co_330_0000021,Trait,,,,,,Fruit shape,Potato,CO_330,,,,,
trait:co_330_0000024,Trait,,,,,,Fruit color,Potato,CO_330,,,,,
trait:co_330_0000027,Trait,,,,,,Pedicel color,Potato,CO_330,,,,,
trait:co_330_0000030,Trait,,,,,,Calyx color,Potato,CO_330,,,,,
trait:co_330_0000033,Trait,,,,,,Seed production per berry,Potato,CO_330,,,,,
trait:co_330_0000036,Trait,,,,,,Stigma shape,Potato,CO_330,,,,,
trait:co_330_0000039,Trait,,,,,,Leaf shape,Potato,CO_330,,,,,
trait:co_330_0000042,Trait,,,,,,Primary lateral leaflet number,Potato,CO_330,,,,,
trait:co_330_0000045,Trait,,,,,,Leaf adaxial surface color,Potato,CO_330,,,,,
trait:co_330_0000048,Trait,,,,,,Leaf abaxial surface color,Potato,CO_330,,,,,
trait:co_330_0000051,Trait,,,,,,Leaf adaxial surface trichome density,Potato,CO_330,,,,,
trait:co_330_0000054,Trait,,,,,,Leaf abaxial surface trichome density,Potato,CO_330,,,,,
trait:co_330_0000057,Trait,,,,,,Apical leaflet size,Potato,CO_330,,,,,
trait:co_330_0000060,Trait,,,,,,Apical leaflet shape,Potato,CO_330,,,,,
trait:co_330_0000063,Trait,,,,,,Lateral leaflet shape,Potato,CO_330,,,,,
trait:co_330_0000066,Trait,,,,,,Base shape of the terminal leaflets,Potato,CO_330,,,,,
trait:co_330_0000069,Trait,,,,,,Apex shape of the terminal leaflets,Potato,CO_330,,,,,
trait:co_330_0000072,Trait,,,,,,Main Stem pigmentation,Potato,CO_330,,,,,
trait:co_330_0000075,Trait,,,,,,Wing stem shape,Potato,CO_330,,,,,
trait:co_330_0000078,Trait,,,,,,Predominant tuber skin color,Potato,CO_330,,,,,
trait:co_330_0000081,Trait,,,,,,Tuber skin main color intensity,Potato,CO_330,,,,,
trait:co_330_0000084,Trait,,,,,,Tuber skin secondary color,Potato,CO_330,,,,,
trait:co_330_0000087,Trait,,,,,,Distribution of secondary tuber skin color,Potato,CO_330,,,,,
trait:co_330_0000090,Trait,,,,,,Predominant Tuber flesh color,Potato,CO_330,,,,,
trait:co_330_0000093,Trait,,,,,,Tuber flesh secondary color,Potato,CO_330,,,,,
trait:co_330_0000096,Trait,,,,,,Distribution of secondary tuber flesh color,Potato,CO_330,,,,,
trait:co_330_0000099,Trait,,,,,,Tuber shape,Potato,CO_330,,,,,
trait:co_330_0000102,Trait,,,,,,Unusual tuber shape,Potato,CO_330,,,,,
trait:co_330_0000105,Trait,,,,,,Tuber depth eyes,Potato,CO_330,,,,,
trait:co_330_0000111,Trait,,,,,,Predominant sprout color,Potato,CO_330,,,,,
trait:co_330_0000114,Trait,,,,,,Secondary sprout color,Potato,CO_330,,,,,
trait:co_330_0000117,Trait,,,,,,Distribution of secondary sprout color,Potato,CO_330,,,,,
trait:co_330_0000120,Trait,,,,,,Ploidy,Potato,CO_330,,,,,
trait:co_330_0000263,Trait,,,,,,Number of tubers planted,Potato,CO_330,,,,,
trait:co_330_0000266,Trait,,,,,,Number of emerged plants,Potato,CO_330,,,,,
trait:co_330_0000269,Trait,,,,,,Plant uniformity,Potato,CO_330,,,,,
trait:co_330_0000273,Trait,,,,,,Plant vigor,Potato,CO_330,,,,,
trait:co_330_0000277,Trait,,,,,,Senescence,Potato,CO_330,,,,,
trait:co_330_0000281,Trait,,,,,,Plant emergence proportion,Potato,CO_330,,,,,
trait:co_330_0000284,Trait,,,,,,Number of harvested plants,Potato,CO_330,,,,,
trait:co_330_0000288,Trait,,,,,,Proportion of plants harvested,Potato,CO_330,,,,,
trait:co_330_0000291,Trait,,,,,,Number of marketable tubers,Potato,CO_330,,,,,
trait:co_330_0000294,Trait,,,,,,Number?of?marketable tubers per plant,Potato,CO_330,,,,,
trait:co_330_0000298,Trait,,,,,,Non-marketable tuber number,Potato,CO_330,,,,,
trait:co_330_0000301,Trait,,,,,,Tuber number,Potato,CO_330,,,,,
trait:co_330_0000108,Trait,,,,,,Tuber number per plant,Potato,CO_330,,,,,
trait:co_330_0000306,Trait,,,,,,Marketable tuber weight,Potato,CO_330,,,,,
trait:co_330_0000309,Trait,,,,,,Marketable tuber weight per plant,Potato,CO_330,,,,,
trait:co_330_0000312,Trait,,,,,,Non-marketable tuber weight,Potato,CO_330,,,,,
trait:co_330_0000315,Trait,,,,,,Tuber weight,Potato,CO_330,,,,,
trait:co_330_0000318,Trait,,,,,,Tuber weight per plant,Potato,CO_330,,,,,
trait:co_330_0000144,Trait,,,,,,Tuber yield no adjusted,Potato,CO_330,,,,,
trait:co_330_0000325,Trait,,,,,,Marketable tuber yield adjusted,Potato,CO_330,,,,,
trait:co_330_0000328,Trait,,,,,,Marketable tuber yield no adjusted,Potato,CO_330,,,,,
trait:co_330_0000331,Trait,,,,,,Average of tuber weight,Potato,CO_330,,,,,
trait:co_330_0000334,Trait,,,,,,Average of marketable tuber weight,Potato,CO_330,,,,,
trait:co_330_0000337,Trait,,,,,,Number of Stolons,Potato,CO_330,,,,,
trait:co_330_0000341,Trait,,,,,,Length of stolons,Potato,CO_330,,,,,
trait:co_330_0000345,Trait,,,,,,Tuber appearance,Potato,CO_330,,,,,
trait:co_330_0000349,Trait,,,,,,Tuber uniformity,Potato,CO_330,,,,,
trait:co_330_0000353,Trait,,,,,,Tuber size,Potato,CO_330,,,,,
trait:co_330_0000357,Trait,,,,,,Late Blight severity,Potato,CO_330,,,,,
trait:co_330_0000360,Trait,,,,,,Late blight AUDPC,Potato,CO_330,,,,,
trait:co_330_0000364,Trait,,,,,,Late blight relative AUDPC,Potato,CO_330,,,,,
trait:co_330_0000368,Trait,,,,,,Late blight susceptibility,Potato,CO_330,,,,,
trait:co_330_0000123,Trait,,,,,,Late blight resistance,Potato,CO_330,,,,,
trait:co_330_0000126,Trait,,,,,,Potato virus X resistance,Potato,CO_330,,,,,
trait:co_330_0000129,Trait,,,,,,Potato virus Y resistance,Potato,CO_330,,,,,
trait:co_330_0000132,Trait,,,,,,Potatoleaf roll virus resistance,Potato,CO_330,,,,,
trait:co_330_0000135,Trait,,,,,,Bacterial wilt resistance,Potato,CO_330,,,,,
trait:co_330_0000138,Trait,,,,,,Root knot nematode resistance,Potato,CO_330,,,,,
trait:co_330_0000141,Trait,,,,,,Leaf miner fly resistance,Potato,CO_330,,,,,
trait:co_330_0000171,Trait,,,,,,Tuber flavor after cooking,Potato,CO_330,,,,,
trait:co_330_0000174,Trait,,,,,,Tuber texture after cooking,Potato,CO_330,,,,,
trait:co_330_0000180,Trait,,,,,,Tuber cooking quality,Potato,CO_330,,,,,
trait:co_330_0000183,Trait,,,,,,Flesh darkening after cooking,Potato,CO_330,,,,,
trait:co_330_0000186,Trait,,,,,,Flesh color after cooking,Potato,CO_330,,,,,
trait:co_330_0000189,Trait,,,,,,Chips color,Potato,CO_330,,,,,
trait:co_330_0000385,Trait,,,,,,French fries color,Potato,CO_330,,,,,
trait:co_330_0000195,Trait,,,,,,Tuber cooking time,Potato,CO_330,,,,,
trait:co_330_0000192,Trait,,,,,,Tuber dry matter content,Potato,CO_330,,,,,
trait:co_330_0000391,Trait,,,,,,Tuber specific gravity,Potato,CO_330,,,,,
trait:co_330_0000177,Trait,,,,,,Chips oil absorption rate,Potato,CO_330,,,,,
trait:co_330_0000147,Trait,,,,,,Plant growing period,Potato,CO_330,,,,,
trait:co_330_0000153,Trait,,,,,,Tuber dormancy period,Potato,CO_330,,,,,
trait:co_330_0000159,Trait,,,,,,Tuber sprouting pattern,Potato,CO_330,,,,,
trait:co_330_0000162,Trait,,,,,,Heat tolerance,Potato,CO_330,,,,,
trait:co_330_0000165,Trait,,,,,,Salinity tolerance,Potato,CO_330,,,,,
trait:co_330_0000168,Trait,,,,,,Pollen viability,Potato,CO_330,,,,,
trait:co_330_0000201,Trait,,,,,,Tuber Iron concentration in dry weight basis,Potato,CO_330,,,,,
trait:co_330_0000405,Trait,,,,,,Tuber Iron concentration in fresh weight basis,Potato,CO_330,,,,,
trait:co_330_0000204,Trait,,,,,,Tuber Zinc concentration in dry weight basis,Potato,CO_330,,,,,
trait:co_330_0000410,Trait,,,,,,Tuber Zinc concentration in fresh weight basis,Potato,CO_330,,,,,
trait:co_330_0000413,Trait,,,,,,Tuber Anthocyanin concentration in dry weight basis,Potato,CO_330,,,,,
trait:co_330_0000415,Trait,,,,,,Tuber Anthocyanin concentration in fresh weight basis,Potato,CO_330,,,,,
trait:co_330_0000210,Trait,,,,,,Tuber Hydrophilic antioxidant activity in dry weight basis,Potato,CO_330,,,,,
trait:co_330_0000419,Trait,,,,,,Tuber Hydrophilic antioxidant activity in fresh weight basis,Potato,CO_330,,,,,
trait:co_330_0000213,Trait,,,,,,Tuber Lipophilic antioxidant activity in dry weight basis,Potato,CO_330,,,,,
trait:co_330_0000423,Trait,,,,,,Tuber Lipophilic antioxidant activity in fresh weight basis,Potato,CO_330,,,,,
trait:co_330_0000198,Trait,,,,,,Tuber Ascorbic acid concentration in dry weight basis,Potato,CO_330,,,,,
trait:co_330_0000427,Trait,,,,,,Tuber Ascorbic acid concentration in fresh weight basis,Potato,CO_330,,,,,
trait:co_330_0000430,Trait,,,,,,Tuber protein content,Potato,CO_330,,,,,
trait:co_330_0000433,Trait,,,,,,Tuber starch content,Potato,CO_330,,,,,
trait:co_330_0000436,Trait,,,,,,Tuber fructose content,Potato,CO_330,,,,,
trait:co_330_0000439,Trait,,,,,,Tuber glucose concentration,Potato,CO_330,,,,,
trait:co_330_0000442,Trait,,,,,,Tuber sucrose content,Potato,CO_330,,,,,
trait:co_330_0000445,Trait,,,,,,Tuber maltose content,Potato,CO_330,,,,,
trait:co_330_0000448,Trait,,,,,,Tuber fiber content,Potato,CO_330,,,,,
trait:co_330_0000451,Trait,,,,,,Marketable quality,Potato,CO_330,,,,,
trait:co_330_0000452,Trait,,,,,,Farmers preference at flowering,Potato,CO_330,,,,,
trait:co_330_0000453,Trait,,,,,,Farmers preference  at harvest,Potato,CO_330,,,,,
trait:co_330_0000454,Trait,,,,,,Farmers preference at postharvest,Potato,CO_330,,,,,
trait:co_330_0000456,Trait,,,,,,Tuber calcium concentration,Potato,CO_330,,,,,
trait:co_330_0000457,Trait,,,,,,Tuber magnesium concentration,Potato,CO_330,,,,,
trait:co_330_0000458,Trait,,,,,,Tuber potassium concentration,Potato,CO_330,,,,,
trait:co_330_0000459,Trait,,,,,,Tuber phosphorus concentration,Potato,CO_330,,,,,
trait:co_330_0000460,Trait,,,,,,Tuber sulfur concentration,Potato,CO_330,,,,,
trait:co_330_0000461,Trait,,,,,,Tuber chlorogenic acid concentration,Potato,CO_330,,,,,
trait:co_330_0000462,Trait,,,,,,Tuber caffeic acid concentration,Potato,CO_330,,,,,
trait:co_330_0000463,Trait,,,,,,Tuber tryptophan concentration,Potato,CO_330,,,,,
trait:co_330_0000464,Trait,,,,,,Tuber total phenolic concentration,Potato,CO_330,,,,,
trait:co_330_0000465,Trait,,,,,,Tuber glycoalkaloid concentration,Potato,CO_330,,,,,
trait:co_330_0000466,Trait,,,,,,Tuber violaxanthin concentration,Potato,CO_330,,,,,
trait:co_330_0000467,Trait,,,,,,Tuber antheraxanthin concentration,Potato,CO_330,,,,,
trait:co_330_0000468,Trait,,,,,,Tuber lutein concentration,Potato,CO_330,,,,,
trait:co_330_0000469,Trait,,,,,,Tuber zeaxanthine concentration,Potato,CO_330,,,,,
trait:co_330_0000470,Trait,,,,,,Tuber beta-carotene concentration,Potato,CO_330,,,,,
trait:co_330_0000471,Trait,,,,,,Tuber neoxanthine concentration,Potato,CO_330,,,,,
trait:co_330_0000472,Trait,,,,,,Tuber total carotenoid concentration,Potato,CO_330,,,,,
trait:co_330_0000474,Trait,,,,,,Identified criteria at flowering,Potato,CO_330,,,,,
trait:co_330_0000475,Trait,,,,,,Identified criteria at harvest,Potato,CO_330,,,,,
trait:co_330_0000476,Trait,,,,,,Identified criteria  at post-harvest,Potato,CO_330,,,,,
trait:co_330_0000477,Trait,,,,,,Plant architecture,Potato,CO_330,,,,,
trait:co_330_0000478,Trait,,,,,,Foliage color,Potato,CO_330,,,,,
trait:co_330_0000479,Trait,,,,,,Leaf type,Potato,CO_330,,,,,
trait:co_330_0000480,Trait,,,,,,Flower color,Potato,CO_330,,,,,
trait:co_330_0000481,Trait,,,,,,Rizoctoniasis Resistance,Potato,CO_330,,,,,
trait:co_330_0000482,Trait,,,,,,Mosaic virus resistance,Potato,CO_330,,,,,
trait:co_330_0000483,Trait,,,,,,Reaction to Moth,Potato,CO_330,,,,,
trait:co_330_0000484,Trait,,,,,,Reaction to Aphids,Potato,CO_330,,,,,
trait:co_330_0000485,Trait,,,,,,Reaction to potato weevil,Potato,CO_330,,,,,
trait:co_330_0000486,Trait,,,,,,Drought tolerance,Potato,CO_330,,,,,
trait:co_330_0000487,Trait,,,,,,Hailstorm tolerance,Potato,CO_330,,,,,
trait:co_330_0000488,Trait,,,,,,Frost tolerant,Potato,CO_330,,,,,
trait:co_330_0000489,Trait,,,,,,Moisture  tolerance,Potato,CO_330,,,,,
trait:co_330_0000490,Trait,,,,,,Number of eyes,Potato,CO_330,,,,,
trait:co_330_0000491,Trait,,,,,,Tuber skin texture,Potato,CO_330,,,,,
trait:co_330_0000492,Trait,,,,,,Home consumption,Potato,CO_330,,,,,
trait:co_330_0000493,Trait,,,,,,Earliness of sprouting,Potato,CO_330,,,,,
trait:co_330_0000494,Trait,,,,,,Sprout type,Potato,CO_330,,,,,
trait:co_330_0000495,Trait,,,,,,Global Farmer preference,Potato,CO_330,,,,,
trait:co_330_0000496,Trait,,,,,,Appearance after cooking,Potato,CO_330,,,,,
trait:co_330_0000703,Trait,,,,,,Canopy cover,Potato,CO_330,,,,,
trait:co_330_0000733,Trait,,,,,,Harvest index,Potato,CO_330,,,,,
trait:co_330_0000739,Trait,,,,,,Relative water content,Potato,CO_330,,,,,
trait:co_330_0000707,Trait,,,,,,French fries texture,Potato,CO_330,,,,,
trait:co_330_0000705,Trait,,,,,,Canopy temperature,Potato,CO_330,,,,,
trait:co_330_0000706,Trait,,,,,,Canopy temperature depression,Potato,CO_330,,,,,
trait:co_330_0000756,Trait,,,,,,Plant height,Potato,CO_330,,,,,
trait:co_330_0000759,Trait,,,,,,Root diameter,Potato,CO_330,,,,,
trait:co_330_0000762,Trait,,,,,,Root length,Potato,CO_330,,,,,
trait:co_330_0000709,Trait,,,,,,Leaflet area,Potato,CO_330,,,,,
trait:co_330_0000767,Trait,,,,,,Drought stress intensity,Potato,CO_330,,,,,
trait:co_330_0000770,Trait,,,,,,Degree of canopy wilting,Potato,CO_330,,,,,
trait:co_330_0000774,Trait,,,,,,Drought susceptibility index,Potato,CO_330,,,,,
trait:co_330_0000777,Trait,,,,,,Drought tolerance index,Potato,CO_330,,,,,
trait:co_330_0000782,Trait,,,,,,Water use efficiency,Potato,CO_330,,,,,
trait:co_330_0000787,Trait,,,,,,French fries appearance,Potato,CO_330,,,,,
trait:co_330_0000700,Trait,,,,,,Shoot system dry matter content,Potato,CO_330,,,,,
trait:co_330_0000701,Trait,,,,,,Biomass dry matter content,Potato,CO_330,,,,,
trait:co_330_0000702,Trait,,,,,,Biomass weight,Potato,CO_330,,,,,
trait:co_330_0000708,Trait,,,,,,Leaf chlorophyll content,Potato,CO_330,,,,,
trait:co_330_0000711,Trait,,,,,,Root system Dry matter content,Potato,CO_330,,,,,
trait:co_330_0000815,Trait,,,,,,Leaflet turgid weight,Potato,CO_330,,,,,
trait:co_330_0000819,Trait,,,,,,Plant disease incidence,Potato,CO_330,,,,,
trait:co_330_0000823,Trait,,,,,,Plant evapotranspiration,Potato,CO_330,,,,,
trait:co_330_0000831,Trait,,,,,,Root density,Potato,CO_330,,,,,
trait:co_330_0000710,Trait,,,,,,Plant productivity,Potato,CO_330,,,,,
trait:co_330_0000844,Trait,,,,,,Stem diameter,Potato,CO_330,,,,,
trait:co_330_0000848,Trait,,,,,,Stem number,Potato,CO_330,,,,,
trait:co_330_0000704,Trait,,,,,,Canopy reflectance,Potato,CO_330,,,,,
trait:co_330_0000869,Trait,,,,,,Tuber overall quality,Potato,CO_330,,,,,
trait:co_330_0000873,Trait,,,,,,Plant pest incidence,Potato,CO_330,,,,,
trait:co_330_0000875,Trait,,,,,,Maturity time,Potato,CO_330,,,,,
trait:co_330_0000877,Trait,,,,,,Marketable quality after harvest,Potato,CO_330,,,,,
trait:co_330_0000879,Trait,,,,,,Marketable quality after storage,Potato,CO_330,,,,,
trait:co_330_0000903,Trait,,,,,,Boiled potato moisture release,Potato,CO_330,,,,,
trait:co_330_0000904,Trait,,,,,,Boiled potato bitter aftertaste,Potato,CO_330,,,,,
trait:co_330_0000905,Trait,,,,,,Boiled potato crunchiness,Potato,CO_330,,,,,
trait:co_330_0000906,Trait,,,,,,Boiled potato translucency,Potato,CO_330,,,,,
trait:co_330_0000907,Trait,,,,,,Boiled potato cohesiveness (moldability),Potato,CO_330,,,,,
trait:co_330_0000908,Trait,,,,,,Boiled potato cooked carrot aroma,Potato,CO_330,,,,,
trait:co_330_0000909,Trait,,,,,,Boiled potato fracturability in mouth,Potato,CO_330,,,,,
cropfamily:sweet_potato,CropFamily,,,,,,Sweet Potato,,,,,,,
trait:co_331_0000001,Trait,,,,,,Plant type,Sweet Potato,CO_331,,,,,
trait:co_331_0000004,Trait,,,,,,Ground cover,Sweet Potato,CO_331,,,,,
trait:co_331_0000007,Trait,,,,,,Twining,Sweet Potato,CO_331,,,,,
trait:co_331_0000010,Trait,,,,,,Vine predominant color,Sweet Potato,CO_331,,,,,
trait:co_331_0000013,Trait,,,,,,Vine secondary color,Sweet Potato,CO_331,,,,,
trait:co_331_0000016,Trait,,,,,,Vine tips pubescence,Sweet Potato,CO_331,,,,,
trait:co_331_0000153,Trait,,,,,,Vine internode length,Sweet Potato,CO_331,,,,,
trait:co_331_0000157,Trait,,,,,,Vine internode diameter,Sweet Potato,CO_331,,,,,
trait:co_331_0000019,Trait,,,,,,Leaf general outline,Sweet Potato,CO_331,,,,,
trait:co_331_0000022,Trait,,,,,,Leaf lobe type,Sweet Potato,CO_331,,,,,
trait:co_331_0000025,Trait,,,,,,Leaf lobe number,Sweet Potato,CO_331,,,,,
trait:co_331_0000028,Trait,,,,,,Leaf central lobe shape,Sweet Potato,CO_331,,,,,
trait:co_331_0000031,Trait,,,,,,Mature leaf size,Sweet Potato,CO_331,,,,,
trait:co_331_0000034,Trait,,,,,,Abaxial leaf vein pigmentation,Sweet Potato,CO_331,,,,,
trait:co_331_0000037,Trait,,,,,,Mature leaf color,Sweet Potato,CO_331,,,,,
trait:co_331_0000040,Trait,,,,,,Immature leaf color,Sweet Potato,CO_331,,,,,
trait:co_331_0000043,Trait,,,,,,Petiole pigmentation,Sweet Potato,CO_331,,,,,
trait:co_331_0000170,Trait,,,,,,Petiole length,Sweet Potato,CO_331,,,,,
trait:co_331_0000046,Trait,,,,,,Flower color,Sweet Potato,CO_331,,,,,
trait:co_331_0000049,Trait,,,,,,Storage root skin predominant color,Sweet Potato,CO_331,,,,,
trait:co_331_0000052,Trait,,,,,,Storage root skin intensity of predominant color,Sweet Potato,CO_331,,,,,
trait:co_331_0000055,Trait,,,,,,Storage root skin secondary skin color,Sweet Potato,CO_331,,,,,
trait:co_331_0000058,Trait,,,,,,Storage root predominant Flesh color,Sweet Potato,CO_331,,,,,
trait:co_331_0000061,Trait,,,,,,Storage root flesh secondary color,Sweet Potato,CO_331,,,,,
trait:co_331_0000064,Trait,,,,,,Storage root flesh distribution of secondary color,Sweet Potato,CO_331,,,,,
trait:co_331_0000067,Trait,,,,,,Storage root primary shape,Sweet Potato,CO_331,,,,,
trait:co_331_0000070,Trait,,,,,,Storage root latex production,Sweet Potato,CO_331,,,,,
trait:co_331_0000073,Trait,,,,,,Storage root oxidation,Sweet Potato,CO_331,,,,,
trait:co_331_0000076,Trait,,,,,,Storage root size,Sweet Potato,CO_331,,,,,
trait:co_331_0000189,Trait,,,,,,Number of plants established,Sweet Potato,CO_331,,,,,
trait:co_331_0000094,Trait,,,,,,Virus symptoms,Sweet Potato,CO_331,,,,,
trait:co_331_0000194,Trait,,,,,,Vine vigor,Sweet Potato,CO_331,,,,,
trait:co_331_0000091,Trait,,,,,,Reaction to Alternaria spp,Sweet Potato,CO_331,,,,,
trait:co_331_0000199,Trait,,,,,,Storage root appearance,Sweet Potato,CO_331,,,,,
trait:co_331_0000203,Trait,,,,,,Storage root damage,Sweet Potato,CO_331,,,,,
trait:co_331_0000088,Trait,,,,,,Reaction to sweet potato weevil,Sweet Potato,CO_331,,,,,
trait:co_331_0000208,Trait,,,,,,Number of plants with storage roots,Sweet Potato,CO_331,,,,,
trait:co_331_0000212,Trait,,,,,,Number of commercial storage roots,Sweet Potato,CO_331,,,,,
trait:co_331_0000215,Trait,,,,,,Number of non-commercial storage roots,Sweet Potato,CO_331,,,,,
trait:co_331_0000218,Trait,,,,,,Weight of commercial storage roots,Sweet Potato,CO_331,,,,,
trait:co_331_0000221,Trait,,,,,,Weight of non-commercial storage roots,Sweet Potato,CO_331,,,,,
trait:co_331_0000224,Trait,,,,,,Vine weight,Sweet Potato,CO_331,,,,,
trait:co_331_0000079,Trait,,,,,,Number of storage roots,Sweet Potato,CO_331,,,,,
trait:co_331_0000234,Trait,,,,,,Total storage root weight,Sweet Potato,CO_331,,,,,
trait:co_331_0000097,Trait,,,,,,Storage root cracking,Sweet Potato,CO_331,,,,,
trait:co_331_0000240,Trait,,,,,,Fresh weight of the storage root,Sweet Potato,CO_331,,,,,
trait:co_331_0000244,Trait,,,,,,Dry weight of the storage root,Sweet Potato,CO_331,,,,,
trait:co_331_0000248,Trait,,,,,,Fresh weight of vines,Sweet Potato,CO_331,,,,,
trait:co_331_0000252,Trait,,,,,,Dry weight of vines,Sweet Potato,CO_331,,,,,
trait:co_331_0000256,Trait,,,,,,Boiled storage root fiber content,Sweet Potato,CO_331,,,,,
trait:co_331_0000130,Trait,,,,,,Storage root fiber content,Sweet Potato,CO_331,,,,,
trait:co_331_0000139,Trait,,,,,,Boiled storage root flesh sweetness,Sweet Potato,CO_331,,,,,
trait:co_331_0000136,Trait,,,,,,Storage root flesh texture,Sweet Potato,CO_331,,,,,
trait:co_331_0000266,Trait,,,,,,Boiled storage root flesh taste,Sweet Potato,CO_331,,,,,
trait:co_331_0000270,Trait,,,,,,Boiled storage root appearance,Sweet Potato,CO_331,,,,,
trait:co_331_0000274,Trait,,,,,,Sprouting ability,Sweet Potato,CO_331,,,,,
trait:co_331_0000100,Trait,,,,,,Storage root protein content in dry weight basis,Sweet Potato,CO_331,,,,,
trait:co_331_0002079,Trait,,,,,,Storage root iron concentration in fresh weight basis,Sweet Potato,CO_331,,,,,
trait:co_331_0002054,Trait,,,,,,Storage root zinc concentration in fresh weight basis,Sweet Potato,CO_331,,,,,
trait:co_331_0002053,Trait,,,,,,Storage root calcium concentration in fresh weight basis,Sweet Potato,CO_331,,,,,
trait:co_331_0002057,Trait,,,,,,Storage root magnesium concentration in fresh weight basis,Sweet Potato,CO_331,,,,,
trait:co_331_0002051,Trait,,,,,,Storage root beta-carotene concentration in dry weight basis,Sweet Potato,CO_331,,,,,
trait:co_331_0002052,Trait,,,,,,Storage root total carotenoid concentration in dry weight basis,Sweet Potato,CO_331,,,,,
trait:co_331_0000115,Trait,,,,,,Storage root starch content in dry weight basis,Sweet Potato,CO_331,,,,,
trait:co_331_0000118,Trait,,,,,,Storage root fructose content,Sweet Potato,CO_331,,,,,
trait:co_331_0000121,Trait,,,,,,Storage root glucose content,Sweet Potato,CO_331,,,,,
trait:co_331_0000124,Trait,,,,,,Storage root sucrose content,Sweet Potato,CO_331,,,,,
trait:co_331_0000127,Trait,,,,,,Storage root maltose content,Sweet Potato,CO_331,,,,,
trait:co_331_0000082,Trait,,,,,,Total storage roots yield,Sweet Potato,CO_331,,,,,
trait:co_331_0000142,Trait,,,,,,Storage root dry matter content,Sweet Potato,CO_331,,,,,
trait:co_331_0000298,Trait,,,,,,Survival index,Sweet Potato,CO_331,,,,,
trait:co_331_0000085,Trait,,,,,,Harvest index,Sweet Potato,CO_331,,,,,
trait:co_331_0002056,Trait,,,,,,Overall disease symptoms of the storage root,Sweet Potato,CO_331,,,,,
trait:co_331_0000601,Trait,,,,,,Weight of total storage roots,Sweet Potato,CO_331,,,,,
trait:co_331_0000602,Trait,,,,,,Weight of canner storage roots,Sweet Potato,CO_331,,,,,
trait:co_331_0000603,Trait,,,,,,Weight of jumbo storage roots,Sweet Potato,CO_331,,,,,
trait:co_331_0000604,Trait,,,,,,Weight of cull storage roots,Sweet Potato,CO_331,,,,,
trait:co_331_0000605,Trait,,,,,,Weight of 90 count US no. 1 storage roots,Sweet Potato,CO_331,,,,,
trait:co_331_0000606,Trait,,,,,,Weight of 55 count US no. 1 storage roots,Sweet Potato,CO_331,,,,,
trait:co_331_0000607,Trait,,,,,,Weight of 40 count US no. 1 storage roots,Sweet Potato,CO_331,,,,,
trait:co_331_0000608,Trait,,,,,,Weight of 32 count US no. 1 storage roots,Sweet Potato,CO_331,,,,,
trait:co_331_0000303,Trait,,,,,,Number of plants planted,Sweet Potato,CO_331,,,,,
trait:co_331_0000304,Trait,,,,,,Number of plants harvested,Sweet Potato,CO_331,,,,,
trait:co_331_0000308,Trait,,,,,,Average commercial storage root weight,Sweet Potato,CO_331,,,,,
trait:co_331_0000309,Trait,,,,,,Storage roots yield,Sweet Potato,CO_331,,,,,
trait:co_331_0000310,Trait,,,,,,Proportion of commercial storage roots,Sweet Potato,CO_331,,,,,
trait:co_331_0000311,Trait,,,,,,Biomass yield,Sweet Potato,CO_331,,,,,
trait:co_331_0000312,Trait,,,,,,Total foliage yield,Sweet Potato,CO_331,,,,,
trait:co_331_0000103,Trait,,,,,,Storage root iron concentration in dry weight basis,Sweet Potato,CO_331,,,,,
trait:co_331_0000106,Trait,,,,,,Storage root zinc concentration in dry weight basis,Sweet Potato,CO_331,,,,,
trait:co_331_0000281,Trait,,,,,,Storage root calcium concentration in dry weight basis,Sweet Potato,CO_331,,,,,
trait:co_331_0000285,Trait,,,,,,Storage root magnesium concentration in dry weight basis,Sweet Potato,CO_331,,,,,
trait:co_331_0000133,Trait,,,,,,Flesh color of boiled storage roots,Sweet Potato,CO_331,,,,,
trait:co_331_0000423,Trait,,,,,,Storage root surface primary defects,Sweet Potato,CO_331,,,,,
trait:co_331_0000327,Trait,,,,,,Storage root Cortex Thickness,Sweet Potato,CO_331,,,,,
trait:co_331_0000328,Trait,,,,,,Flowering habit,Sweet Potato,CO_331,,,,,
trait:co_331_0000329,Trait,,,,,,Flower size,Sweet Potato,CO_331,,,,,
trait:co_331_0000330,Trait,,,,,,Flower limb shape,Sweet Potato,CO_331,,,,,
trait:co_331_0000331,Trait,,,,,,Equality of sepal length,Sweet Potato,CO_331,,,,,
trait:co_331_0000332,Trait,,,,,,Number of sepal veins,Sweet Potato,CO_331,,,,,
trait:co_331_0000333,Trait,,,,,,Sepal shape,Sweet Potato,CO_331,,,,,
trait:co_331_0000334,Trait,,,,,,Sepal apex shape,Sweet Potato,CO_331,,,,,
trait:co_331_0000335,Trait,,,,,,Sepal pubescence,Sweet Potato,CO_331,,,,,
trait:co_331_0000336,Trait,,,,,,Sepal color,Sweet Potato,CO_331,,,,,
trait:co_331_0000337,Trait,,,,,,Stigma color,Sweet Potato,CO_331,,,,,
trait:co_331_0000338,Trait,,,,,,Style color,Sweet Potato,CO_331,,,,,
trait:co_331_0000339,Trait,,,,,,Stigma exertion,Sweet Potato,CO_331,,,,,
trait:co_331_0000340,Trait,,,,,,Seed capsule set,Sweet Potato,CO_331,,,,,
trait:co_331_0000341,Trait,,,,,,Storage root formation,Sweet Potato,CO_331,,,,,
trait:co_331_0000409,Trait,,,,,,Storage root shape uniformity,Sweet Potato,CO_331,,,,,
trait:co_331_0000344,Trait,,,,,,Storage root size variability,Sweet Potato,CO_331,,,,,
trait:co_331_0000345,Trait,,,,,,Stored storage root keeping quality,Sweet Potato,CO_331,,,,,
trait:co_331_0000346,Trait,,,,,,Boiled storage root consistency,Sweet Potato,CO_331,,,,,
trait:co_331_0000347,Trait,,,,,,Boiled storage root undesirable color,Sweet Potato,CO_331,,,,,
trait:co_331_0000348,Trait,,,,,,Reaction to drought,Sweet Potato,CO_331,,,,,
trait:co_331_0000349,Trait,,,,,,Reaction to flooding,Sweet Potato,CO_331,,,,,
trait:co_331_0000350,Trait,,,,,,Reaction to heat,Sweet Potato,CO_331,,,,,
trait:co_331_0000351,Trait,,,,,,Reaction to salinity,Sweet Potato,CO_331,,,,,
trait:co_331_0000352,Trait,,,,,,Reaction to shade,Sweet Potato,CO_331,,,,,
trait:co_331_0000353,Trait,,,,,,Reaction to acidic pH soil,Sweet Potato,CO_331,,,,,
trait:co_331_0000354,Trait,,,,,,Reaction to high soil temperature,Sweet Potato,CO_331,,,,,
trait:co_331_0000355,Trait,,,,,,Reaction to West Indian sweet potato weevil,Sweet Potato,CO_331,,,,,
trait:co_331_0000356,Trait,,,,,,Reaction to Striped sweet potato weevil,Sweet Potato,CO_331,,,,,
trait:co_331_0000357,Trait,,,,,,Reaction to Sweet potato wire worms,Sweet Potato,CO_331,,,,,
trait:co_331_0000358,Trait,,,,,,Reaction to Wire worms,Sweet Potato,CO_331,,,,,
trait:co_331_0000359,Trait,,,,,,Reaction to Sweet potato flea beetles,Sweet Potato,CO_331,,,,,
trait:co_331_0000360,Trait,,,,,,Reaction to flea beetles,Sweet Potato,CO_331,,,,,
trait:co_331_0000361,Trait,,,,,,Reaction to Sweet potato leaf beetles,Sweet Potato,CO_331,,,,,
trait:co_331_0000362,Trait,,,,,,Reaction to Beetles,Sweet Potato,CO_331,,,,,
trait:co_331_0000363,Trait,,,,,,Reaction to Grubworm,Sweet Potato,CO_331,,,,,
trait:co_331_0000364,Trait,,,,,,Reaction to Hornworm,Sweet Potato,CO_331,,,,,
trait:co_331_0000365,Trait,,,,,,Reaction to Aphids,Sweet Potato,CO_331,,,,,
trait:co_331_0000366,Trait,,,,,,Reaction to Sweet potato whitefly,Sweet Potato,CO_331,,,,,
trait:co_331_0000367,Trait,,,,,,Reaction to Sweet potato moth,Sweet Potato,CO_331,,,,,
trait:co_331_0000368,Trait,,,,,,Reaction to Moth,Sweet Potato,CO_331,,,,,
trait:co_331_0000369,Trait,,,,,,Reaction to Sweet potato stem borer,Sweet Potato,CO_331,,,,,
trait:co_331_0000370,Trait,,,,,,Reaction to Other insects,Sweet Potato,CO_331,,,,,
trait:co_331_0000371,Trait,,,,,,Reaction to Reniform nematode,Sweet Potato,CO_331,,,,,
trait:co_331_0000372,Trait,,,,,,Reaction to Sting nematode,Sweet Potato,CO_331,,,,,
trait:co_331_0000373,Trait,,,,,,Reaction to Brown ring rot,Sweet Potato,CO_331,,,,,
trait:co_331_0000374,Trait,,,,,,Reaction to Root lesion nematode,Sweet Potato,CO_331,,,,,
trait:co_331_0000375,Trait,,,,,,Reaction to other nematodes,Sweet Potato,CO_331,,,,,
trait:co_331_0000376,Trait,,,,,,Reaction to Wilt rot,Sweet Potato,CO_331,,,,,
trait:co_331_0000377,Trait,,,,,,Reaction to Fusarium surface rot,Sweet Potato,CO_331,,,,,
trait:co_331_0000378,Trait,,,,,,Reaction to Fusarium root rot,Sweet Potato,CO_331,,,,,
trait:co_331_0000379,Trait,,,,,,Reaction to Sclerotial blight and circular spot,Sweet Potato,CO_331,,,,,
trait:co_331_0000380,Trait,,,,,,Reaction to Black rot,Sweet Potato,CO_331,,,,,
trait:co_331_0000381,Trait,,,,,,Reaction to Scurf,Sweet Potato,CO_331,,,,,
trait:co_331_0000382,Trait,,,,,,Reaction to Soft rot,Sweet Potato,CO_331,,,,,
trait:co_331_0000383,Trait,,,,,,Reaction to Java black rot,Sweet Potato,CO_331,,,,,
trait:co_331_0000384,Trait,,,,,,Reaction to Diaporthe dry rot,Sweet Potato,CO_331,,,,,
trait:co_331_0000385,Trait,,,,,,Reaction to Scab,Sweet Potato,CO_331,,,,,
trait:co_331_0000386,Trait,,,,,,Reaction to Leaf spot,Sweet Potato,CO_331,,,,,
trait:co_331_0000387,Trait,,,,,,Reaction to White rust,Sweet Potato,CO_331,,,,,
trait:co_331_0000388,Trait,,,,,,Reaction to Foot rot,Sweet Potato,CO_331,,,,,
trait:co_331_0000389,Trait,,,,,,Reaction to Charcoal rot,Sweet Potato,CO_331,,,,,
trait:co_331_0000390,Trait,,,,,,Reaction to Other fungi,Sweet Potato,CO_331,,,,,
trait:co_331_0000391,Trait,,,,,,Reaction to Pox or soil rot,Sweet Potato,CO_331,,,,,
trait:co_331_0000392,Trait,,,,,,Reaction to Bacterial stem and root rot,Sweet Potato,CO_331,,,,,
trait:co_331_0000393,Trait,,,,,,Reaction to Bacterial wilt,Sweet Potato,CO_331,,,,,
trait:co_331_0000394,Trait,,,,,,Reaction to Other bacteria,Sweet Potato,CO_331,,,,,
trait:co_331_0000395,Trait,,,,,,Reaction to Sweet potato feathery mottle virus,Sweet Potato,CO_331,,,,,
trait:co_331_0000396,Trait,,,,,,Reaction to Sweet potato mild mottle virus,Sweet Potato,CO_331,,,,,
trait:co_331_0000397,Trait,,,,,,Reaction to Sweet potato vein mottle virus,Sweet Potato,CO_331,,,,,
trait:co_331_0000398,Trait,,,,,,Reaction to Sweet potato virus disease complex,Sweet Potato,CO_331,,,,,
trait:co_331_0000399,Trait,,,,,,Reaction to Other virus,Sweet Potato,CO_331,,,,,
trait:co_331_0000400,Trait,,,,,,Reaction to Witches broom,Sweet Potato,CO_331,,,,,
trait:co_331_0000401,Trait,,,,,,Reaction to Other mycoplasma,Sweet Potato,CO_331,,,,,
trait:co_331_0000402,Trait,,,,,,Storage root total sugar content,Sweet Potato,CO_331,,,,,
trait:co_331_0000441,Trait,,,,,,Storage root secondary shape,Sweet Potato,CO_331,,,,,
trait:co_331_0000410,Trait,,,,,,Storage root stalk,Sweet Potato,CO_331,,,,,
trait:co_331_0000411,Trait,,,,,,Storage root attachment ability,Sweet Potato,CO_331,,,,,
trait:co_331_0000412,Trait,,,,,,Length to diameter ratio of storage roots,Sweet Potato,CO_331,,,,,
trait:co_331_0000414,Trait,,,,,,Storage root skin texture,Sweet Potato,CO_331,,,,,
trait:co_331_0000415,Trait,,,,,,Storage root Flesh Color (carotenoids),Sweet Potato,CO_331,,,,,
trait:co_331_0000416,Trait,,,,,,Storage root Flesh Color (anthocyanins),Sweet Potato,CO_331,,,,,
trait:co_331_0000417,Trait,,,,,,Storage root adventitious buds depth,Sweet Potato,CO_331,,,,,
trait:co_331_0000418,Trait,,,,,,Number of lenticels,Sweet Potato,CO_331,,,,,
trait:co_331_0000419,Trait,,,,,,Reaction to Streptomyces Soil Rot,Sweet Potato,CO_331,,,,,
trait:co_331_0000420,Trait,,,,,,Reaction to Root Knot Nematode Meloidogyne spp,Sweet Potato,CO_331,,,,,
trait:co_331_0000421,Trait,,,,,,Reaction to Root Knot Nematode Meloidogyne incognita,Sweet Potato,CO_331,,,,,
trait:co_331_0000422,Trait,,,,,,Reaction to Fusarium oxysporum,Sweet Potato,CO_331,,,,,
trait:co_331_0000424,Trait,,,,,,Relative storage root yield,Sweet Potato,CO_331,,,,,
trait:co_331_0000425,Trait,,,,,,Storage root yield relative to check,Sweet Potato,CO_331,,,,,
trait:co_331_0000427,Trait,,,,,,Growing season,Sweet Potato,CO_331,,,,,
trait:co_331_0000428,Trait,,,,,,Storage root amylose concentration in dry weight basis,Sweet Potato,CO_331,,,,,
trait:co_331_0000429,Trait,,,,,,Storage root asparagine concentration in dry weight basis,Sweet Potato,CO_331,,,,,
trait:co_331_0000430,Trait,,,,,,Storage root cyanidin concentration in dry weight basis,Sweet Potato,CO_331,,,,,
trait:co_331_0000431,Trait,,,,,,Storage root total monomeric anthocyanin concentration in dry weight basis,Sweet Potato,CO_331,,,,,
trait:co_331_0000432,Trait,,,,,,Storage root peonidin concentration in dry weight basis,Sweet Potato,CO_331,,,,,
trait:co_331_0000433,Trait,,,,,,Storage root anthocyanin concentration in dry weight basis,Sweet Potato,CO_331,,,,,
trait:co_331_0000434,Trait,,,,,,Storage root phenol concentration in dry weight basis,Sweet Potato,CO_331,,,,,
trait:co_331_0000435,Trait,,,,,,Node number per vine,Sweet Potato,CO_331,,,,,
trait:co_331_0000436,Trait,,,,,,Leaf number per plant,Sweet Potato,CO_331,,,,,
trait:co_331_0000438,Trait,,,,,,Millipede damage,Sweet Potato,CO_331,,,,,
trait:co_331_0000439,Trait,,,,,,Alcidodes sp. damage,Sweet Potato,CO_331,,,,,
trait:co_331_0000440,Trait,,,,,,Soil insect damage,Sweet Potato,CO_331,,,,,
trait:co_331_0000307,Trait,,,,,,Commercial storage root yield,Sweet Potato,CO_331,,,,,
trait:co_331_0000811,Trait,,,,,,Storage root surface secondary defects,Sweet Potato,CO_331,,,,,
trait:co_331_0001068,Trait,,,,,,Storage root fructose content in fresh weight basis,Sweet Potato,CO_331,,,,,
species:abelmoschus_esculentus,Species,,,,,,,,,abelmoschus esculentus,Abelmoschus esculentus (L.) Moench = Hibiscus esculentus L.,,,
cultivar:af_119|abelmoschus_esculentus,Cultivar,,,,,,AF 119,,,,,abelmoschus esculentus,,
region:mg,Region,,,,,,,,,,,,MG,Brasil
region:pi,Region,,,,,,,,,,,,PI,Brasil
region:sp,Region,,,,,,,,,,,,SP,Brasil
cultivar:af631|abelmoschus_esculentus,Cultivar,,,,,,AF631,,,,,abelmoschus esculentus,,
cultivar:amarelinho|abelmoschus_esculentus,Cultivar,,,,,,Amarelinho,,,,,abelmoschus esculentus,,
region:rs,Region,,,,,,,,,,,,RS,Brasil
cultivar:apuim|abelmoschus_esculentus,Cultivar,,,,,,Apuim,,,,,abelmoschus esculentus,,
cultivar:clemson_americano|abelmoschus_esculentus,Cultivar,,,,,,Clemson Americano,,,,,abelmoschus esculentus,,
cultivar:colhe_bem|abelmoschus_esculentus,Cultivar,,,,,,Colhe Bem,,,,,abelmoschus esculentus,,
cultivar:coronel|abelmoschus_esculentus,Cultivar,,,,,,Coronel,,,,,abelmoschus esculentus,,
cultivar:ht_209|abelmoschus_esculentus,Cultivar,,,,,,HT 209,,,,,abelmoschus esculentus,,
cultivar:iac_midori|abelmoschus_esculentus,Cultivar,,,,,,IAC Midori,,,,,abelmoschus esculentus,,
region:ba,Region,,,,,,,,,,,,BA,Brasil
region:pe,Region,,,,,,,,,,,,PE,Brasil
cultivar:imperador|abelmoschus_esculentus,Cultivar,,,,,,IMPERADOR,,,,,abelmoschus esculentus,,
cultivar:is_217|abelmoschus_esculentus,Cultivar,,,,,,IS 217,,,,,abelmoschus esculentus,,
cultivar:martin|abelmoschus_esculentus,Cultivar,,,,,,Martin,,,,,abelmoschus esculentus,,
cultivar:santa_cruz|abelmoschus_esculentus,Cultivar,,,,,,Santa Cruz,,,,,abelmoschus esculentus,,
cultivar:santa_cruz_47|abelmoschus_esculentus,Cultivar,,,,,,Santa Cruz 47,,,,,abelmoschus esculentus,,
region:go,Region,,,,,,,,,,,,GO,Brasil
region:se,Region,,,,,,,,,,,,SE,Brasil
cultivar:speedy|abelmoschus_esculentus,Cultivar,,,,,,Speedy,,,,,abelmoschus esculentus,,
cultivar:tropical|abelmoschus_esculentus,Cultivar,,,,,,Tropical,,,,,abelmoschus esculentus,,
cultivar:ufu_mc_erasmo|abelmoschus_esculentus,Cultivar,,,,,,UFU MC Erasmo,,,,,abelmoschus esculentus,,
cultivar:ufu_mc_qb3_antony|abelmoschus_esculentus,Cultivar,,,,,,UFU MC QB3 Antony,,,,,abelmoschus esculentus,,
cultivar:ufu_mc_qb4_brutus|abelmoschus_esculentus,Cultivar,,,,,,UFU MC QB4 Brutus,,,,,abelmoschus esculentus,,
cultivar:ufu_mc_qb5_veloster|abelmoschus_esculentus,Cultivar,,,,,,UFU MC QB5 Veloster,,,,,abelmoschus esculentus,,
cultivar:ufu_mc_ravi|abelmoschus_esculentus,Cultivar,,,,,,UFU MC Ravi,,,,,abelmoschus esculentus,,
cultivar:vok_501|abelmoschus_esculentus,Cultivar,,,,,,VOK 501,,,,,abelmoschus esculentus,,
cultivar:valenaa|abelmoschus_esculentus,Cultivar,,,,,,ValenÃ§a,,,,,abelmoschus esculentus,,
cultivar:veloce|abelmoschus_esculentus,Cultivar,,,,,,Veloce,,,,,abelmoschus esculentus,,
species:allium_cepa,Species,,,,,,,,,allium cepa,Allium cepa L.,,,
cultivar:absolut|allium_cepa,Cultivar,,,,,,ABSOLUT,,,,,allium cepa,,
region:sc,Region,,,,,,,,,,,,SC,Brasil
cultivar:af_3696|allium_cepa,Cultivar,,,,,,AF 3696,,,,,allium cepa,,
cultivar:af3838|allium_cepa,Cultivar,,,,,,AF3838,,,,,allium cepa,,
cultivar:af4989|allium_cepa,Cultivar,,,,,,AF4989,,,,,allium cepa,,
cultivar:agroney|allium_cepa,Cultivar,,,,,,Agroney,,,,,allium cepa,,
cultivar:alfa_tropical|allium_cepa,Cultivar,,,,,,Alfa Tropical,,,,,allium cepa,,
cultivar:alvorada|allium_cepa,Cultivar,,,,,,Alvorada,,,,,allium cepa,,
cultivar:athena|allium_cepa,Cultivar,,,,,,Athena,,,,,allium cepa,,
cultivar:belasul|allium_cepa,Cultivar,,,,,,BELASUL,,,,,allium cepa,,
cultivar:br_25|allium_cepa,Cultivar,,,,,,BR 25,,,,,allium cepa,,
cultivar:br_29_crioula|allium_cepa,Cultivar,,,,,,BR 29 (crioula),,,,,allium cepa,,
cultivar:brs_alfa_sao_francisco|allium_cepa,Cultivar,,,,,,BRS Alfa SÃ£o Francisco,,,,,allium cepa,,
cultivar:brs_carrancas|allium_cepa,Cultivar,,,,,,BRS Carrancas,,,,,allium cepa,,
cultivar:brs_cascata|allium_cepa,Cultivar,,,,,,BRS Cascata,,,,,allium cepa,,
cultivar:brs_prima|allium_cepa,Cultivar,,,,,,BRS Prima,,,,,allium cepa,,
cultivar:brs_riovale|allium_cepa,Cultivar,,,,,,BRS Riovale,,,,,allium cepa,,
cultivar:brs_sustentare|allium_cepa,Cultivar,,,,,,BRS Sustentare,,,,,allium cepa,,
region:df,Region,,,,,,,,,,,,DF,Brasil
cultivar:baia_herval|allium_cepa,Cultivar,,,,,,Baia Herval,,,,,allium cepa,,
cultivar:baia_periforme|allium_cepa,Cultivar,,,,,,Baia Periforme,,,,,allium cepa,,
cultivar:baia_periforme_crioula|allium_cepa,Cultivar,,,,,,Baia Periforme Crioula,,,,,allium cepa,,
cultivar:baia_periforme_precoce|allium_cepa,Cultivar,,,,,,Baia Periforme Precoce,,,,,allium cepa,,
cultivar:baia_super_precoce|allium_cepa,Cultivar,,,,,,Baia Super Precoce,,,,,allium cepa,,
cultivar:bella_catarina|allium_cepa,Cultivar,,,,,,Bella Catarina,,,,,allium cepa,,
cultivar:bella_dura|allium_cepa,Cultivar,,,,,,Bella Dura,,,,,allium cepa,,
cultivar:bola_suprema|allium_cepa,Cultivar,,,,,,Bola Suprema,,,,,allium cepa,,
region:pr,Region,,,,,,,,,,,,PR,Brasil
cultivar:bola_de_ouro|allium_cepa,Cultivar,,,,,,Bola de Ouro,,,,,allium cepa,,
cultivar:boreal|allium_cepa,Cultivar,,,,,,Boreal,,,,,allium cepa,,
cultivar:brasa_crioula|allium_cepa,Cultivar,,,,,,Brasa Crioula,,,,,allium cepa,,
cultivar:brasalia|allium_cepa,Cultivar,,,,,,BrasÃ­lia,,,,,allium cepa,,
cultivar:brisaverao_ipa_13|allium_cepa,Cultivar,,,,,,BrisaverÃ£o IPA 13,,,,,allium cepa,,
cultivar:campera|allium_cepa,Cultivar,,,,,,CAMPERA,,,,,allium cepa,,
cultivar:cr_020|allium_cepa,Cultivar,,,,,,CR 020,,,,,allium cepa,,
cultivar:caeta|allium_cepa,Cultivar,,,,,,CaetÃ©,,,,,allium cepa,,
cultivar:camponesa|allium_cepa,Cultivar,,,,,,Camponesa,,,,,allium cepa,,
cultivar:catarina|allium_cepa,Cultivar,,,,,,Catarina,,,,,allium cepa,,
cultivar:clarabela_10|allium_cepa,Cultivar,,,,,,Clarabela 10,,,,,allium cepa,,
cultivar:claudia|allium_cepa,Cultivar,,,,,,Claudia,,,,,allium cepa,,
cultivar:clover|allium_cepa,Cultivar,,,,,,Clover,,,,,allium cepa,,
cultivar:colorada|allium_cepa,Cultivar,,,,,,Colorada,,,,,allium cepa,,
cultivar:crioula|allium_cepa,Cultivar,,,,,,Crioula,,,,,allium cepa,,
cultivar:crioula_conesul|allium_cepa,Cultivar,,,,,,Crioula Conesul,,,,,allium cepa,,
cultivar:crioula_gl|allium_cepa,Cultivar,,,,,,Crioula Gl,,,,,allium cepa,,
cultivar:crioula_roxa|allium_cepa,Cultivar,,,,,,Crioula Roxa,,,,,allium cepa,,
cultivar:crioula_salto_grande|allium_cepa,Cultivar,,,,,,Crioula Salto Grande,,,,,allium cepa,,
cultivar:diva|allium_cepa,Cultivar,,,,,,DIVA,,,,,allium cepa,,
cultivar:dallas|allium_cepa,Cultivar,,,,,,Dallas,,,,,allium cepa,,
cultivar:divina|allium_cepa,Cultivar,,,,,,Divina,,,,,allium cepa,,
cultivar:dolabela|allium_cepa,Cultivar,,,,,,Dolabela,,,,,allium cepa,,
cultivar:dourada|allium_cepa,Cultivar,,,,,,Dourada,,,,,allium cepa,,
cultivar:duvale|allium_cepa,Cultivar,,,,,,Duvale,,,,,allium cepa,,
cultivar:ehceb_2020a5|allium_cepa,Cultivar,,,,,,EHCEB 2020A5,,,,,allium cepa,,
cultivar:ehceb_2020b5|allium_cepa,Cultivar,,,,,,EHCEB 2020B5,,,,,allium cepa,,
cultivar:ehceb_2020c6|allium_cepa,Cultivar,,,,,,EHCEB 2020C6,,,,,allium cepa,,
cultivar:empasc_352_bola_precoce|allium_cepa,Cultivar,,,,,,EMPASC 352 - Bola Precoce,,,,,allium cepa,,
cultivar:empasc_355_juporanga|allium_cepa,Cultivar,,,,,,EMPASC 355 - Juporanga,,,,,allium cepa,,
cultivar:empasc_356_rosada|allium_cepa,Cultivar,,,,,,EMPASC 356 - Rosada,,,,,allium cepa,,
cultivar:epagri_362_crioula_alto_vale|allium_cepa,Cultivar,,,,,,EPAGRI 362 - Crioula Alto Vale,,,,,allium cepa,,
cultivar:epagri_363_superprecoce|allium_cepa,Cultivar,,,,,,EPAGRI 363 - Superprecoce,,,,,allium cepa,,
cultivar:epagri_363_superprecoces|allium_cepa,Cultivar,,,,,,EPAGRI 363 - superprecoces,,,,,allium cepa,,
cultivar:fort|allium_cepa,Cultivar,,,,,,FORT,,,,,allium cepa,,
cultivar:favoritta|allium_cepa,Cultivar,,,,,,Favoritta,,,,,allium cepa,,
cultivar:franciscana_ipa_10|allium_cepa,Cultivar,,,,,,Franciscana IPA - 10,,,,,allium cepa,,
cultivar:garra|allium_cepa,Cultivar,,,,,,GARRA,,,,,allium cepa,,
cultivar:gauchinha|allium_cepa,Cultivar,,,,,,Gauchinha,,,,,allium cepa,,
cultivar:georgea|allium_cepa,Cultivar,,,,,,Georgea,,,,,allium cepa,,
cultivar:ht_113|allium_cepa,Cultivar,,,,,,HT 113,,,,,allium cepa,,
cultivar:ht_125|allium_cepa,Cultivar,,,,,,HT 125,,,,,allium cepa,,
cultivar:ht_215|allium_cepa,Cultivar,,,,,,HT 215,,,,,allium cepa,,
cultivar:hazel|allium_cepa,Cultivar,,,,,,Hazel,,,,,allium cepa,,
cultivar:hulha_negra|allium_cepa,Cultivar,,,,,,Hulha Negra,,,,,allium cepa,,
cultivar:id_127_castanha|allium_cepa,Cultivar,,,,,,ID 127 CASTANHA,,,,,allium cepa,,
cultivar:id_132_planalto|allium_cepa,Cultivar,,,,,,ID 132 PLANALTO,,,,,allium cepa,,
cultivar:id_163_primola|allium_cepa,Cultivar,,,,,,ID 163 Primola,,,,,allium cepa,,
cultivar:id_23_ruby|allium_cepa,Cultivar,,,,,,ID 23 RUBY,,,,,allium cepa,,
cultivar:id_362_estrela|allium_cepa,Cultivar,,,,,,ID 362 ESTRELA,,,,,allium cepa,,
cultivar:id_75_cerro_negro|allium_cepa,Cultivar,,,,,,ID 75 CERRO NEGRO,,,,,allium cepa,,
cultivar:ideal|allium_cepa,Cultivar,,,,,,IDEAL,,,,,allium cepa,,
cultivar:imperial|allium_cepa,Cultivar,,,,,,IMPERIAL,,,,,allium cepa,,
cultivar:ipa_10_roxa|allium_cepa,Cultivar,,,,,,IPA 10 (ROXA),,,,,allium cepa,,
cultivar:ipa_11|allium_cepa,Cultivar,,,,,,IPA 11,,,,,allium cepa,,
cultivar:is_071|allium_cepa,Cultivar,,,,,,IS 071,,,,,allium cepa,,
cultivar:is_072|allium_cepa,Cultivar,,,,,,IS 072,,,,,allium cepa,,
cultivar:iris|allium_cepa,Cultivar,,,,,,Iris,,,,,allium cepa,,
cultivar:itajuba|allium_cepa,Cultivar,,,,,,ItajubÃ¡,,,,,allium cepa,,
cultivar:joia|allium_cepa,Cultivar,,,,,,JOIA,,,,,allium cepa,,
cultivar:jacobina|allium_cepa,Cultivar,,,,,,Jacobina,,,,,allium cepa,,
cultivar:lg_fennix|allium_cepa,Cultivar,,,,,,LG Fennix,,,,,allium cepa,,
cultivar:lg_perolla|allium_cepa,Cultivar,,,,,,LG PEROLLA,,,,,allium cepa,,
cultivar:lourdes|allium_cepa,Cultivar,,,,,,LOURDES,,,,,allium cepa,,
cultivar:lp4_poderosa|allium_cepa,Cultivar,,,,,,LP4 Poderosa,,,,,allium cepa,,
cultivar:lp7_prime|allium_cepa,Cultivar,,,,,,LP7 Prime,,,,,allium cepa,,
cultivar:lendaria|allium_cepa,Cultivar,,,,,,LendÃ¡ria,,,,,allium cepa,,
cultivar:liba3rio|allium_cepa,Cultivar,,,,,,LibÃ³rio,,,,,allium cepa,,
cultivar:lila|allium_cepa,Cultivar,,,,,,Lila,,,,,allium cepa,,
cultivar:lola|allium_cepa,Cultivar,,,,,,Lola,,,,,allium cepa,,
cultivar:lotario|allium_cepa,Cultivar,,,,,,Lotario,,,,,allium cepa,,
cultivar:luma|allium_cepa,Cultivar,,,,,,Luma,,,,,allium cepa,,
cultivar:madre|allium_cepa,Cultivar,,,,,,MADRE,,,,,allium cepa,,
cultivar:masters|allium_cepa,Cultivar,,,,,,MASTERS,,,,,allium cepa,,
cultivar:maxsul|allium_cepa,Cultivar,,,,,,MAXSUL,,,,,allium cepa,,
cultivar:mega|allium_cepa,Cultivar,,,,,,MEGA,,,,,allium cepa,,
cultivar:menina|allium_cepa,Cultivar,,,,,,MENINA,,,,,allium cepa,,
cultivar:madeira|allium_cepa,Cultivar,,,,,,Madeira,,,,,allium cepa,,
cultivar:magnosul|allium_cepa,Cultivar,,,,,,MagnoSul,,,,,allium cepa,,
cultivar:mercosul_ht|allium_cepa,Cultivar,,,,,,Mercosul HT,,,,,allium cepa,,
cultivar:milan|allium_cepa,Cultivar,,,,,,Milan,,,,,allium cepa,,
cultivar:mulata|allium_cepa,Cultivar,,,,,,Mulata,,,,,allium cepa,,
cultivar:nativa_da_serra|allium_cepa,Cultivar,,,,,,NATIVA DA SERRA,,,,,allium cepa,,
cultivar:nativa_do_vale|allium_cepa,Cultivar,,,,,,NATIVA DO VALE,,,,,allium cepa,,
cultivar:nativa_planalto|allium_cepa,Cultivar,,,,,,NATIVA PLANALTO,,,,,allium cepa,,
cultivar:neve|allium_cepa,Cultivar,,,,,,NEVE,,,,,allium cepa,,
cultivar:noeli|allium_cepa,Cultivar,,,,,,Noeli,,,,,allium cepa,,
cultivar:nubia|allium_cepa,Cultivar,,,,,,Nubia,,,,,allium cepa,,
cultivar:onix|allium_cepa,Cultivar,,,,,,ONIX,,,,,allium cepa,,
cultivar:omega|allium_cepa,Cultivar,,,,,,Omega,,,,,allium cepa,,
cultivar:polly|allium_cepa,Cultivar,,,,,,POLLY,,,,,allium cepa,,
cultivar:preciza|allium_cepa,Cultivar,,,,,,PRECIZA,,,,,allium cepa,,
cultivar:pampeana|allium_cepa,Cultivar,,,,,,Pampeana,,,,,allium cepa,,
cultivar:perolabela_11|allium_cepa,Cultivar,,,,,,Perolabela 11,,,,,allium cepa,,
cultivar:petroline|allium_cepa,Cultivar,,,,,,Petroline,,,,,allium cepa,,
cultivar:preciosa|allium_cepa,Cultivar,,,,,,Preciosa,,,,,allium cepa,,
cultivar:primavera|allium_cepa,Cultivar,,,,,,Primavera,,,,,allium cepa,,
cultivar:princesa_do_sul|allium_cepa,Cultivar,,,,,,Princesa Do Sul,,,,,allium cepa,,
cultivar:querancia|allium_cepa,Cultivar,,,,,,QUERÃNCIA,,,,,allium cepa,,
cultivar:rdw_luthy|allium_cepa,Cultivar,,,,,,RDW Luthy,,,,,allium cepa,,
cultivar:rdw_potenthy|allium_cepa,Cultivar,,,,,,RDW Potenthy,,,,,allium cepa,,
cultivar:rdw_primy|allium_cepa,Cultivar,,,,,,RDW Primy,,,,,allium cepa,,
cultivar:rdw_redy|allium_cepa,Cultivar,,,,,,RDW Redy,,,,,allium cepa,,
cultivar:rdw_tuphy|allium_cepa,Cultivar,,,,,,RDW Tuphy,,,,,allium cepa,,
cultivar:rdw_valenty|allium_cepa,Cultivar,,,,,,RDW Valenty,,,,,allium cepa,,
cultivar:rsligera|allium_cepa,Cultivar,,,,,,RSLIGERA,,,,,allium cepa,,
cultivar:rainha|allium_cepa,Cultivar,,,,,,Rainha,,,,,allium cepa,,
cultivar:raio_de_sol|allium_cepa,Cultivar,,,,,,Raio de Sol,,,,,allium cepa,,
cultivar:red_crioule_roxa|allium_cepa,Cultivar,,,,,,Red Crioule (roxa),,,,,allium cepa,,
cultivar:reed_crioula|allium_cepa,Cultivar,,,,,,Reed Crioula,,,,,allium cepa,,
cultivar:rood|allium_cepa,Cultivar,,,,,,Rood,,,,,allium cepa,,
cultivar:roxa_mercaorio|allium_cepa,Cultivar,,,,,,Roxa MercÃºrio,,,,,allium cepa,,
cultivar:rubra|allium_cepa,Cultivar,,,,,,Rubra,,,,,allium cepa,,
cultivar:safira|allium_cepa,Cultivar,,,,,,SAFIRA,,,,,allium cepa,,
cultivar:scs366_poranga|allium_cepa,Cultivar,,,,,,SCS366 Poranga,,,,,allium cepa,,
cultivar:scs373_valessul|allium_cepa,Cultivar,,,,,,SCS373 Valessul,,,,,allium cepa,,
cultivar:scs378_galega|allium_cepa,Cultivar,,,,,,SCS378 Galega,,,,,allium cepa,,
cultivar:scs379_robusta|allium_cepa,Cultivar,,,,,,SCS379 Robusta,,,,,allium cepa,,
cultivar:scs384_bola_r|allium_cepa,Cultivar,,,,,,SCS384 Bola R,,,,,allium cepa,,
cultivar:sentinela|allium_cepa,Cultivar,,,,,,Sentinela,,,,,allium cepa,,
cultivar:show_de_bola|allium_cepa,Cultivar,,,,,,Show de Bola,,,,,allium cepa,,
cultivar:sienna|allium_cepa,Cultivar,,,,,,Sienna,,,,,allium cepa,,
cultivar:sprint|allium_cepa,Cultivar,,,,,,Sprint,,,,,allium cepa,,
cultivar:sweet_harvest|allium_cepa,Cultivar,,,,,,Sweet Harvest,,,,,allium cepa,,
cultivar:taura|allium_cepa,Cultivar,,,,,,TAURA,,,,,allium cepa,,
cultivar:topsul|allium_cepa,Cultivar,,,,,,TOPSUL,,,,,allium cepa,,
cultivar:von_538|allium_cepa,Cultivar,,,,,,VON 538,,,,,allium cepa,,
cultivar:valeouro_ipa_11|allium_cepa,Cultivar,,,,,,ValeOuro IPA - 11,,,,,allium cepa,,
cultivar:vitoria|allium_cepa,Cultivar,,,,,,Vitoria,,,,,allium cepa,,
cultivar:amega|allium_cepa,Cultivar,,,,,,ÃMEGA,,,,,allium cepa,,
species:beta_vulgaris,Species,,,,,,,,,beta vulgaris,Beta vulgaris L.,,,
cultivar:all_green|beta_vulgaris,Cultivar,,,,,,All green,,,,,beta vulgaris,,
cultivar:early_wonder|beta_vulgaris,Cultivar,,,,,,Early Wonder,,,,,beta vulgaris,,
cultivar:early_wonder_tall_top|beta_vulgaris,Cultivar,,,,,,Early Wonder Tall Top,,,,,beta vulgaris,,
cultivar:ferrari|beta_vulgaris,Cultivar,,,,,,FERRARI,,,,,beta vulgaris,,
cultivar:forono_cilindrica|beta_vulgaris,Cultivar,,,,,,Forono Cilindrica,,,,,beta vulgaris,,
cultivar:itapua_202|beta_vulgaris,Cultivar,,,,,,ItapuÃ£ 202,,,,,beta vulgaris,,
cultivar:jolie|beta_vulgaris,Cultivar,,,,,,Jolie,,,,,beta vulgaris,,
cultivar:katrina|beta_vulgaris,Cultivar,,,,,,Katrina,,,,,beta vulgaris,,
cultivar:lola|beta_vulgaris,Cultivar,,,,,,Lola,,,,,beta vulgaris,,
cultivar:maravilha_tall_top_early_wonder|beta_vulgaris,Cultivar,,,,,,Maravilha Tall Top Early Wonder,,,,,beta vulgaris,,
cultivar:modana|beta_vulgaris,Cultivar,,,,,,Modana,,,,,beta vulgaris,,
cultivar:moscato|beta_vulgaris,Cultivar,,,,,,Moscato,,,,,beta vulgaris,,
cultivar:rubra|beta_vulgaris,Cultivar,,,,,,Rubra,,,,,beta vulgaris,,
cultivar:turim|beta_vulgaris,Cultivar,,,,,,Turim,,,,,beta vulgaris,,
cultivar:afrodite|beta_vulgaris,Cultivar,,,,,,Afrodite,,,,,beta vulgaris,,
cultivar:artemis|beta_vulgaris,Cultivar,,,,,,Artemis,,,,,beta vulgaris,,
cultivar:branca_de_lyon|beta_vulgaris,Cultivar,,,,,,Branca de Lyon,,,,,beta vulgaris,,
cultivar:bressanne_verde_de_talo_branco|beta_vulgaris,Cultivar,,,,,,Bressanne Verde de Talo Branco,,,,,beta vulgaris,,
cultivar:is_313|beta_vulgaris,Cultivar,,,,,,IS 313,,,,,beta vulgaris,,
cultivar:loura|beta_vulgaris,Cultivar,,,,,,Loura,,,,,beta vulgaris,,
cultivar:marida|beta_vulgaris,Cultivar,,,,,,MÃ©rida,,,,,beta vulgaris,,
cultivar:talo_branco_de_lion|beta_vulgaris,Cultivar,,,,,,Talo Branco de Lion,,,,,beta vulgaris,,
cultivar:verde_escura|beta_vulgaris,Cultivar,,,,,,Verde Escura,,,,,beta vulgaris,,
species:brassica_oleracea,Species,,,,,,,,,brassica oleracea,Brassica oleracea L. var. botrytis L.,,,
cultivar:744|brassica_oleracea,Cultivar,,,,,,744,,,,,brassica oleracea,,
cultivar:af_4895|brassica_oleracea,Cultivar,,,,,,AF 4895,,,,,brassica oleracea,,
cultivar:af5158|brassica_oleracea,Cultivar,,,,,,AF5158,,,,,brassica oleracea,,
cultivar:af5737|brassica_oleracea,Cultivar,,,,,,AF5737,,,,,brassica oleracea,,
cultivar:af5786|brassica_oleracea,Cultivar,,,,,,AF5786,,,,,brassica oleracea,,
cultivar:af5808|brassica_oleracea,Cultivar,,,,,,AF5808,,,,,brassica oleracea,,
cultivar:af5809|brassica_oleracea,Cultivar,,,,,,AF5809,,,,,brassica oleracea,,
cultivar:af5963|brassica_oleracea,Cultivar,,,,,,AF5963,,,,,brassica oleracea,,
cultivar:af8618|brassica_oleracea,Cultivar,,,,,,AF8618,,,,,brassica oleracea,,
cultivar:af9914|brassica_oleracea,Cultivar,,,,,,AF9914,,,,,brassica oleracea,,
cultivar:benfica|brassica_oleracea,Cultivar,,,,,,BENFICA,,,,,brassica oleracea,,
cultivar:bianca|brassica_oleracea,Cultivar,,,,,,Bianca,,,,,brassica oleracea,,
cultivar:bola_de_neve|brassica_oleracea,Cultivar,,,,,,Bola de Neve,,,,,brassica oleracea,,
cultivar:bola_de_neve_precoce|brassica_oleracea,Cultivar,,,,,,Bola de Neve Precoce,,,,,brassica oleracea,,
cultivar:cindy|brassica_oleracea,Cultivar,,,,,,Cindy,,,,,brassica oleracea,,
cultivar:clarisse|brassica_oleracea,Cultivar,,,,,,Clarisse,,,,,brassica oleracea,,
cultivar:das_quatro_estaaaes|brassica_oleracea,Cultivar,,,,,,Das Quatro EstaÃ§Ãµes,,,,,brassica oleracea,,
cultivar:dadalo|brassica_oleracea,Cultivar,,,,,,DÃ©dalo,,,,,brassica oleracea,,
cultivar:eudora|brassica_oleracea,Cultivar,,,,,,EUDORA,,,,,brassica oleracea,,
cultivar:filipinas|brassica_oleracea,Cultivar,,,,,,Filipinas,,,,,brassica oleracea,,
cultivar:ht_116|brassica_oleracea,Cultivar,,,,,,HT 116,,,,,brassica oleracea,,
cultivar:ht_300|brassica_oleracea,Cultivar,,,,,,HT 300,,,,,brassica oleracea,,
cultivar:ivana|brassica_oleracea,Cultivar,,,,,,Ivana,,,,,brassica oleracea,,
cultivar:julia|brassica_oleracea,Cultivar,,,,,,Julia,,,,,brassica oleracea,,
cultivar:juliana|brassica_oleracea,Cultivar,,,,,,Juliana,,,,,brassica oleracea,,
cultivar:karen|brassica_oleracea,Cultivar,,,,,,Karen,,,,,brassica oleracea,,
cultivar:lisboa|brassica_oleracea,Cultivar,,,,,,LISBOA,,,,,brassica oleracea,,
cultivar:macarena|brassica_oleracea,Cultivar,,,,,,MACARENA,,,,,brassica oleracea,,
cultivar:maravilla|brassica_oleracea,Cultivar,,,,,,Maravilla,,,,,brassica oleracea,,
cultivar:mogiana_super|brassica_oleracea,Cultivar,,,,,,Mogiana Super,,,,,brassica oleracea,,
cultivar:navea|brassica_oleracea,Cultivar,,,,,,NÃ­vea,,,,,brassica oleracea,,
cultivar:ohana|brassica_oleracea,Cultivar,,,,,,OHANA,,,,,brassica oleracea,,
cultivar:paloma|brassica_oleracea,Cultivar,,,,,,Paloma,,,,,brassica oleracea,,
cultivar:pamela|brassica_oleracea,Cultivar,,,,,,Pamela,,,,,brassica oleracea,,
cultivar:pandora|brassica_oleracea,Cultivar,,,,,,Pandora,,,,,brassica oleracea,,
cultivar:piracicaba_precoce|brassica_oleracea,Cultivar,,,,,,Piracicaba Precoce,,,,,brassica oleracea,,
cultivar:piracicaba_precoce_sf_59|brassica_oleracea,Cultivar,,,,,,Piracicaba Precoce SF - 59,,,,,brassica oleracea,,
cultivar:piracicaba_de_verao|brassica_oleracea,Cultivar,,,,,,Piracicaba de VerÃ£o,,,,,brassica oleracea,,
cultivar:precoce_piracicaba|brassica_oleracea,Cultivar,,,,,,Precoce Piracicaba,,,,,brassica oleracea,,
cultivar:roxa|brassica_oleracea,Cultivar,,,,,,Roxa,,,,,brassica oleracea,,
cultivar:sabine|brassica_oleracea,Cultivar,,,,,,SABINE,,,,,brassica oleracea,,
cultivar:silmara|brassica_oleracea,Cultivar,,,,,,SILMARA,,,,,brassica oleracea,,
cultivar:summer_set|brassica_oleracea,Cultivar,,,,,,SUMMER SET,,,,,brassica oleracea,,
cultivar:sandra|brassica_oleracea,Cultivar,,,,,,Sandra,,,,,brassica oleracea,,
cultivar:sarah|brassica_oleracea,Cultivar,,,,,,Sarah,,,,,brassica oleracea,,
cultivar:sao_joaquim|brassica_oleracea,Cultivar,,,,,,SÃ£o Joaquim,,,,,brassica oleracea,,
cultivar:tereza|brassica_oleracea,Cultivar,,,,,,TEREZA,,,,,brassica oleracea,,
cultivar:teresopolis_gigante_precoce|brassica_oleracea,Cultivar,,,,,,Teresopolis Gigante Precoce,,,,,brassica oleracea,,
cultivar:teresa3polis_gigante|brassica_oleracea,Cultivar,,,,,,TeresÃ³polis Gigante,,,,,brassica oleracea,,
cultivar:tereza3polis_gigante|brassica_oleracea,Cultivar,,,,,,TerezÃ³polis Gigante,,,,,brassica oleracea,,
cultivar:udine|brassica_oleracea,Cultivar,,,,,,Udine,,,,,brassica oleracea,,
cultivar:vcf_573|brassica_oleracea,Cultivar,,,,,,VCF 573,,,,,brassica oleracea,,
cultivar:vcf538|brassica_oleracea,Cultivar,,,,,,VCF538,,,,,brassica oleracea,,
cultivar:vera|brassica_oleracea,Cultivar,,,,,,VERA,,,,,brassica oleracea,,
cultivar:verediana|brassica_oleracea,Cultivar,,,,,,Verediana,,,,,brassica oleracea,,
cultivar:vick|brassica_oleracea,Cultivar,,,,,,Vick,,,,,brassica oleracea,,
cultivar:yona|brassica_oleracea,Cultivar,,,,,,YonÃ¡,,,,,brassica oleracea,,
cultivar:acaro|brassica_oleracea,Cultivar,,,,,,Ãcaro,,,,,brassica oleracea,,
cultivar:60_dias|brassica_oleracea,Cultivar,,,,,,60 Dias,,,,,brassica oleracea,,
cultivar:avatar|brassica_oleracea,Cultivar,,,,,,AVATAR,,,,,brassica oleracea,,
cultivar:brunswick|brassica_oleracea,Cultivar,,,,,,Brunswick,,,,,brassica oleracea,,
cultivar:chato_de_quintal|brassica_oleracea,Cultivar,,,,,,Chato de Quintal,,,,,brassica oleracea,,
cultivar:chato_do_quintal|brassica_oleracea,Cultivar,,,,,,Chato do Quintal,,,,,brassica oleracea,,
cultivar:coraaao_de_boi|brassica_oleracea,Cultivar,,,,,,CoraÃ§Ã£o de Boi,,,,,brassica oleracea,,
cultivar:coraaao_de_boi_gigante|brassica_oleracea,Cultivar,,,,,,CoraÃ§Ã£o de Boi Gigante,,,,,brassica oleracea,,
cultivar:das_4_estaaaes|brassica_oleracea,Cultivar,,,,,,Das 4 EstaÃ§Ãµes,,,,,brassica oleracea,,
cultivar:itiban|brassica_oleracea,Cultivar,,,,,,ITIBAN,,,,,brassica oleracea,,
cultivar:louco_de_verao|brassica_oleracea,Cultivar,,,,,,Louco de VerÃ£o,,,,,brassica oleracea,,
cultivar:red_river|brassica_oleracea,Cultivar,,,,,,Red River,,,,,brassica oleracea,,
cultivar:roxo_mammouth_red_rock|brassica_oleracea,Cultivar,,,,,,Roxo Mammouth Red Rock,,,,,brassica oleracea,,
cultivar:solar|brassica_oleracea,Cultivar,,,,,,Solar,,,,,brassica oleracea,,
cultivar:taishita|brassica_oleracea,Cultivar,,,,,,Taishita,,,,,brassica oleracea,,
cultivar:uniao|brassica_oleracea,Cultivar,,,,,,UniÃ£o,,,,,brassica oleracea,,
cultivar:couve_de_bruxelas|brassica_oleracea,Cultivar,,,,,,Couve de Bruxelas,,,,,brassica oleracea,,
cultivar:de_bruxelas|brassica_oleracea,Cultivar,,,,,,De Bruxelas,,,,,brassica oleracea,,
cultivar:branca|brassica_oleracea,Cultivar,,,,,,Branca,,,,,brassica oleracea,,
cultivar:17cbc10076|brassica_oleracea,Cultivar,,,,,,17CBC10076,,,,,brassica oleracea,,
cultivar:17cbc10093|brassica_oleracea,Cultivar,,,,,,17CBC10093,,,,,brassica oleracea,,
cultivar:akemi|brassica_oleracea,Cultivar,,,,,,Akemi,,,,,brassica oleracea,,
cultivar:calabraas_de_cabeaa|brassica_oleracea,Cultivar,,,,,,CalabrÃªs de CabeÃ§a,,,,,brassica oleracea,,
cultivar:hanabi|brassica_oleracea,Cultivar,,,,,,HANABI,,,,,brassica oleracea,,
cultivar:hanapon|brassica_oleracea,Cultivar,,,,,,Hanapon,,,,,brassica oleracea,,
cultivar:master|brassica_oleracea,Cultivar,,,,,,MASTER,,,,,brassica oleracea,,
cultivar:piracicaba|brassica_oleracea,Cultivar,,,,,,Piracicaba,,,,,brassica oleracea,,
cultivar:piracicaba_precoce_verao|brassica_oleracea,Cultivar,,,,,,Piracicaba Precoce VerÃ£o,,,,,brassica oleracea,,
cultivar:ramoso_brasalia|brassica_oleracea,Cultivar,,,,,,Ramoso BrasÃ­lia,,,,,brassica oleracea,,
cultivar:ramoso_piracicaba_precoce|brassica_oleracea,Cultivar,,,,,,Ramoso Piracicaba Precoce,,,,,brassica oleracea,,
cultivar:ramoso_santana|brassica_oleracea,Cultivar,,,,,,Ramoso Santana,,,,,brassica oleracea,,
cultivar:ramoso_de_brasalia|brassica_oleracea,Cultivar,,,,,,Ramoso de BrasÃ­lia,,,,,brassica oleracea,,
cultivar:romanesco_ottobrino|brassica_oleracea,Cultivar,,,,,,Romanesco Ottobrino,,,,,brassica oleracea,,
cultivar:seattle|brassica_oleracea,Cultivar,,,,,,Seattle,,,,,brassica oleracea,,
cultivar:verao_ramoso_piracicaba|brassica_oleracea,Cultivar,,,,,,VerÃ£o Ramoso Piracicaba,,,,,brassica oleracea,,
cultivar:cvm_01|brassica_oleracea,Cultivar,,,,,,CVM 01,,,,,brassica oleracea,,
cultivar:califa3rnia|brassica_oleracea,Cultivar,,,,,,CalifÃ³rnia,,,,,brassica oleracea,,
cultivar:floribela|brassica_oleracea,Cultivar,,,,,,Floribela,,,,,brassica oleracea,,
cultivar:hs_1001|brassica_oleracea,Cultivar,,,,,,HS 1001,,,,,brassica oleracea,,
cultivar:hs_1002|brassica_oleracea,Cultivar,,,,,,HS 1002,,,,,brassica oleracea,,
cultivar:is_133|brassica_oleracea,Cultivar,,,,,,IS 133,,,,,brassica oleracea,,
cultivar:illina3is|brassica_oleracea,Cultivar,,,,,,IllinÃ³is,,,,,brassica oleracea,,
cultivar:kinka|brassica_oleracea,Cultivar,,,,,,Kinka,,,,,brassica oleracea,,
cultivar:manteiga|brassica_oleracea,Cultivar,,,,,,Manteiga,,,,,brassica oleracea,,
cultivar:manteiga_hs_20|brassica_oleracea,Cultivar,,,,,,Manteiga HS-20,,,,,brassica oleracea,,
cultivar:manteiga_legatima_pa_alto|brassica_oleracea,Cultivar,,,,,,Manteiga LegÃ­tima PÃ© Alto,,,,,brassica oleracea,,
cultivar:manteiga_da_georgia|brassica_oleracea,Cultivar,,,,,,Manteiga da Georgia,,,,,brassica oleracea,,
cultivar:tronchuda_portuguesa|brassica_oleracea,Cultivar,,,,,,Tronchuda Portuguesa,,,,,brassica oleracea,,
species:capsicum_annuum,Species,,,,,,,,,capsicum annuum,Capsicum annuum L.,,,
cultivar:16pim00001|capsicum_annuum,Cultivar,,,,,,16PIM00001,,,,,capsicum annuum,,
cultivar:16pim00004|capsicum_annuum,Cultivar,,,,,,16PIM00004,,,,,capsicum annuum,,
cultivar:16pim00021|capsicum_annuum,Cultivar,,,,,,16PIM00021,,,,,capsicum annuum,,
cultivar:16pim00263|capsicum_annuum,Cultivar,,,,,,16PIM00263,,,,,capsicum annuum,,
cultivar:16pim00269|capsicum_annuum,Cultivar,,,,,,16PIM00269,,,,,capsicum annuum,,
cultivar:16pim00270|capsicum_annuum,Cultivar,,,,,,16PIM00270,,,,,capsicum annuum,,
cultivar:16pim00316|capsicum_annuum,Cultivar,,,,,,16PIM00316,,,,,capsicum annuum,,
cultivar:16pim00480|capsicum_annuum,Cultivar,,,,,,16PIM00480,,,,,capsicum annuum,,
cultivar:16pim00484|capsicum_annuum,Cultivar,,,,,,16PIM00484,,,,,capsicum annuum,,
cultivar:16pim00526|capsicum_annuum,Cultivar,,,,,,16PIM00526,,,,,capsicum annuum,,
cultivar:16pim00527|capsicum_annuum,Cultivar,,,,,,16PIM00527,,,,,capsicum annuum,,
cultivar:16pim00545|capsicum_annuum,Cultivar,,,,,,16PIM00545,,,,,capsicum annuum,,
cultivar:17pim00559|capsicum_annuum,Cultivar,,,,,,17PIM00559,,,,,capsicum annuum,,
cultivar:23pmn10472|capsicum_annuum,Cultivar,,,,,,23PMN10472,,,,,capsicum annuum,,
cultivar:24pmn10576|capsicum_annuum,Cultivar,,,,,,24PMN10576,,,,,capsicum annuum,,
cultivar:af_12432|capsicum_annuum,Cultivar,,,,,,AF 12432,,,,,capsicum annuum,,
cultivar:af_17064|capsicum_annuum,Cultivar,,,,,,AF 17064,,,,,capsicum annuum,,
cultivar:af_6529|capsicum_annuum,Cultivar,,,,,,AF 6529,,,,,capsicum annuum,,
cultivar:af_8253|capsicum_annuum,Cultivar,,,,,,AF 8253,,,,,capsicum annuum,,
cultivar:af1001|capsicum_annuum,Cultivar,,,,,,AF1001,,,,,capsicum annuum,,
cultivar:af1002|capsicum_annuum,Cultivar,,,,,,AF1002,,,,,capsicum annuum,,
cultivar:af1003|capsicum_annuum,Cultivar,,,,,,AF1003,,,,,capsicum annuum,,
cultivar:af1004|capsicum_annuum,Cultivar,,,,,,AF1004,,,,,capsicum annuum,,
cultivar:af1005|capsicum_annuum,Cultivar,,,,,,AF1005,,,,,capsicum annuum,,
cultivar:af1006|capsicum_annuum,Cultivar,,,,,,AF1006,,,,,capsicum annuum,,
cultivar:af1017|capsicum_annuum,Cultivar,,,,,,AF1017,,,,,capsicum annuum,,
cultivar:af1018|capsicum_annuum,Cultivar,,,,,,AF1018,,,,,capsicum annuum,,
cultivar:af1019|capsicum_annuum,Cultivar,,,,,,AF1019,,,,,capsicum annuum,,
cultivar:af1020|capsicum_annuum,Cultivar,,,,,,AF1020,,,,,capsicum annuum,,
cultivar:af1023|capsicum_annuum,Cultivar,,,,,,AF1023,,,,,capsicum annuum,,
cultivar:af1024|capsicum_annuum,Cultivar,,,,,,AF1024,,,,,capsicum annuum,,
cultivar:af17581|capsicum_annuum,Cultivar,,,,,,AF17581,,,,,capsicum annuum,,
cultivar:af17586|capsicum_annuum,Cultivar,,,,,,AF17586,,,,,capsicum annuum,,
cultivar:af17607|capsicum_annuum,Cultivar,,,,,,AF17607,,,,,capsicum annuum,,
cultivar:af17611|capsicum_annuum,Cultivar,,,,,,AF17611,,,,,capsicum annuum,,
cultivar:af17616|capsicum_annuum,Cultivar,,,,,,AF17616,,,,,capsicum annuum,,
cultivar:af17664|capsicum_annuum,Cultivar,,,,,,AF17664,,,,,capsicum annuum,,
cultivar:af17667|capsicum_annuum,Cultivar,,,,,,AF17667,,,,,capsicum annuum,,
cultivar:af21021|capsicum_annuum,Cultivar,,,,,,AF21021,,,,,capsicum annuum,,
cultivar:af21358|capsicum_annuum,Cultivar,,,,,,AF21358,,,,,capsicum annuum,,
cultivar:af21360|capsicum_annuum,Cultivar,,,,,,AF21360,,,,,capsicum annuum,,
cultivar:af21377|capsicum_annuum,Cultivar,,,,,,AF21377,,,,,capsicum annuum,,
cultivar:af21385|capsicum_annuum,Cultivar,,,,,,AF21385,,,,,capsicum annuum,,
cultivar:af21458|capsicum_annuum,Cultivar,,,,,,AF21458,,,,,capsicum annuum,,
cultivar:af21943|capsicum_annuum,Cultivar,,,,,,AF21943,,,,,capsicum annuum,,
cultivar:af21967|capsicum_annuum,Cultivar,,,,,,AF21967,,,,,capsicum annuum,,
cultivar:af22422|capsicum_annuum,Cultivar,,,,,,AF22422,,,,,capsicum annuum,,
cultivar:af22459|capsicum_annuum,Cultivar,,,,,,AF22459,,,,,capsicum annuum,,
cultivar:af22580|capsicum_annuum,Cultivar,,,,,,AF22580,,,,,capsicum annuum,,
cultivar:af22679|capsicum_annuum,Cultivar,,,,,,AF22679,,,,,capsicum annuum,,
cultivar:af22700|capsicum_annuum,Cultivar,,,,,,AF22700,,,,,capsicum annuum,,
cultivar:af22737|capsicum_annuum,Cultivar,,,,,,AF22737,,,,,capsicum annuum,,
cultivar:af22739|capsicum_annuum,Cultivar,,,,,,AF22739,,,,,capsicum annuum,,
cultivar:af22875|capsicum_annuum,Cultivar,,,,,,AF22875,,,,,capsicum annuum,,
cultivar:af23430|capsicum_annuum,Cultivar,,,,,,AF23430,,,,,capsicum annuum,,
cultivar:af23441|capsicum_annuum,Cultivar,,,,,,AF23441,,,,,capsicum annuum,,
cultivar:af23571|capsicum_annuum,Cultivar,,,,,,AF23571,,,,,capsicum annuum,,
cultivar:af23647|capsicum_annuum,Cultivar,,,,,,AF23647,,,,,capsicum annuum,,
cultivar:af23684|capsicum_annuum,Cultivar,,,,,,AF23684,,,,,capsicum annuum,,
cultivar:af26021|capsicum_annuum,Cultivar,,,,,,AF26021,,,,,capsicum annuum,,
cultivar:af26936|capsicum_annuum,Cultivar,,,,,,AF26936,,,,,capsicum annuum,,
region:ma,Region,,,,,,,,,,,,MA,Brasil
cultivar:af27620|capsicum_annuum,Cultivar,,,,,,AF27620,,,,,capsicum annuum,,
cultivar:af28394|capsicum_annuum,Cultivar,,,,,,AF28394,,,,,capsicum annuum,,
cultivar:af28499|capsicum_annuum,Cultivar,,,,,,AF28499,,,,,capsicum annuum,,
cultivar:af28507|capsicum_annuum,Cultivar,,,,,,AF28507,,,,,capsicum annuum,,
cultivar:af28679|capsicum_annuum,Cultivar,,,,,,AF28679,,,,,capsicum annuum,,
cultivar:af28688|capsicum_annuum,Cultivar,,,,,,AF28688,,,,,capsicum annuum,,
cultivar:af28702|capsicum_annuum,Cultivar,,,,,,AF28702,,,,,capsicum annuum,,
cultivar:af29662|capsicum_annuum,Cultivar,,,,,,AF29662,,,,,capsicum annuum,,
cultivar:af30701|capsicum_annuum,Cultivar,,,,,,AF30701,,,,,capsicum annuum,,
cultivar:af31326|capsicum_annuum,Cultivar,,,,,,AF31326,,,,,capsicum annuum,,
cultivar:af32083|capsicum_annuum,Cultivar,,,,,,AF32083,,,,,capsicum annuum,,
cultivar:af32156|capsicum_annuum,Cultivar,,,,,,AF32156,,,,,capsicum annuum,,
cultivar:af33957|capsicum_annuum,Cultivar,,,,,,AF33957,,,,,capsicum annuum,,
cultivar:alice|capsicum_annuum,Cultivar,,,,,,ALICE,,,,,capsicum annuum,,
cultivar:acaua|capsicum_annuum,Cultivar,,,,,,AcauÃ£,,,,,capsicum annuum,,
cultivar:all_big|capsicum_annuum,Cultivar,,,,,,All Big,,,,,capsicum annuum,,
cultivar:alongado_amarelo|capsicum_annuum,Cultivar,,,,,,Alongado Amarelo,,,,,capsicum annuum,,
cultivar:amarelo|capsicum_annuum,Cultivar,,,,,,Amarelo,,,,,capsicum annuum,,
cultivar:amarelo_sf_134|capsicum_annuum,Cultivar,,,,,,Amarelo SF 134,,,,,capsicum annuum,,
cultivar:antonella|capsicum_annuum,Cultivar,,,,,,Antonella,,,,,capsicum annuum,,
cultivar:arcanjo|capsicum_annuum,Cultivar,,,,,,Arcanjo,,,,,capsicum annuum,,
cultivar:brs_itamira|capsicum_annuum,Cultivar,,,,,,BRS Itamira,,,,,capsicum annuum,,
cultivar:brs_manuela|capsicum_annuum,Cultivar,,,,,,BRS Manuela,,,,,capsicum annuum,,
cultivar:brs_taquari|capsicum_annuum,Cultivar,,,,,,BRS Taquari,,,,,capsicum annuum,,
cultivar:brs_uirapuru|capsicum_annuum,Cultivar,,,,,,BRS Uirapuru,,,,,capsicum annuum,,
cultivar:brs_vilma|capsicum_annuum,Cultivar,,,,,,BRS Vilma,,,,,capsicum annuum,,
cultivar:belga|capsicum_annuum,Cultivar,,,,,,Belga,,,,,capsicum annuum,,
cultivar:bellfort|capsicum_annuum,Cultivar,,,,,,Bellfort,,,,,capsicum annuum,,
cultivar:beti_r|capsicum_annuum,Cultivar,,,,,,Beti R,,,,,capsicum annuum,,
cultivar:brasiliano|capsicum_annuum,Cultivar,,,,,,Brasiliano,,,,,capsicum annuum,,
cultivar:brilhante|capsicum_annuum,Cultivar,,,,,,Brilhante,,,,,capsicum annuum,,
cultivar:barbaro|capsicum_annuum,Cultivar,,,,,,BÃ¡rbaro,,,,,capsicum annuum,,
cultivar:cnph_4510|capsicum_annuum,Cultivar,,,,,,CNPH 4510,,,,,capsicum annuum,,
cultivar:cnph_4511|capsicum_annuum,Cultivar,,,,,,CNPH 4511,,,,,capsicum annuum,,
cultivar:cacauaa|capsicum_annuum,Cultivar,,,,,,CacauÃª,,,,,capsicum annuum,,
cultivar:calibello|capsicum_annuum,Cultivar,,,,,,Calibello,,,,,capsicum annuum,,
cultivar:camaro|capsicum_annuum,Cultivar,,,,,,Camaro,,,,,capsicum annuum,,
cultivar:cambuci|capsicum_annuum,Cultivar,,,,,,Cambuci,,,,,capsicum annuum,,
cultivar:casca_dura_ikeda|capsicum_annuum,Cultivar,,,,,,Casca Dura Ikeda,,,,,capsicum annuum,,
cultivar:cascadura|capsicum_annuum,Cultivar,,,,,,Cascadura,,,,,capsicum annuum,,
cultivar:cascadura_ikeda|capsicum_annuum,Cultivar,,,,,,Cascadura Ikeda,,,,,capsicum annuum,,
cultivar:cayenne_long_slim|capsicum_annuum,Cultivar,,,,,,Cayenne Long Slim,,,,,capsicum annuum,,
cultivar:chape|capsicum_annuum,Cultivar,,,,,,Chape,,,,,capsicum annuum,,
cultivar:chapau_de_bispo_cambuci|capsicum_annuum,Cultivar,,,,,,ChapÃ©u de Bispo Cambuci,,,,,capsicum annuum,,
cultivar:cida_r|capsicum_annuum,Cultivar,,,,,,Cida R,,,,,capsicum annuum,,
cultivar:conrado|capsicum_annuum,Cultivar,,,,,,Conrado,,,,,capsicum annuum,,
cultivar:costeaa|capsicum_annuum,Cultivar,,,,,,CosteÃ±a,,,,,capsicum annuum,,
cultivar:cubanela|capsicum_annuum,Cultivar,,,,,,Cubanela,,,,,capsicum annuum,,
cultivar:dahra_r|capsicum_annuum,Cultivar,,,,,,Dahra R.,,,,,capsicum annuum,,
cultivar:dahra_rx|capsicum_annuum,Cultivar,,,,,,Dahra RX,,,,,capsicum annuum,,
cultivar:damaris|capsicum_annuum,Cultivar,,,,,,Damaris,,,,,capsicum annuum,,
cultivar:dedo_de_moaa|capsicum_annuum,Cultivar,,,,,,Dedo de MoÃ§a,,,,,capsicum annuum,,
cultivar:derick|capsicum_annuum,Cultivar,,,,,,Derick,,,,,capsicum annuum,,
cultivar:dirce_r|capsicum_annuum,Cultivar,,,,,,Dirce R,,,,,capsicum annuum,,
cultivar:doce_comprido_conserva|capsicum_annuum,Cultivar,,,,,,Doce Comprido Conserva,,,,,capsicum annuum,,
cultivar:danamo|capsicum_annuum,Cultivar,,,,,,DÃ­namo,,,,,capsicum annuum,,
cultivar:el_primero|capsicum_annuum,Cultivar,,,,,,El Primero,,,,,capsicum annuum,,
cultivar:emojigreen_yellow|capsicum_annuum,Cultivar,,,,,,Emojigreen Yellow,,,,,capsicum annuum,,
cultivar:floribela|capsicum_annuum,Cultivar,,,,,,Floribela,,,,,capsicum annuum,,
cultivar:fortuna_super|capsicum_annuum,Cultivar,,,,,,Fortuna Super,,,,,capsicum annuum,,
cultivar:gadir|capsicum_annuum,Cultivar,,,,,,Gadir,,,,,capsicum annuum,,
cultivar:gianni|capsicum_annuum,Cultivar,,,,,,Gianni,,,,,capsicum annuum,,
cultivar:gracepurple|capsicum_annuum,Cultivar,,,,,,Gracepurple,,,,,capsicum annuum,,
cultivar:heloasa|capsicum_annuum,Cultivar,,,,,,HeloÃ­sa,,,,,capsicum annuum,,
cultivar:herculano|capsicum_annuum,Cultivar,,,,,,Herculano,,,,,capsicum annuum,,
cultivar:holandino|capsicum_annuum,Cultivar,,,,,,Holandino,,,,,capsicum annuum,,
cultivar:is_956|capsicum_annuum,Cultivar,,,,,,IS 956,,,,,capsicum annuum,,
cultivar:inacio|capsicum_annuum,Cultivar,,,,,,InÃ¡cio,,,,,capsicum annuum,,
cultivar:isabela|capsicum_annuum,Cultivar,,,,,,Isabela,,,,,capsicum annuum,,
cultivar:isadora|capsicum_annuum,Cultivar,,,,,,Isadora,,,,,capsicum annuum,,
cultivar:itapua_501|capsicum_annuum,Cultivar,,,,,,ItapuÃ£ 501,,,,,capsicum annuum,,
cultivar:jaguariuna|capsicum_annuum,Cultivar,,,,,,Jaguariuna,,,,,capsicum annuum,,
cultivar:jassica|capsicum_annuum,Cultivar,,,,,,JÃ©ssica,,,,,capsicum annuum,,
cultivar:kalu|capsicum_annuum,Cultivar,,,,,,Kalu,,,,,capsicum annuum,,
cultivar:loma|capsicum_annuum,Cultivar,,,,,,Loma,,,,,capsicum annuum,,
cultivar:lutero|capsicum_annuum,Cultivar,,,,,,Lutero,,,,,capsicum annuum,,
cultivar:lagia|capsicum_annuum,Cultivar,,,,,,LÃ­gia,,,,,capsicum annuum,,
cultivar:magnata|capsicum_annuum,Cultivar,,,,,,MAGNATA,,,,,capsicum annuum,,
cultivar:magali_r|capsicum_annuum,Cultivar,,,,,,Magali R,,,,,capsicum annuum,,
cultivar:maiara|capsicum_annuum,Cultivar,,,,,,Maiara,,,,,capsicum annuum,,
cultivar:mallorca|capsicum_annuum,Cultivar,,,,,,Mallorca,,,,,capsicum annuum,,
cultivar:malu|capsicum_annuum,Cultivar,,,,,,Malu,,,,,capsicum annuum,,
cultivar:marielle|capsicum_annuum,Cultivar,,,,,,Marielle,,,,,capsicum annuum,,
cultivar:marina|capsicum_annuum,Cultivar,,,,,,Marina,,,,,capsicum annuum,,
cultivar:marli_r|capsicum_annuum,Cultivar,,,,,,Marli R,,,,,capsicum annuum,,
cultivar:marta|capsicum_annuum,Cultivar,,,,,,Marta,,,,,capsicum annuum,,
cultivar:martha_r|capsicum_annuum,Cultivar,,,,,,Martha R,,,,,capsicum annuum,,
cultivar:maxi_king|capsicum_annuum,Cultivar,,,,,,Maxi King,,,,,capsicum annuum,,
cultivar:mayara|capsicum_annuum,Cultivar,,,,,,Mayara,,,,,capsicum annuum,,
cultivar:medina|capsicum_annuum,Cultivar,,,,,,Medina,,,,,capsicum annuum,,
cultivar:melina|capsicum_annuum,Cultivar,,,,,,Melina,,,,,capsicum annuum,,
cultivar:mirella|capsicum_annuum,Cultivar,,,,,,Mirella,,,,,capsicum annuum,,
cultivar:monalisa|capsicum_annuum,Cultivar,,,,,,Monalisa,,,,,capsicum annuum,,
cultivar:moussegreen|capsicum_annuum,Cultivar,,,,,,Moussegreen,,,,,capsicum annuum,,
cultivar:nocaute|capsicum_annuum,Cultivar,,,,,,Nocaute,,,,,capsicum annuum,,
cultivar:pk_025|capsicum_annuum,Cultivar,,,,,,PK 025,,,,,capsicum annuum,,
cultivar:proveito|capsicum_annuum,Cultivar,,,,,,PROVEITO,,,,,capsicum annuum,,
cultivar:peter|capsicum_annuum,Cultivar,,,,,,Peter,,,,,capsicum annuum,,
cultivar:platao|capsicum_annuum,Cultivar,,,,,,PlatÃ£o,,,,,capsicum annuum,,
cultivar:quantum_r|capsicum_annuum,Cultivar,,,,,,Quantum-R,,,,,capsicum annuum,,
cultivar:ramony|capsicum_annuum,Cultivar,,,,,,Ramony,,,,,capsicum annuum,,
cultivar:raptor|capsicum_annuum,Cultivar,,,,,,Raptor,,,,,capsicum annuum,,
cultivar:raquel|capsicum_annuum,Cultivar,,,,,,Raquel,,,,,capsicum annuum,,
cultivar:redonda_para_vaso|capsicum_annuum,Cultivar,,,,,,Redonda para Vaso,,,,,capsicum annuum,,
cultivar:rubi_gigante|capsicum_annuum,Cultivar,,,,,,Rubi Gigante,,,,,capsicum annuum,,
cultivar:rubia_r|capsicum_annuum,Cultivar,,,,,,Rubia R,,,,,capsicum annuum,,
cultivar:sambor|capsicum_annuum,Cultivar,,,,,,Sambor,,,,,capsicum annuum,,
cultivar:sambor_1|capsicum_annuum,Cultivar,,,,,,Sambor 1,,,,,capsicum annuum,,
cultivar:shakira|capsicum_annuum,Cultivar,,,,,,Shakira,,,,,capsicum annuum,,
cultivar:siciliano|capsicum_annuum,Cultivar,,,,,,Siciliano,,,,,capsicum annuum,,
cultivar:silver|capsicum_annuum,Cultivar,,,,,,Silver,,,,,capsicum annuum,,
cultivar:te_300|capsicum_annuum,Cultivar,,,,,,TE 300,,,,,capsicum annuum,,
cultivar:timor|capsicum_annuum,Cultivar,,,,,,TIMOR,,,,,capsicum annuum,,
cultivar:tiberius|capsicum_annuum,Cultivar,,,,,,Tiberius,,,,,capsicum annuum,,
cultivar:vpp_260|capsicum_annuum,Cultivar,,,,,,VPP 260,,,,,capsicum annuum,,
cultivar:vpp_513|capsicum_annuum,Cultivar,,,,,,VPP 513,,,,,capsicum annuum,,
cultivar:vpp_531|capsicum_annuum,Cultivar,,,,,,VPP 531,,,,,capsicum annuum,,
cultivar:vpp_541|capsicum_annuum,Cultivar,,,,,,VPP 541,,,,,capsicum annuum,,
cultivar:vpp_544|capsicum_annuum,Cultivar,,,,,,VPP 544,,,,,capsicum annuum,,
cultivar:vpp_558|capsicum_annuum,Cultivar,,,,,,VPP 558,,,,,capsicum annuum,,
cultivar:vpp_593|capsicum_annuum,Cultivar,,,,,,VPP 593,,,,,capsicum annuum,,
cultivar:vpp_594|capsicum_annuum,Cultivar,,,,,,VPP 594,,,,,capsicum annuum,,
cultivar:vpp_617|capsicum_annuum,Cultivar,,,,,,VPP 617,,,,,capsicum annuum,,
cultivar:vpp_650|capsicum_annuum,Cultivar,,,,,,VPP 650,,,,,capsicum annuum,,
cultivar:vpp_662|capsicum_annuum,Cultivar,,,,,,VPP 662,,,,,capsicum annuum,,
cultivar:vpp_685|capsicum_annuum,Cultivar,,,,,,VPP 685,,,,,capsicum annuum,,
cultivar:vpp_692|capsicum_annuum,Cultivar,,,,,,VPP 692,,,,,capsicum annuum,,
cultivar:vpp_693|capsicum_annuum,Cultivar,,,,,,VPP 693,,,,,capsicum annuum,,
cultivar:vpp_698|capsicum_annuum,Cultivar,,,,,,VPP 698,,,,,capsicum annuum,,
cultivar:vpp_700|capsicum_annuum,Cultivar,,,,,,VPP 700,,,,,capsicum annuum,,
cultivar:vpp_705|capsicum_annuum,Cultivar,,,,,,VPP 705,,,,,capsicum annuum,,
cultivar:vpp_715|capsicum_annuum,Cultivar,,,,,,VPP 715,,,,,capsicum annuum,,
cultivar:vpp_724|capsicum_annuum,Cultivar,,,,,,VPP 724,,,,,capsicum annuum,,
cultivar:vpp_762|capsicum_annuum,Cultivar,,,,,,VPP 762,,,,,capsicum annuum,,
cultivar:vpp044|capsicum_annuum,Cultivar,,,,,,VPP044,,,,,capsicum annuum,,
cultivar:vpp504|capsicum_annuum,Cultivar,,,,,,VPP504,,,,,capsicum annuum,,
cultivar:vpp568|capsicum_annuum,Cultivar,,,,,,VPP568,,,,,capsicum annuum,,
cultivar:vpp636|capsicum_annuum,Cultivar,,,,,,VPP636,,,,,capsicum annuum,,
cultivar:vpp670|capsicum_annuum,Cultivar,,,,,,VPP670,,,,,capsicum annuum,,
cultivar:vpp717|capsicum_annuum,Cultivar,,,,,,VPP717,,,,,capsicum annuum,,
cultivar:vpp719|capsicum_annuum,Cultivar,,,,,,VPP719,,,,,capsicum annuum,,
cultivar:vpp720|capsicum_annuum,Cultivar,,,,,,VPP720,,,,,capsicum annuum,,
cultivar:vpp723|capsicum_annuum,Cultivar,,,,,,VPP723,,,,,capsicum annuum,,
cultivar:vpp726|capsicum_annuum,Cultivar,,,,,,VPP726,,,,,capsicum annuum,,
cultivar:vpp729|capsicum_annuum,Cultivar,,,,,,VPP729,,,,,capsicum annuum,,
cultivar:vpp754|capsicum_annuum,Cultivar,,,,,,VPP754,,,,,capsicum annuum,,
cultivar:vpp757|capsicum_annuum,Cultivar,,,,,,VPP757,,,,,capsicum annuum,,
cultivar:vpp766|capsicum_annuum,Cultivar,,,,,,VPP766,,,,,capsicum annuum,,
cultivar:vpp767|capsicum_annuum,Cultivar,,,,,,VPP767,,,,,capsicum annuum,,
cultivar:vpp768|capsicum_annuum,Cultivar,,,,,,VPP768,,,,,capsicum annuum,,
cultivar:vpp773|capsicum_annuum,Cultivar,,,,,,VPP773,,,,,capsicum annuum,,
cultivar:vpp775|capsicum_annuum,Cultivar,,,,,,VPP775,,,,,capsicum annuum,,
cultivar:vpp779|capsicum_annuum,Cultivar,,,,,,VPP779,,,,,capsicum annuum,,
cultivar:vpp784|capsicum_annuum,Cultivar,,,,,,VPP784,,,,,capsicum annuum,,
cultivar:vpp785|capsicum_annuum,Cultivar,,,,,,VPP785,,,,,capsicum annuum,,
cultivar:vpp789|capsicum_annuum,Cultivar,,,,,,VPP789,,,,,capsicum annuum,,
cultivar:vpp791|capsicum_annuum,Cultivar,,,,,,VPP791,,,,,capsicum annuum,,
cultivar:vpp802|capsicum_annuum,Cultivar,,,,,,VPP802,,,,,capsicum annuum,,
cultivar:vpp806|capsicum_annuum,Cultivar,,,,,,VPP806,,,,,capsicum annuum,,
cultivar:vpp807|capsicum_annuum,Cultivar,,,,,,VPP807,,,,,capsicum annuum,,
cultivar:vpp808|capsicum_annuum,Cultivar,,,,,,VPP808,,,,,capsicum annuum,,
cultivar:vpp815|capsicum_annuum,Cultivar,,,,,,VPP815,,,,,capsicum annuum,,
cultivar:vpp816|capsicum_annuum,Cultivar,,,,,,VPP816,,,,,capsicum annuum,,
cultivar:vpp817|capsicum_annuum,Cultivar,,,,,,VPP817,,,,,capsicum annuum,,
cultivar:vpp818|capsicum_annuum,Cultivar,,,,,,VPP818,,,,,capsicum annuum,,
cultivar:vpp841|capsicum_annuum,Cultivar,,,,,,VPP841,,,,,capsicum annuum,,
cultivar:vpp845|capsicum_annuum,Cultivar,,,,,,VPP845,,,,,capsicum annuum,,
cultivar:vpp846|capsicum_annuum,Cultivar,,,,,,VPP846,,,,,capsicum annuum,,
cultivar:vpp853|capsicum_annuum,Cultivar,,,,,,VPP853,,,,,capsicum annuum,,
cultivar:vpp863|capsicum_annuum,Cultivar,,,,,,VPP863,,,,,capsicum annuum,,
cultivar:vpp864|capsicum_annuum,Cultivar,,,,,,VPP864,,,,,capsicum annuum,,
cultivar:vpp865|capsicum_annuum,Cultivar,,,,,,VPP865,,,,,capsicum annuum,,
cultivar:valentina|capsicum_annuum,Cultivar,,,,,,Valentina,,,,,capsicum annuum,,
cultivar:vermelho|capsicum_annuum,Cultivar,,,,,,Vermelho,,,,,capsicum annuum,,
cultivar:voraz|capsicum_annuum,Cultivar,,,,,,Voraz,,,,,capsicum annuum,,
cultivar:wallace|capsicum_annuum,Cultivar,,,,,,Wallace,,,,,capsicum annuum,,
cultivar:wonka|capsicum_annuum,Cultivar,,,,,,Wonka,,,,,capsicum annuum,,
cultivar:yolo_wonder|capsicum_annuum,Cultivar,,,,,,Yolo Wonder,,,,,capsicum annuum,,
cultivar:ario|capsicum_annuum,Cultivar,,,,,,ÃRIO,,,,,capsicum annuum,,
cultivar:brs_sarakura|capsicum_annuum,Cultivar,,,,,,BRS Sarakura,,,,,capsicum annuum,,
cultivar:doce_italiana|capsicum_annuum,Cultivar,,,,,,Doce Italiana,,,,,capsicum annuum,,
cultivar:ht_32|capsicum_annuum,Cultivar,,,,,,HT 32,,,,,capsicum annuum,,
cultivar:ht_84|capsicum_annuum,Cultivar,,,,,,HT 84,,,,,capsicum annuum,,
cultivar:ht90|capsicum_annuum,Cultivar,,,,,,HT90,,,,,capsicum annuum,,
cultivar:jalapeno_m|capsicum_annuum,Cultivar,,,,,,Jalapeno M,,,,,capsicum annuum,,
cultivar:maisa|capsicum_annuum,Cultivar,,,,,,Maisa,,,,,capsicum annuum,,
cultivar:meire|capsicum_annuum,Cultivar,,,,,,Meire,,,,,capsicum annuum,,
cultivar:mirvana|capsicum_annuum,Cultivar,,,,,,Mirvana,,,,,capsicum annuum,,
cultivar:nalva|capsicum_annuum,Cultivar,,,,,,Nalva,,,,,capsicum annuum,,
species:capsicum_chinense,Species,,,,,,,,,capsicum chinense,Capsicum chinense Jacq.,,,
cultivar:aimora|capsicum_chinense,Cultivar,,,,,,AimorÃ©,,,,,capsicum chinense,,
cultivar:airetama|capsicum_chinense,Cultivar,,,,,,Airetama,,,,,capsicum chinense,,
cultivar:arara|capsicum_chinense,Cultivar,,,,,,Arara,,,,,capsicum chinense,,
cultivar:arari|capsicum_chinense,Cultivar,,,,,,Arari,,,,,capsicum chinense,,
cultivar:brs_araaari|capsicum_chinense,Cultivar,,,,,,BRS AraÃ§ari,,,,,capsicum chinense,,
cultivar:brs_biguatinga|capsicum_chinense,Cultivar,,,,,,BRS Biguatinga,,,,,capsicum chinense,,
cultivar:brs_juruti|capsicum_chinense,Cultivar,,,,,,BRS Juruti,,,,,capsicum chinense,,
cultivar:brs_moema|capsicum_chinense,Cultivar,,,,,,BRS Moema,,,,,capsicum chinense,,
cultivar:brs_nandaia|capsicum_chinense,Cultivar,,,,,,BRS Nandaia,,,,,capsicum chinense,,
cultivar:brs_seriema|capsicum_chinense,Cultivar,,,,,,BRS Seriema,,,,,capsicum chinense,,
cultivar:brs_tui|capsicum_chinense,Cultivar,,,,,,BRS Tui,,,,,capsicum chinense,,
cultivar:bico|capsicum_chinense,Cultivar,,,,,,Bico,,,,,capsicum chinense,,
cultivar:biquinho|capsicum_chinense,Cultivar,,,,,,Biquinho,,,,,capsicum chinense,,
cultivar:boyra|capsicum_chinense,Cultivar,,,,,,BoyrÃ¡,,,,,capsicum chinense,,
cultivar:caribean_red_habanero|capsicum_chinense,Cultivar,,,,,,Caribean Red Habanero,,,,,capsicum chinense,,
cultivar:caribean_yellow_habanero|capsicum_chinense,Cultivar,,,,,,Caribean Yellow Habanero,,,,,capsicum chinense,,
cultivar:cascavel|capsicum_chinense,Cultivar,,,,,,Cascavel,,,,,capsicum chinense,,
cultivar:cowboy|capsicum_chinense,Cultivar,,,,,,Cowboy,,,,,capsicum chinense,,
cultivar:cumari_do_para|capsicum_chinense,Cultivar,,,,,,Cumari do ParÃ¡,,,,,capsicum chinense,,
cultivar:dandara|capsicum_chinense,Cultivar,,,,,,Dandara,,,,,capsicum chinense,,
cultivar:delta_king|capsicum_chinense,Cultivar,,,,,,Delta King,,,,,capsicum chinense,,
cultivar:habanero_amarelo_caribenho|capsicum_chinense,Cultivar,,,,,,Habanero amarelo caribenho,,,,,capsicum chinense,,
cultivar:iracema|capsicum_chinense,Cultivar,,,,,,Iracema,,,,,capsicum chinense,,
cultivar:itagiba|capsicum_chinense,Cultivar,,,,,,Itagiba,,,,,capsicum chinense,,
cultivar:jamaican_yellow|capsicum_chinense,Cultivar,,,,,,Jamaican Yellow,,,,,capsicum chinense,,
cultivar:lupita|capsicum_chinense,Cultivar,,,,,,Lupita,,,,,capsicum chinense,,
cultivar:miguelita|capsicum_chinense,Cultivar,,,,,,MIGUELITA,,,,,capsicum chinense,,
cultivar:maria_bonita|capsicum_chinense,Cultivar,,,,,,Maria Bonita,,,,,capsicum chinense,,
cultivar:moruga_red|capsicum_chinense,Cultivar,,,,,,Moruga Red,,,,,capsicum chinense,,
cultivar:murupi|capsicum_chinense,Cultivar,,,,,,Murupi,,,,,capsicum chinense,,
cultivar:nuclear|capsicum_chinense,Cultivar,,,,,,Nuclear,,,,,capsicum chinense,,
cultivar:ouro|capsicum_chinense,Cultivar,,,,,,Ouro,,,,,capsicum chinense,,
cultivar:pc_120|capsicum_chinense,Cultivar,,,,,,PC 120,,,,,capsicum chinense,,
cultivar:pc_400|capsicum_chinense,Cultivar,,,,,,PC 400,,,,,capsicum chinense,,
cultivar:pi_145|capsicum_chinense,Cultivar,,,,,,PI 145,,,,,capsicum chinense,,
cultivar:pi_200|capsicum_chinense,Cultivar,,,,,,PI 200,,,,,capsicum chinense,,
cultivar:pi_380|capsicum_chinense,Cultivar,,,,,,PI 380,,,,,capsicum chinense,,
cultivar:pi_670|capsicum_chinense,Cultivar,,,,,,PI 670,,,,,capsicum chinense,,
cultivar:pi_780|capsicum_chinense,Cultivar,,,,,,PI 780,,,,,capsicum chinense,,
cultivar:pi_782|capsicum_chinense,Cultivar,,,,,,PI 782,,,,,capsicum chinense,,
cultivar:piaozinho|capsicum_chinense,Cultivar,,,,,,PiÃ£ozinho,,,,,capsicum chinense,,
cultivar:rayana|capsicum_chinense,Cultivar,,,,,,Rayana,,,,,capsicum chinense,,
cultivar:salar|capsicum_chinense,Cultivar,,,,,,Salar,,,,,capsicum chinense,,
cultivar:sasha|capsicum_chinense,Cultivar,,,,,,Sasha,,,,,capsicum chinense,,
cultivar:scotch_bonnet_jamaica|capsicum_chinense,Cultivar,,,,,,Scotch Bonnet Jamaica,,,,,capsicum chinense,,
cultivar:tpc_20306|capsicum_chinense,Cultivar,,,,,,TPC 20306,,,,,capsicum chinense,,
cultivar:tpr_22799|capsicum_chinense,Cultivar,,,,,,TPR 22799,,,,,capsicum chinense,,
cultivar:tpr_22800|capsicum_chinense,Cultivar,,,,,,TPR 22800,,,,,capsicum chinense,,
cultivar:tpr_22801|capsicum_chinense,Cultivar,,,,,,TPR 22801,,,,,capsicum chinense,,
cultivar:tpr_22802|capsicum_chinense,Cultivar,,,,,,TPR 22802,,,,,capsicum chinense,,
cultivar:tsa|capsicum_chinense,Cultivar,,,,,,TSA,,,,,capsicum chinense,,
cultivar:tsba|capsicum_chinense,Cultivar,,,,,,TSBA,,,,,capsicum chinense,,
cultivar:tsbj|capsicum_chinense,Cultivar,,,,,,TSBJ,,,,,capsicum chinense,,
cultivar:tshc|capsicum_chinense,Cultivar,,,,,,TSHC,,,,,capsicum chinense,,
cultivar:tsho|capsicum_chinense,Cultivar,,,,,,TSHO,,,,,capsicum chinense,,
cultivar:tshrg|capsicum_chinense,Cultivar,,,,,,TSHRG,,,,,capsicum chinense,,
cultivar:tshw|capsicum_chinense,Cultivar,,,,,,TSHW,,,,,capsicum chinense,,
cultivar:tsjr|capsicum_chinense,Cultivar,,,,,,TSJR,,,,,capsicum chinense,,
cultivar:tsp|capsicum_chinense,Cultivar,,,,,,TSP,,,,,capsicum chinense,,
cultivar:tsv|capsicum_chinense,Cultivar,,,,,,TSV,,,,,capsicum chinense,,
cultivar:tekila|capsicum_chinense,Cultivar,,,,,,Tekila,,,,,capsicum chinense,,
cultivar:tiana|capsicum_chinense,Cultivar,,,,,,Tiana,,,,,capsicum chinense,,
cultivar:tupa|capsicum_chinense,Cultivar,,,,,,TupÃ£,,,,,capsicum chinense,,
cultivar:urutu|capsicum_chinense,Cultivar,,,,,,Urutu,,,,,capsicum chinense,,
cultivar:valesca|capsicum_chinense,Cultivar,,,,,,VALESCA,,,,,capsicum chinense,,
cultivar:vergara|capsicum_chinense,Cultivar,,,,,,Vergara,,,,,capsicum chinense,,
species:capsicum_frutescens,Species,,,,,,,,,capsicum frutescens,Capsicum frutescens L.,,,
cultivar:avr|capsicum_frutescens,Cultivar,,,,,,AVR,,,,,capsicum frutescens,,
cultivar:acemira|capsicum_frutescens,Cultivar,,,,,,Acemira,,,,,capsicum frutescens,,
cultivar:aruana|capsicum_frutescens,Cultivar,,,,,,Aruana,,,,,capsicum frutescens,,
cultivar:bico|capsicum_frutescens,Cultivar,,,,,,Bico,,,,,capsicum frutescens,,
cultivar:cayenne_long_slin|capsicum_frutescens,Cultivar,,,,,,Cayenne Long Slin,,,,,capsicum frutescens,,
cultivar:chapeu_de_bispo_cambuci|capsicum_frutescens,Cultivar,,,,,,Chapeu de Bispo (Cambuci),,,,,capsicum frutescens,,
cultivar:chapau_de_bispo|capsicum_frutescens,Cultivar,,,,,,ChapÃ©u de Bispo,,,,,capsicum frutescens,,
cultivar:de_cayenne|capsicum_frutescens,Cultivar,,,,,,De Cayenne,,,,,capsicum frutescens,,
cultivar:de_cheiro|capsicum_frutescens,Cultivar,,,,,,De Cheiro,,,,,capsicum frutescens,,
cultivar:dedo_de_moaa|capsicum_frutescens,Cultivar,,,,,,Dedo de MoÃ§a,,,,,capsicum frutescens,,
cultivar:espaguetinho|capsicum_frutescens,Cultivar,,,,,,Espaguetinho,,,,,capsicum frutescens,,
cultivar:guadalajara|capsicum_frutescens,Cultivar,,,,,,Guadalajara,,,,,capsicum frutescens,,
cultivar:is_964|capsicum_frutescens,Cultivar,,,,,,IS 964,,,,,capsicum frutescens,,
cultivar:iberaba|capsicum_frutescens,Cultivar,,,,,,Iberaba,,,,,capsicum frutescens,,
cultivar:jalapeao|capsicum_frutescens,Cultivar,,,,,,JalapeÃ±o,,,,,capsicum frutescens,,
cultivar:juraci|capsicum_frutescens,Cultivar,,,,,,Juraci,,,,,capsicum frutescens,,
cultivar:luna|capsicum_frutescens,Cultivar,,,,,,Luna,,,,,capsicum frutescens,,
cultivar:malagueta|capsicum_frutescens,Cultivar,,,,,,Malagueta,,,,,capsicum frutescens,,
cultivar:malaguetinha|capsicum_frutescens,Cultivar,,,,,,Malaguetinha,,,,,capsicum frutescens,,
cultivar:picante_para_vaso|capsicum_frutescens,Cultivar,,,,,,Picante para Vaso,,,,,capsicum frutescens,,
cultivar:rba|capsicum_frutescens,Cultivar,,,,,,RBA,,,,,capsicum frutescens,,
cultivar:red_ksf|capsicum_frutescens,Cultivar,,,,,,RED KSF,,,,,capsicum frutescens,,
cultivar:red_ats_gs|capsicum_frutescens,Cultivar,,,,,,Red ATS GS,,,,,capsicum frutescens,,
cultivar:tpr_22803|capsicum_frutescens,Cultivar,,,,,,TPR 22803,,,,,capsicum frutescens,,
cultivar:tabasco|capsicum_frutescens,Cultivar,,,,,,Tabasco,,,,,capsicum frutescens,,
cultivar:vulcao|capsicum_frutescens,Cultivar,,,,,,VulcÃ£o,,,,,capsicum frutescens,,
cultivar:yellow_gs|capsicum_frutescens,Cultivar,,,,,,Yellow GS,,,,,capsicum frutescens,,
species:citrullus_lanatus,Species,,,,,,,,,citrullus lanatus,Citrullus lanatus (Thunb.) Matsum et Nakai,,,
cultivar:af1003|citrullus_lanatus,Cultivar,,,,,,AF1003,,,,,citrullus lanatus,,
cultivar:af383|citrullus_lanatus,Cultivar,,,,,,AF383,,,,,citrullus lanatus,,
cultivar:af498|citrullus_lanatus,Cultivar,,,,,,AF498,,,,,citrullus lanatus,,
cultivar:af501|citrullus_lanatus,Cultivar,,,,,,AF501,,,,,citrullus lanatus,,
cultivar:af502|citrullus_lanatus,Cultivar,,,,,,AF502,,,,,citrullus lanatus,,
cultivar:af503|citrullus_lanatus,Cultivar,,,,,,AF503,,,,,citrullus lanatus,,
cultivar:af506|citrullus_lanatus,Cultivar,,,,,,AF506,,,,,citrullus lanatus,,
cultivar:af570|citrullus_lanatus,Cultivar,,,,,,AF570,,,,,citrullus lanatus,,
cultivar:af583|citrullus_lanatus,Cultivar,,,,,,AF583,,,,,citrullus lanatus,,
cultivar:cs_024|citrullus_lanatus,Cultivar,,,,,,CS 024,,,,,citrullus lanatus,,
cultivar:capitol|citrullus_lanatus,Cultivar,,,,,,Capitol,,,,,citrullus lanatus,,
cultivar:charleston_gray|citrullus_lanatus,Cultivar,,,,,,Charleston Gray,,,,,citrullus lanatus,,
cultivar:congo|citrullus_lanatus,Cultivar,,,,,,Congo,,,,,citrullus lanatus,,
cultivar:crimson_select_plus|citrullus_lanatus,Cultivar,,,,,,Crimson Select Plus,,,,,citrullus lanatus,,
cultivar:crimson_sweet|citrullus_lanatus,Cultivar,,,,,,Crimson Sweet,,,,,citrullus lanatus,,
cultivar:crinsom_sweet_ptu|citrullus_lanatus,Cultivar,,,,,,Crinsom Sweet PTU,,,,,citrullus lanatus,,
cultivar:delicia|citrullus_lanatus,Cultivar,,,,,,Delicia,,,,,citrullus lanatus,,
region:mt,Region,,,,,,,,,,,,MT,Brasil
cultivar:elisa|citrullus_lanatus,Cultivar,,,,,,Elisa,,,,,citrullus lanatus,,
cultivar:estona|citrullus_lanatus,Cultivar,,,,,,Estona,,,,,citrullus lanatus,,
cultivar:fairfax|citrullus_lanatus,Cultivar,,,,,,FairFax,,,,,citrullus lanatus,,
cultivar:galapagos|citrullus_lanatus,Cultivar,,,,,,GalÃ¡pagos,,,,,citrullus lanatus,,
cultivar:granada|citrullus_lanatus,Cultivar,,,,,,Granada,,,,,citrullus lanatus,,
cultivar:jubilee|citrullus_lanatus,Cultivar,,,,,,Jubilee,,,,,citrullus lanatus,,
region:to,Region,,,,,,,,,,,,TO,Brasil
cultivar:laranja_tendersweet|citrullus_lanatus,Cultivar,,,,,,Laranja Tendersweet,,,,,citrullus lanatus,,
cultivar:leona|citrullus_lanatus,Cultivar,,,,,,Leona,,,,,citrullus lanatus,,
cultivar:luar|citrullus_lanatus,Cultivar,,,,,,Luar,,,,,citrullus lanatus,,
cultivar:monteza|citrullus_lanatus,Cultivar,,,,,,MONTEZA,,,,,citrullus lanatus,,
cultivar:n_161|citrullus_lanatus,Cultivar,,,,,,N 161,,,,,citrullus lanatus,,
cultivar:olampia|citrullus_lanatus,Cultivar,,,,,,OlÃ­mpia,,,,,citrullus lanatus,,
region:ce,Region,,,,,,,,,,,,CE,Brasil
cultivar:omaru_yamato|citrullus_lanatus,Cultivar,,,,,,Omaru Yamato,,,,,citrullus lanatus,,
cultivar:poleset|citrullus_lanatus,Cultivar,,,,,,POLESET,,,,,citrullus lanatus,,
cultivar:paladin|citrullus_lanatus,Cultivar,,,,,,Paladin,,,,,citrullus lanatus,,
cultivar:parola|citrullus_lanatus,Cultivar,,,,,,PÃ©rola,,,,,citrullus lanatus,,
cultivar:rochedo|citrullus_lanatus,Cultivar,,,,,,Rochedo,,,,,citrullus lanatus,,
cultivar:scv_1111|citrullus_lanatus,Cultivar,,,,,,SCV 1111,,,,,citrullus lanatus,,
cultivar:scv_1416|citrullus_lanatus,Cultivar,,,,,,SCV 1416,,,,,citrullus lanatus,,
cultivar:santa_helena|citrullus_lanatus,Cultivar,,,,,,Santa Helena,,,,,citrullus lanatus,,
cultivar:star_red|citrullus_lanatus,Cultivar,,,,,,Star Red,,,,,citrullus lanatus,,
cultivar:vwm_533|citrullus_lanatus,Cultivar,,,,,,VWM 533,,,,,citrullus lanatus,,
cultivar:vwm_556|citrullus_lanatus,Cultivar,,,,,,VWM 556,,,,,citrullus lanatus,,
cultivar:vwm_566|citrullus_lanatus,Cultivar,,,,,,VWM 566,,,,,citrullus lanatus,,
cultivar:vwm_581|citrullus_lanatus,Cultivar,,,,,,VWM 581,,,,,citrullus lanatus,,
cultivar:vwm_585|citrullus_lanatus,Cultivar,,,,,,VWM 585,,,,,citrullus lanatus,,
cultivar:vwm_591|citrullus_lanatus,Cultivar,,,,,,VWM 591,,,,,citrullus lanatus,,
cultivar:vwm_592|citrullus_lanatus,Cultivar,,,,,,VWM 592,,,,,citrullus lanatus,,
cultivar:vwm_599|citrullus_lanatus,Cultivar,,,,,,VWM 599,,,,,citrullus lanatus,,
cultivar:vwm_606|citrullus_lanatus,Cultivar,,,,,,VWM 606,,,,,citrullus lanatus,,
cultivar:vwm_610|citrullus_lanatus,Cultivar,,,,,,VWM 610,,,,,citrullus lanatus,,
cultivar:vwm_612|citrullus_lanatus,Cultivar,,,,,,VWM 612,,,,,citrullus lanatus,,
cultivar:vwm_616|citrullus_lanatus,Cultivar,,,,,,VWM 616,,,,,citrullus lanatus,,
cultivar:vwm_617|citrullus_lanatus,Cultivar,,,,,,VWM 617,,,,,citrullus lanatus,,
cultivar:vwm_618|citrullus_lanatus,Cultivar,,,,,,VWM 618,,,,,citrullus lanatus,,
cultivar:vwm_619|citrullus_lanatus,Cultivar,,,,,,VWM 619,,,,,citrullus lanatus,,
cultivar:vwm_622|citrullus_lanatus,Cultivar,,,,,,VWM 622,,,,,citrullus lanatus,,
cultivar:vwm_625|citrullus_lanatus,Cultivar,,,,,,VWM 625,,,,,citrullus lanatus,,
cultivar:vwm_626|citrullus_lanatus,Cultivar,,,,,,VWM 626,,,,,citrullus lanatus,,
cultivar:vwm_627|citrullus_lanatus,Cultivar,,,,,,VWM 627,,,,,citrullus lanatus,,
cultivar:vwm_631|citrullus_lanatus,Cultivar,,,,,,VWM 631,,,,,citrullus lanatus,,
cultivar:vwm185g|citrullus_lanatus,Cultivar,,,,,,VWM185G,,,,,citrullus lanatus,,
cultivar:vwm186g|citrullus_lanatus,Cultivar,,,,,,VWM186G,,,,,citrullus lanatus,,
cultivar:vwm604|citrullus_lanatus,Cultivar,,,,,,VWM604,,,,,citrullus lanatus,,
cultivar:vwm611|citrullus_lanatus,Cultivar,,,,,,VWM611,,,,,citrullus lanatus,,
cultivar:vwm621|citrullus_lanatus,Cultivar,,,,,,VWM621,,,,,citrullus lanatus,,
cultivar:vwm650|citrullus_lanatus,Cultivar,,,,,,VWM650,,,,,citrullus lanatus,,
cultivar:vwm651|citrullus_lanatus,Cultivar,,,,,,VWM651,,,,,citrullus lanatus,,
cultivar:vwm652|citrullus_lanatus,Cultivar,,,,,,VWM652,,,,,citrullus lanatus,,
cultivar:vwm654|citrullus_lanatus,Cultivar,,,,,,VWM654,,,,,citrullus lanatus,,
cultivar:vwm657|citrullus_lanatus,Cultivar,,,,,,VWM657,,,,,citrullus lanatus,,
cultivar:verena|citrullus_lanatus,Cultivar,,,,,,Verena,,,,,citrullus lanatus,,
cultivar:vivian|citrullus_lanatus,Cultivar,,,,,,Vivian,,,,,citrullus lanatus,,
cultivar:wdl0149|citrullus_lanatus,Cultivar,,,,,,WDL0149,,,,,citrullus lanatus,,
species:coriandrum_sativum,Species,,,,,,,,,coriandrum sativum,Coriandrum sativum L.,,,
cultivar:almeria|coriandrum_sativum,Cultivar,,,,,,Almeria,,,,,coriandrum sativum,,
cultivar:americano_gigante|coriandrum_sativum,Cultivar,,,,,,Americano Gigante,,,,,coriandrum sativum,,
cultivar:chivas|coriandrum_sativum,Cultivar,,,,,,CHIVAS,,,,,coriandrum sativum,,
cultivar:faraa3|coriandrum_sativum,Cultivar,,,,,,FaraÃ³,,,,,coriandrum sativum,,
cultivar:frevo|coriandrum_sativum,Cultivar,,,,,,Frevo,,,,,coriandrum sativum,,
cultivar:guarani|coriandrum_sativum,Cultivar,,,,,,Guarani,,,,,coriandrum sativum,,
cultivar:htv_dom_luiz|coriandrum_sativum,Cultivar,,,,,,HTV Dom Luiz,,,,,coriandrum sativum,,
cultivar:is_104|coriandrum_sativum,Cultivar,,,,,,IS 104,,,,,coriandrum sativum,,
cultivar:is_106|coriandrum_sativum,Cultivar,,,,,,IS 106,,,,,coriandrum sativum,,
cultivar:mana|coriandrum_sativum,Cultivar,,,,,,ManÃ¡,,,,,coriandrum sativum,,
cultivar:muqueca|coriandrum_sativum,Cultivar,,,,,,Muqueca,,,,,coriandrum sativum,,
cultivar:nacional_palmeira|coriandrum_sativum,Cultivar,,,,,,Nacional Palmeira,,,,,coriandrum sativum,,
cultivar:ouro|coriandrum_sativum,Cultivar,,,,,,Ouro,,,,,coriandrum sativum,,
cultivar:pacafico|coriandrum_sativum,Cultivar,,,,,,PacÃ­fico,,,,,coriandrum sativum,,
cultivar:performer|coriandrum_sativum,Cultivar,,,,,,Performer,,,,,coriandrum sativum,,
cultivar:portuguaas|coriandrum_sativum,Cultivar,,,,,,PortuguÃªs,,,,,coriandrum sativum,,
cultivar:rei|coriandrum_sativum,Cultivar,,,,,,Rei,,,,,coriandrum sativum,,
cultivar:salgueiro|coriandrum_sativum,Cultivar,,,,,,Salgueiro,,,,,coriandrum sativum,,
cultivar:santo|coriandrum_sativum,Cultivar,,,,,,Santo,,,,,coriandrum sativum,,
cultivar:super_verdao|coriandrum_sativum,Cultivar,,,,,,Super VerdÃ£o,,,,,coriandrum sativum,,
cultivar:tabocas|coriandrum_sativum,Cultivar,,,,,,Tabocas,,,,,coriandrum sativum,,
cultivar:tapacura|coriandrum_sativum,Cultivar,,,,,,TapacurÃ¡,,,,,coriandrum sativum,,
cultivar:tornado|coriandrum_sativum,Cultivar,,,,,,Tornado,,,,,coriandrum sativum,,
cultivar:verdao_ht|coriandrum_sativum,Cultivar,,,,,,Verdao HT,,,,,coriandrum sativum,,
cultivar:verdao|coriandrum_sativum,Cultivar,,,,,,VerdÃ£o,,,,,coriandrum sativum,,
cultivar:verdao_sf_177|coriandrum_sativum,Cultivar,,,,,,VerdÃ£o SF 177,,,,,coriandrum sativum,,
species:cucumis_anguria,Species,,,,,,,,,cucumis anguria,Cucumis anguria L.,,,
cultivar:caipira|cucumis_anguria,Cultivar,,,,,,Caipira,,,,,cucumis anguria,,
cultivar:comum|cucumis_anguria,Cultivar,,,,,,Comum,,,,,cucumis anguria,,
cultivar:do_norte|cucumis_anguria,Cultivar,,,,,,Do Norte,,,,,cucumis anguria,,
cultivar:gibao|cucumis_anguria,Cultivar,,,,,,GibÃ£o,,,,,cucumis anguria,,
cultivar:ht_102|cucumis_anguria,Cultivar,,,,,,HT 102,,,,,cucumis anguria,,
cultivar:jaiba|cucumis_anguria,Cultivar,,,,,,Jaiba,,,,,cucumis anguria,,
cultivar:liso_calcuta|cucumis_anguria,Cultivar,,,,,,Liso CalcutÃ¡,,,,,cucumis anguria,,
cultivar:maxixe|cucumis_anguria,Cultivar,,,,,,Maxixe,,,,,cucumis anguria,,
cultivar:nordestino|cucumis_anguria,Cultivar,,,,,,Nordestino,,,,,cucumis anguria,,
species:cucumis_melo,Species,,,,,,,,,cucumis melo,Cucumis melo L.,,,
cultivar:af_12629|cucumis_melo,Cultivar,,,,,,AF 12629,,,,,cucumis melo,,
cultivar:af1002|cucumis_melo,Cultivar,,,,,,AF1002,,,,,cucumis melo,,
cultivar:af1013|cucumis_melo,Cultivar,,,,,,AF1013,,,,,cucumis melo,,
cultivar:af1034|cucumis_melo,Cultivar,,,,,,AF1034,,,,,cucumis melo,,
cultivar:af13383|cucumis_melo,Cultivar,,,,,,AF13383,,,,,cucumis melo,,
cultivar:af14517|cucumis_melo,Cultivar,,,,,,AF14517,,,,,cucumis melo,,
cultivar:af14710|cucumis_melo,Cultivar,,,,,,AF14710,,,,,cucumis melo,,
cultivar:af15721|cucumis_melo,Cultivar,,,,,,AF15721,,,,,cucumis melo,,
cultivar:af15883|cucumis_melo,Cultivar,,,,,,AF15883,,,,,cucumis melo,,
cultivar:af15911|cucumis_melo,Cultivar,,,,,,AF15911,,,,,cucumis melo,,
cultivar:af16265|cucumis_melo,Cultivar,,,,,,AF16265,,,,,cucumis melo,,
cultivar:af17718|cucumis_melo,Cultivar,,,,,,AF17718,,,,,cucumis melo,,
cultivar:af17753|cucumis_melo,Cultivar,,,,,,AF17753,,,,,cucumis melo,,
cultivar:af19013|cucumis_melo,Cultivar,,,,,,AF19013,,,,,cucumis melo,,
cultivar:af19485|cucumis_melo,Cultivar,,,,,,AF19485,,,,,cucumis melo,,
cultivar:af19497|cucumis_melo,Cultivar,,,,,,AF19497,,,,,cucumis melo,,
cultivar:af202050|cucumis_melo,Cultivar,,,,,,AF202050,,,,,cucumis melo,,
cultivar:af202065|cucumis_melo,Cultivar,,,,,,AF202065,,,,,cucumis melo,,
cultivar:af22483|cucumis_melo,Cultivar,,,,,,AF22483,,,,,cucumis melo,,
cultivar:af22545|cucumis_melo,Cultivar,,,,,,AF22545,,,,,cucumis melo,,
cultivar:af22731|cucumis_melo,Cultivar,,,,,,AF22731,,,,,cucumis melo,,
cultivar:af22788|cucumis_melo,Cultivar,,,,,,AF22788,,,,,cucumis melo,,
cultivar:af23329|cucumis_melo,Cultivar,,,,,,AF23329,,,,,cucumis melo,,
cultivar:af23330|cucumis_melo,Cultivar,,,,,,AF23330,,,,,cucumis melo,,
cultivar:af26664|cucumis_melo,Cultivar,,,,,,AF26664,,,,,cucumis melo,,
cultivar:amarelo_n|cucumis_melo,Cultivar,,,,,,AMARELO N,,,,,cucumis melo,,
cultivar:amarelo|cucumis_melo,Cultivar,,,,,,Amarelo,,,,,cucumis melo,,
cultivar:asturia|cucumis_melo,Cultivar,,,,,,Asturia,,,,,cucumis melo,,
cultivar:brs_anton|cucumis_melo,Cultivar,,,,,,BRS Anton,,,,,cucumis melo,,
cultivar:brs_araguaia|cucumis_melo,Cultivar,,,,,,BRS Araguaia,,,,,cucumis melo,,
cultivar:caipira|cucumis_melo,Cultivar,,,,,,Caipira,,,,,cucumis melo,,
cultivar:caipira_gaaocho|cucumis_melo,Cultivar,,,,,,Caipira (GaÃºcho),,,,,cucumis melo,,
cultivar:dominique|cucumis_melo,Cultivar,,,,,,DOMINIQUE,,,,,cucumis melo,,
cultivar:dala|cucumis_melo,Cultivar,,,,,,DalÃ­,,,,,cucumis melo,,
cultivar:del_vale|cucumis_melo,Cultivar,,,,,,Del Vale,,,,,cucumis melo,,
cultivar:dulce_nectar|cucumis_melo,Cultivar,,,,,,Dulce Nectar,,,,,cucumis melo,,
cultivar:ehmel_200910|cucumis_melo,Cultivar,,,,,,EHMEL 200910,,,,,cucumis melo,,
cultivar:ehmel_20095|cucumis_melo,Cultivar,,,,,,EHMEL 20095,,,,,cucumis melo,,
cultivar:ehmel_20151007|cucumis_melo,Cultivar,,,,,,EHMEL 20151007,,,,,cucumis melo,,
cultivar:ehmel_20151033|cucumis_melo,Cultivar,,,,,,EHMEL 20151033,,,,,cucumis melo,,
cultivar:ehmel_201568|cucumis_melo,Cultivar,,,,,,EHMEL 201568,,,,,cucumis melo,,
cultivar:ehmel_201590|cucumis_melo,Cultivar,,,,,,EHMEL 201590,,,,,cucumis melo,,
cultivar:eldorado_300|cucumis_melo,Cultivar,,,,,,Eldorado 300,,,,,cucumis melo,,
cultivar:gaucho|cucumis_melo,Cultivar,,,,,,Gaucho,,,,,cucumis melo,,
cultivar:gaaocho_casca_de_carvalho_melhorado|cucumis_melo,Cultivar,,,,,,GaÃºcho Casca de Carvalho Melhorado,,,,,cucumis melo,,
cultivar:gaaocho_redondo_conesul|cucumis_melo,Cultivar,,,,,,GaÃºcho Redondo Conesul,,,,,cucumis melo,,
cultivar:gold_news|cucumis_melo,Cultivar,,,,,,Gold News,,,,,cucumis melo,,
cultivar:grand_navarro|cucumis_melo,Cultivar,,,,,,Grand Navarro,,,,,cucumis melo,,
cultivar:grand_prix|cucumis_melo,Cultivar,,,,,,Grand Prix,,,,,cucumis melo,,
cultivar:grand_royal|cucumis_melo,Cultivar,,,,,,Grand Royal,,,,,cucumis melo,,
cultivar:grand_toro|cucumis_melo,Cultivar,,,,,,Grand Toro,,,,,cucumis melo,,
cultivar:ht_80|cucumis_melo,Cultivar,,,,,,HT 80,,,,,cucumis melo,,
cultivar:ht_86|cucumis_melo,Cultivar,,,,,,HT 86,,,,,cucumis melo,,
cultivar:hales_best_jumbo|cucumis_melo,Cultivar,,,,,,Hales Best Jumbo,,,,,cucumis melo,,
cultivar:hummer|cucumis_melo,Cultivar,,,,,,Hummer,,,,,cucumis melo,,
cultivar:imperial|cucumis_melo,Cultivar,,,,,,Imperial,,,,,cucumis melo,,
cultivar:infinite_gold|cucumis_melo,Cultivar,,,,,,Infinite Gold,,,,,cucumis melo,,
cultivar:iracema|cucumis_melo,Cultivar,,,,,,Iracema,,,,,cucumis melo,,
cultivar:journey|cucumis_melo,Cultivar,,,,,,Journey,,,,,cucumis melo,,
cultivar:ja3ia_dourada|cucumis_melo,Cultivar,,,,,,JÃ³ia Dourada,,,,,cucumis melo,,
cultivar:katari|cucumis_melo,Cultivar,,,,,,Katari,,,,,cucumis melo,,
cultivar:magnum|cucumis_melo,Cultivar,,,,,,Magnum,,,,,cucumis melo,,
cultivar:mandachuva|cucumis_melo,Cultivar,,,,,,Mandachuva,,,,,cucumis melo,,
cultivar:mega|cucumis_melo,Cultivar,,,,,,Mega,,,,,cucumis melo,,
cultivar:mel_rendado|cucumis_melo,Cultivar,,,,,,Mel Rendado,,,,,cucumis melo,,
cultivar:nevado|cucumis_melo,Cultivar,,,,,,Nevado,,,,,cucumis melo,,
cultivar:olimpic_express|cucumis_melo,Cultivar,,,,,,Olimpic Express,,,,,cucumis melo,,
cultivar:orange_flesh_ht|cucumis_melo,Cultivar,,,,,,Orange Flesh HT,,,,,cucumis melo,,
cultivar:premier|cucumis_melo,Cultivar,,,,,,Premier,,,,,cucumis melo,,
cultivar:redondo_gaaocho|cucumis_melo,Cultivar,,,,,,Redondo GaÃºcho,,,,,cucumis melo,,
cultivar:supreme|cucumis_melo,Cultivar,,,,,,Supreme,,,,,cucumis melo,,
cultivar:te_015|cucumis_melo,Cultivar,,,,,,TE 015,,,,,cucumis melo,,
cultivar:turmalina|cucumis_melo,Cultivar,,,,,,TURMALINA,,,,,cucumis melo,,
cultivar:vme_525|cucumis_melo,Cultivar,,,,,,VME 525,,,,,cucumis melo,,
cultivar:vme_532|cucumis_melo,Cultivar,,,,,,VME 532,,,,,cucumis melo,,
cultivar:vme_550_r|cucumis_melo,Cultivar,,,,,,VME 550 R,,,,,cucumis melo,,
cultivar:vme_581|cucumis_melo,Cultivar,,,,,,VME 581,,,,,cucumis melo,,
cultivar:vme_670|cucumis_melo,Cultivar,,,,,,VME 670,,,,,cucumis melo,,
cultivar:vme_678|cucumis_melo,Cultivar,,,,,,VME 678,,,,,cucumis melo,,
cultivar:vme_682r|cucumis_melo,Cultivar,,,,,,VME 682R,,,,,cucumis melo,,
cultivar:vme_683|cucumis_melo,Cultivar,,,,,,VME 683,,,,,cucumis melo,,
cultivar:vme_689|cucumis_melo,Cultivar,,,,,,VME 689,,,,,cucumis melo,,
cultivar:vme_703|cucumis_melo,Cultivar,,,,,,VME 703,,,,,cucumis melo,,
cultivar:vme_710|cucumis_melo,Cultivar,,,,,,VME 710,,,,,cucumis melo,,
cultivar:vme_711|cucumis_melo,Cultivar,,,,,,VME 711,,,,,cucumis melo,,
cultivar:vme_714|cucumis_melo,Cultivar,,,,,,VME 714,,,,,cucumis melo,,
cultivar:vme_720|cucumis_melo,Cultivar,,,,,,VME 720,,,,,cucumis melo,,
cultivar:vme_721|cucumis_melo,Cultivar,,,,,,VME 721,,,,,cucumis melo,,
cultivar:vme_723|cucumis_melo,Cultivar,,,,,,VME 723,,,,,cucumis melo,,
cultivar:vme_724|cucumis_melo,Cultivar,,,,,,VME 724,,,,,cucumis melo,,
cultivar:vme_726|cucumis_melo,Cultivar,,,,,,VME 726,,,,,cucumis melo,,
cultivar:vme_729|cucumis_melo,Cultivar,,,,,,VME 729,,,,,cucumis melo,,
cultivar:vme_732|cucumis_melo,Cultivar,,,,,,VME 732,,,,,cucumis melo,,
cultivar:vme_735|cucumis_melo,Cultivar,,,,,,VME 735,,,,,cucumis melo,,
cultivar:vme_736|cucumis_melo,Cultivar,,,,,,VME 736,,,,,cucumis melo,,
cultivar:vme_737|cucumis_melo,Cultivar,,,,,,VME 737,,,,,cucumis melo,,
cultivar:vme_747|cucumis_melo,Cultivar,,,,,,VME 747,,,,,cucumis melo,,
cultivar:vme_748|cucumis_melo,Cultivar,,,,,,VME 748,,,,,cucumis melo,,
cultivar:vme_755|cucumis_melo,Cultivar,,,,,,VME 755,,,,,cucumis melo,,
cultivar:vme575|cucumis_melo,Cultivar,,,,,,VME575,,,,,cucumis melo,,
cultivar:vme725|cucumis_melo,Cultivar,,,,,,VME725,,,,,cucumis melo,,
cultivar:vme731|cucumis_melo,Cultivar,,,,,,VME731,,,,,cucumis melo,,
cultivar:vme759|cucumis_melo,Cultivar,,,,,,VME759,,,,,cucumis melo,,
cultivar:vme761|cucumis_melo,Cultivar,,,,,,VME761,,,,,cucumis melo,,
cultivar:vme777|cucumis_melo,Cultivar,,,,,,VME777,,,,,cucumis melo,,
cultivar:vme780|cucumis_melo,Cultivar,,,,,,VME780,,,,,cucumis melo,,
cultivar:vme781|cucumis_melo,Cultivar,,,,,,VME781,,,,,cucumis melo,,
cultivar:vme805|cucumis_melo,Cultivar,,,,,,VME805,,,,,cucumis melo,,
cultivar:vme807|cucumis_melo,Cultivar,,,,,,VME807,,,,,cucumis melo,,
cultivar:vme808|cucumis_melo,Cultivar,,,,,,VME808,,,,,cucumis melo,,
cultivar:vme809|cucumis_melo,Cultivar,,,,,,VME809,,,,,cucumis melo,,
cultivar:vme810|cucumis_melo,Cultivar,,,,,,VME810,,,,,cucumis melo,,
cultivar:xme_4020|cucumis_melo,Cultivar,,,,,,XME 4020,,,,,cucumis melo,,
cultivar:zeus|cucumis_melo,Cultivar,,,,,,Zeus,,,,,cucumis melo,,
species:cucumis_sativus,Species,,,,,,,,,cucumis sativus,Cucumis sativus L.,,,
cultivar:14pep00002|cucumis_sativus,Cultivar,,,,,,14PEP00002,,,,,cucumis sativus,,
cultivar:16pep00190|cucumis_sativus,Cultivar,,,,,,16PEP00190,,,,,cucumis sativus,,
cultivar:17pep10006|cucumis_sativus,Cultivar,,,,,,17PEP10006,,,,,cucumis sativus,,
cultivar:20pep10864|cucumis_sativus,Cultivar,,,,,,20PEP10864,,,,,cucumis sativus,,
cultivar:21pep11578|cucumis_sativus,Cultivar,,,,,,21PEP11578,,,,,cucumis sativus,,
cultivar:22pep11910|cucumis_sativus,Cultivar,,,,,,22PEP11910,,,,,cucumis sativus,,
cultivar:25pep12423|cucumis_sativus,Cultivar,,,,,,25PEP12423,,,,,cucumis sativus,,
cultivar:25pep12438|cucumis_sativus,Cultivar,,,,,,25PEP12438,,,,,cucumis sativus,,
cultivar:af_145|cucumis_sativus,Cultivar,,,,,,AF 145,,,,,cucumis sativus,,
cultivar:af_152|cucumis_sativus,Cultivar,,,,,,AF 152,,,,,cucumis sativus,,
cultivar:af_1993|cucumis_sativus,Cultivar,,,,,,AF 1993,,,,,cucumis sativus,,
cultivar:af_712|cucumis_sativus,Cultivar,,,,,,AF 712,,,,,cucumis sativus,,
cultivar:af1000|cucumis_sativus,Cultivar,,,,,,AF1000,,,,,cucumis sativus,,
cultivar:af1001|cucumis_sativus,Cultivar,,,,,,AF1001,,,,,cucumis sativus,,
cultivar:af1002|cucumis_sativus,Cultivar,,,,,,AF1002,,,,,cucumis sativus,,
cultivar:af1015|cucumis_sativus,Cultivar,,,,,,AF1015,,,,,cucumis sativus,,
cultivar:af1039|cucumis_sativus,Cultivar,,,,,,AF1039,,,,,cucumis sativus,,
cultivar:af4004|cucumis_sativus,Cultivar,,,,,,AF4004,,,,,cucumis sativus,,
cultivar:af4206|cucumis_sativus,Cultivar,,,,,,AF4206,,,,,cucumis sativus,,
cultivar:aodai_carioca|cucumis_sativus,Cultivar,,,,,,AODAI CARIOCA,,,,,cucumis sativus,,
cultivar:akira|cucumis_sativus,Cultivar,,,,,,Akira,,,,,cucumis sativus,,
cultivar:amin|cucumis_sativus,Cultivar,,,,,,Amin,,,,,cucumis sativus,,
cultivar:aodai|cucumis_sativus,Cultivar,,,,,,Aodai,,,,,cucumis sativus,,
cultivar:aodai_ht|cucumis_sativus,Cultivar,,,,,,Aodai HT,,,,,cucumis sativus,,
cultivar:bonanza|cucumis_sativus,Cultivar,,,,,,BONANZA,,,,,cucumis sativus,,
cultivar:branco_meio_comprido|cucumis_sativus,Cultivar,,,,,,Branco Meio Comprido,,,,,cucumis sativus,,
cultivar:caetano|cucumis_sativus,Cultivar,,,,,,CAETANO,,,,,cucumis sativus,,
cultivar:cayene|cucumis_sativus,Cultivar,,,,,,CAYENE,,,,,cucumis sativus,,
cultivar:caipira|cucumis_sativus,Cultivar,,,,,,Caipira,,,,,cucumis sativus,,
cultivar:caipira_verde_ht|cucumis_sativus,Cultivar,,,,,,Caipira Verde - HT,,,,,cucumis sativus,,
cultivar:calypso|cucumis_sativus,Cultivar,,,,,,Calypso,,,,,cucumis sativus,,
cultivar:campeiro|cucumis_sativus,Cultivar,,,,,,Campeiro,,,,,cucumis sativus,,
cultivar:caramba|cucumis_sativus,Cultivar,,,,,,Caramba,,,,,cucumis sativus,,
cultivar:compadre|cucumis_sativus,Cultivar,,,,,,Compadre,,,,,cucumis sativus,,
cultivar:conserva_wisconsin_smr_18|cucumis_sativus,Cultivar,,,,,,Conserva Wisconsin SMR 18,,,,,cucumis sativus,,
cultivar:corona|cucumis_sativus,Cultivar,,,,,,Corona,,,,,cucumis sativus,,
cultivar:cristal|cucumis_sativus,Cultivar,,,,,,Cristal,,,,,cucumis sativus,,
cultivar:diplomata|cucumis_sativus,Cultivar,,,,,,Diplomata,,,,,cucumis sativus,,
cultivar:esmeralda_tipo_caipira|cucumis_sativus,Cultivar,,,,,,Esmeralda Tipo Caipira,,,,,cucumis sativus,,
cultivar:gael|cucumis_sativus,Cultivar,,,,,,Gael,,,,,cucumis sativus,,
cultivar:ginga|cucumis_sativus,Cultivar,,,,,,Ginga,,,,,cucumis sativus,,
cultivar:goia|cucumis_sativus,Cultivar,,,,,,GoiÃ¡,,,,,cucumis sativus,,
cultivar:guarani|cucumis_sativus,Cultivar,,,,,,Guarani,,,,,cucumis sativus,,
cultivar:gustavo|cucumis_sativus,Cultivar,,,,,,Gustavo,,,,,cucumis sativus,,
cultivar:ht_05|cucumis_sativus,Cultivar,,,,,,HT 05,,,,,cucumis sativus,,
cultivar:ht_69|cucumis_sativus,Cultivar,,,,,,HT 69,,,,,cucumis sativus,,
cultivar:ht_91|cucumis_sativus,Cultivar,,,,,,HT 91,,,,,cucumis sativus,,
cultivar:hana|cucumis_sativus,Cultivar,,,,,,Hana,,,,,cucumis sativus,,
cultivar:heitor|cucumis_sativus,Cultivar,,,,,,Heitor,,,,,cucumis sativus,,
cultivar:hiroshi|cucumis_sativus,Cultivar,,,,,,Hiroshi,,,,,cucumis sativus,,
cultivar:itiro|cucumis_sativus,Cultivar,,,,,,Itiro,,,,,cucumis sativus,,
cultivar:kawaii|cucumis_sativus,Cultivar,,,,,,Kawaii,,,,,cucumis sativus,,
cultivar:mont_serrat|cucumis_sativus,Cultivar,,,,,,MONT SERRAT,,,,,cucumis sativus,,
cultivar:monte_verde|cucumis_sativus,Cultivar,,,,,,MONTE VERDE,,,,,cucumis sativus,,
cultivar:marvin|cucumis_sativus,Cultivar,,,,,,Marvin,,,,,cucumis sativus,,
cultivar:miguel|cucumis_sativus,Cultivar,,,,,,Miguel,,,,,cucumis sativus,,
cultivar:noa|cucumis_sativus,Cultivar,,,,,,Noa,,,,,cucumis sativus,,
cultivar:opala|cucumis_sativus,Cultivar,,,,,,Opala,,,,,cucumis sativus,,
cultivar:pb_027|cucumis_sativus,Cultivar,,,,,,PB 027,,,,,cucumis sativus,,
cultivar:pickles|cucumis_sativus,Cultivar,,,,,,Pickles,,,,,cucumis sativus,,
cultivar:pioneiro|cucumis_sativus,Cultivar,,,,,,Pioneiro,,,,,cucumis sativus,,
cultivar:praamio|cucumis_sativus,Cultivar,,,,,,PrÃªmio,,,,,cucumis sativus,,
cultivar:record|cucumis_sativus,Cultivar,,,,,,RECORD,,,,,cucumis sativus,,
cultivar:ranger|cucumis_sativus,Cultivar,,,,,,Ranger,,,,,cucumis sativus,,
cultivar:riesenschael|cucumis_sativus,Cultivar,,,,,,Riesenschael,,,,,cucumis sativus,,
cultivar:runner|cucumis_sativus,Cultivar,,,,,,Runner,,,,,cucumis sativus,,
cultivar:suzuka|cucumis_sativus,Cultivar,,,,,,SUZUKA,,,,,cucumis sativus,,
cultivar:safira|cucumis_sativus,Cultivar,,,,,,Safira,,,,,cucumis sativus,,
cultivar:satoru|cucumis_sativus,Cultivar,,,,,,Satoru,,,,,cucumis sativus,,
cultivar:sugoi|cucumis_sativus,Cultivar,,,,,,Sugoi,,,,,cucumis sativus,,
cultivar:tomita|cucumis_sativus,Cultivar,,,,,,TOMITA,,,,,cucumis sativus,,
cultivar:toshiro|cucumis_sativus,Cultivar,,,,,,Toshiro,,,,,cucumis sativus,,
cultivar:twister|cucumis_sativus,Cultivar,,,,,,Twister,,,,,cucumis sativus,,
cultivar:vcu_011|cucumis_sativus,Cultivar,,,,,,VCU 011,,,,,cucumis sativus,,
cultivar:vcu_053|cucumis_sativus,Cultivar,,,,,,VCU 053,,,,,cucumis sativus,,
cultivar:vcu513|cucumis_sativus,Cultivar,,,,,,VCU513,,,,,cucumis sativus,,
cultivar:vcu552|cucumis_sativus,Cultivar,,,,,,VCU552,,,,,cucumis sativus,,
cultivar:vcu583|cucumis_sativus,Cultivar,,,,,,VCU583,,,,,cucumis sativus,,
cultivar:vcu590|cucumis_sativus,Cultivar,,,,,,VCU590,,,,,cucumis sativus,,
cultivar:vcu592|cucumis_sativus,Cultivar,,,,,,VCU592,,,,,cucumis sativus,,
cultivar:vcu593|cucumis_sativus,Cultivar,,,,,,VCU593,,,,,cucumis sativus,,
cultivar:vcu595|cucumis_sativus,Cultivar,,,,,,VCU595,,,,,cucumis sativus,,
cultivar:vcu596|cucumis_sativus,Cultivar,,,,,,VCU596,,,,,cucumis sativus,,
cultivar:vcu599|cucumis_sativus,Cultivar,,,,,,VCU599,,,,,cucumis sativus,,
cultivar:vcu601|cucumis_sativus,Cultivar,,,,,,VCU601,,,,,cucumis sativus,,
cultivar:vcu603|cucumis_sativus,Cultivar,,,,,,VCU603,,,,,cucumis sativus,,
cultivar:vcu616|cucumis_sativus,Cultivar,,,,,,VCU616,,,,,cucumis sativus,,
cultivar:verde_comprido|cucumis_sativus,Cultivar,,,,,,Verde Comprido,,,,,cucumis sativus,,
cultivar:wisconsin_smr_58_conserva|cucumis_sativus,Cultivar,,,,,,Wisconsin SMR-58/Conserva,,,,,cucumis sativus,,
cultivar:yarin|cucumis_sativus,Cultivar,,,,,,Yarin,,,,,cucumis sativus,,
cultivar:yoshinari|cucumis_sativus,Cultivar,,,,,,Yoshinari,,,,,cucumis sativus,,
species:cucurbita_maxima,Species,,,,,,,,,cucurbita maxima,Cucurbita maxima Duchesne,,,
cultivar:19abo10643|cucurbita_maxima,Cultivar,,,,,,19ABO10643,,,,,cucurbita maxima,,
cultivar:ab_03|cucurbita_maxima,Cultivar,,,,,,AB 03,,,,,cucurbita maxima,,
cultivar:ab_04|cucurbita_maxima,Cultivar,,,,,,AB 04,,,,,cucurbita maxima,,
cultivar:af1044|cucurbita_maxima,Cultivar,,,,,,AF1044,,,,,cucurbita maxima,,
cultivar:brs_esperanaa|cucurbita_maxima,Cultivar,,,,,,BRS EsperanÃ§a,,,,,cucurbita maxima,,
cultivar:brs_tortai|cucurbita_maxima,Cultivar,,,,,,BRS TortÃ©i,,,,,cucurbita maxima,,
cultivar:brigitte|cucurbita_maxima,Cultivar,,,,,,Brigitte,,,,,cucurbita maxima,,
cultivar:canario|cucurbita_maxima,Cultivar,,,,,,CanÃ¡rio,,,,,cucurbita maxima,,
cultivar:coroa|cucurbita_maxima,Cultivar,,,,,,Coroa,,,,,cucurbita maxima,,
cultivar:crioula_pataka|cucurbita_maxima,Cultivar,,,,,,Crioula Pataka,,,,,cucurbita maxima,,
cultivar:de_mesa|cucurbita_maxima,Cultivar,,,,,,De Mesa,,,,,cucurbita maxima,,
cultivar:exposiaao|cucurbita_maxima,Cultivar,,,,,,ExposiÃ§Ã£o,,,,,cucurbita maxima,,
cultivar:fortalece|cucurbita_maxima,Cultivar,,,,,,Fortalece,,,,,cucurbita maxima,,
cultivar:moranga_coroa|cucurbita_maxima,Cultivar,,,,,,Moranga Coroa,,,,,cucurbita maxima,,
cultivar:moranga_exp|cucurbita_maxima,Cultivar,,,,,,Moranga Exp.,,,,,cucurbita maxima,,
cultivar:moranga_exposiaao|cucurbita_maxima,Cultivar,,,,,,Moranga ExposiÃ§Ã£o,,,,,cucurbita maxima,,
cultivar:ouro_rosa|cucurbita_maxima,Cultivar,,,,,,Ouro rosa,,,,,cucurbita maxima,,
cultivar:pataca_gigante|cucurbita_maxima,Cultivar,,,,,,Pataca Gigante,,,,,cucurbita maxima,,
cultivar:poliniza|cucurbita_maxima,Cultivar,,,,,,Poliniza,,,,,cucurbita maxima,,
cultivar:sc4_15|cucurbita_maxima,Cultivar,,,,,,SC4 15,,,,,cucurbita maxima,,
cultivar:samantha|cucurbita_maxima,Cultivar,,,,,,Samantha,,,,,cucurbita maxima,,
cultivar:sul_mineiro|cucurbita_maxima,Cultivar,,,,,,Sul Mineiro,,,,,cucurbita maxima,,
cultivar:tortuga|cucurbita_maxima,Cultivar,,,,,,Tortuga,,,,,cucurbita maxima,,
cultivar:vsq_535|cucurbita_maxima,Cultivar,,,,,,VSQ 535,,,,,cucurbita maxima,,
cultivar:vsq080g|cucurbita_maxima,Cultivar,,,,,,VSQ080G,,,,,cucurbita maxima,,
cultivar:vsq604|cucurbita_maxima,Cultivar,,,,,,VSQ604,,,,,cucurbita maxima,,
cultivar:vsq609|cucurbita_maxima,Cultivar,,,,,,VSQ609,,,,,cucurbita maxima,,
cultivar:vsq620|cucurbita_maxima,Cultivar,,,,,,VSQ620,,,,,cucurbita maxima,,
cultivar:af17309|cucurbita_maxima,Cultivar,,,,,,AF17309,,,,,cucurbita maxima,,
cultivar:af17320|cucurbita_maxima,Cultivar,,,,,,AF17320,,,,,cucurbita maxima,,
cultivar:af18800|cucurbita_maxima,Cultivar,,,,,,AF18800,,,,,cucurbita maxima,,
cultivar:af18804|cucurbita_maxima,Cultivar,,,,,,AF18804,,,,,cucurbita maxima,,
cultivar:af18809|cucurbita_maxima,Cultivar,,,,,,AF18809,,,,,cucurbita maxima,,
cultivar:ak_f01|cucurbita_maxima,Cultivar,,,,,,AK F01,,,,,cucurbita maxima,,
cultivar:ak_m01|cucurbita_maxima,Cultivar,,,,,,AK M01,,,,,cucurbita maxima,,
cultivar:aragon|cucurbita_maxima,Cultivar,,,,,,Aragon,,,,,cucurbita maxima,,
cultivar:divina|cucurbita_maxima,Cultivar,,,,,,Divina,,,,,cucurbita maxima,,
cultivar:fuji|cucurbita_maxima,Cultivar,,,,,,Fuji,,,,,cucurbita maxima,,
cultivar:hiroko|cucurbita_maxima,Cultivar,,,,,,Hiroko,,,,,cucurbita maxima,,
cultivar:jabras|cucurbita_maxima,Cultivar,,,,,,Jabras,,,,,cucurbita maxima,,
cultivar:kin|cucurbita_maxima,Cultivar,,,,,,KIN,,,,,cucurbita maxima,,
cultivar:kaizen|cucurbita_maxima,Cultivar,,,,,,Kaizen,,,,,cucurbita maxima,,
cultivar:kururu|cucurbita_maxima,Cultivar,,,,,,Kururu,,,,,cucurbita maxima,,
cultivar:kyoto|cucurbita_maxima,Cultivar,,,,,,Kyoto,,,,,cucurbita maxima,,
cultivar:morita|cucurbita_maxima,Cultivar,,,,,,MORITA,,,,,cucurbita maxima,,
cultivar:malibu|cucurbita_maxima,Cultivar,,,,,,Malibu,,,,,cucurbita maxima,,
cultivar:montana|cucurbita_maxima,Cultivar,,,,,,Montana,,,,,cucurbita maxima,,
cultivar:nara|cucurbita_maxima,Cultivar,,,,,,NARA,,,,,cucurbita maxima,,
cultivar:okamoto|cucurbita_maxima,Cultivar,,,,,,OKAMOTO,,,,,cucurbita maxima,,
cultivar:okinawa|cucurbita_maxima,Cultivar,,,,,,OKINAWA,,,,,cucurbita maxima,,
cultivar:soberana|cucurbita_maxima,Cultivar,,,,,,Soberana,,,,,cucurbita maxima,,
cultivar:tetsukabuto_sk|cucurbita_maxima,Cultivar,,,,,,Tetsukabuto SK,,,,,cucurbita maxima,,
cultivar:turmalina|cucurbita_maxima,Cultivar,,,,,,Turmalina,,,,,cucurbita maxima,,
cultivar:vsq_505|cucurbita_maxima,Cultivar,,,,,,VSQ 505,,,,,cucurbita maxima,,
cultivar:xoda|cucurbita_maxima,Cultivar,,,,,,XODÃ,,,,,cucurbita maxima,,
cultivar:yumi|cucurbita_maxima,Cultivar,,,,,,Yumi,,,,,cucurbita maxima,,
species:cucurbita_moschata,Species,,,,,,,,,cucurbita moschata,Cucurbita moschata Duchesne,,,
cultivar:19abo10698|cucurbita_moschata,Cultivar,,,,,,19ABO10698,,,,,cucurbita moschata,,
cultivar:21abo11683|cucurbita_moschata,Cultivar,,,,,,21ABO11683,,,,,cucurbita moschata,,
cultivar:21abo11741|cucurbita_moschata,Cultivar,,,,,,21ABO11741,,,,,cucurbita moschata,,
cultivar:22abo12560|cucurbita_moschata,Cultivar,,,,,,22ABO12560,,,,,cucurbita moschata,,
cultivar:22abo12565|cucurbita_moschata,Cultivar,,,,,,22ABO12565,,,,,cucurbita moschata,,
cultivar:23abo12698|cucurbita_moschata,Cultivar,,,,,,23ABO12698,,,,,cucurbita moschata,,
cultivar:23abo12700|cucurbita_moschata,Cultivar,,,,,,23ABO12700,,,,,cucurbita moschata,,
cultivar:ab_01|cucurbita_moschata,Cultivar,,,,,,AB 01,,,,,cucurbita moschata,,
cultivar:ab_02|cucurbita_moschata,Cultivar,,,,,,AB 02,,,,,cucurbita moschata,,
cultivar:ab_05|cucurbita_moschata,Cultivar,,,,,,AB 05,,,,,cucurbita moschata,,
cultivar:ab_07|cucurbita_moschata,Cultivar,,,,,,AB 07,,,,,cucurbita moschata,,
cultivar:af_14800|cucurbita_moschata,Cultivar,,,,,,AF 14800,,,,,cucurbita moschata,,
cultivar:af_7513|cucurbita_moschata,Cultivar,,,,,,AF 7513,,,,,cucurbita moschata,,
cultivar:af_7527|cucurbita_moschata,Cultivar,,,,,,AF 7527,,,,,cucurbita moschata,,
cultivar:af_7542|cucurbita_moschata,Cultivar,,,,,,AF 7542,,,,,cucurbita moschata,,
cultivar:af13518|cucurbita_moschata,Cultivar,,,,,,AF13518,,,,,cucurbita moschata,,
cultivar:af15449|cucurbita_moschata,Cultivar,,,,,,AF15449,,,,,cucurbita moschata,,
cultivar:af15488|cucurbita_moschata,Cultivar,,,,,,AF15488,,,,,cucurbita moschata,,
cultivar:af16411|cucurbita_moschata,Cultivar,,,,,,AF16411,,,,,cucurbita moschata,,
cultivar:af16413|cucurbita_moschata,Cultivar,,,,,,AF16413,,,,,cucurbita moschata,,
cultivar:af16416|cucurbita_moschata,Cultivar,,,,,,AF16416,,,,,cucurbita moschata,,
cultivar:af18054|cucurbita_moschata,Cultivar,,,,,,AF18054,,,,,cucurbita moschata,,
cultivar:af18087|cucurbita_moschata,Cultivar,,,,,,AF18087,,,,,cucurbita moschata,,
cultivar:af18098|cucurbita_moschata,Cultivar,,,,,,AF18098,,,,,cucurbita moschata,,
cultivar:af18140|cucurbita_moschata,Cultivar,,,,,,AF18140,,,,,cucurbita moschata,,
cultivar:af19868|cucurbita_moschata,Cultivar,,,,,,AF19868,,,,,cucurbita moschata,,
cultivar:af19930|cucurbita_moschata,Cultivar,,,,,,AF19930,,,,,cucurbita moschata,,
cultivar:af30178|cucurbita_moschata,Cultivar,,,,,,AF30178,,,,,cucurbita moschata,,
cultivar:af30683|cucurbita_moschata,Cultivar,,,,,,AF30683,,,,,cucurbita moschata,,
cultivar:af32055|cucurbita_moschata,Cultivar,,,,,,AF32055,,,,,cucurbita moschata,,
cultivar:af35310|cucurbita_moschata,Cultivar,,,,,,AF35310,,,,,cucurbita moschata,,
cultivar:af35414|cucurbita_moschata,Cultivar,,,,,,AF35414,,,,,cucurbita moschata,,
cultivar:atlas|cucurbita_moschata,Cultivar,,,,,,Atlas,,,,,cucurbita moschata,,
cultivar:brs_brasileirinha|cucurbita_moschata,Cultivar,,,,,,BRS Brasileirinha,,,,,cucurbita moschata,,
cultivar:brs_celebraaao|cucurbita_moschata,Cultivar,,,,,,BRS CelebraÃ§Ã£o,,,,,cucurbita moschata,,
cultivar:brs_graciosa|cucurbita_moschata,Cultivar,,,,,,BRS Graciosa,,,,,cucurbita moschata,,
cultivar:bahiana_tropical|cucurbita_moschata,Cultivar,,,,,,Bahiana Tropical,,,,,cucurbita moschata,,
cultivar:biocosta|cucurbita_moschata,Cultivar,,,,,,Biocosta,,,,,cucurbita moschata,,
cultivar:bogota|cucurbita_moschata,Cultivar,,,,,,BogotÃ¡,,,,,cucurbita moschata,,
cultivar:bonna|cucurbita_moschata,Cultivar,,,,,,Bonna,,,,,cucurbita moschata,,
cultivar:butternut|cucurbita_moschata,Cultivar,,,,,,Butternut,,,,,cucurbita moschata,,
cultivar:barbara|cucurbita_moschata,Cultivar,,,,,,BÃ¡rbara,,,,,cucurbita moschata,,
cultivar:coraaao|cucurbita_moschata,Cultivar,,,,,,CORAÃÃO,,,,,cucurbita moschata,,
cultivar:caipira|cucurbita_moschata,Cultivar,,,,,,Caipira,,,,,cucurbita moschata,,
cultivar:canesi|cucurbita_moschata,Cultivar,,,,,,Canesi,,,,,cucurbita moschata,,
cultivar:canhao_seca_gigante|cucurbita_moschata,Cultivar,,,,,,CanhÃ£o Seca Gigante,,,,,cucurbita moschata,,
cultivar:caravela|cucurbita_moschata,Cultivar,,,,,,Caravela,,,,,cucurbita moschata,,
cultivar:caravelle|cucurbita_moschata,Cultivar,,,,,,Caravelle,,,,,cucurbita moschata,,
cultivar:chicago|cucurbita_moschata,Cultivar,,,,,,Chicago,,,,,cucurbita moschata,,
cultivar:cigana|cucurbita_moschata,Cultivar,,,,,,Cigana,,,,,cucurbita moschata,,
cultivar:cosmos|cucurbita_moschata,Cultivar,,,,,,Cosmos,,,,,cucurbita moschata,,
cultivar:daiane|cucurbita_moschata,Cultivar,,,,,,Daiane,,,,,cucurbita moschata,,
cultivar:esmeralda_brasileira|cucurbita_moschata,Cultivar,,,,,,Esmeralda Brasileira,,,,,cucurbita moschata,,
cultivar:estar|cucurbita_moschata,Cultivar,,,,,,EstÃ©r,,,,,cucurbita moschata,,
cultivar:gemini|cucurbita_moschata,Cultivar,,,,,,Gemini,,,,,cucurbita moschata,,
cultivar:goianinha|cucurbita_moschata,Cultivar,,,,,,Goianinha,,,,,cucurbita moschata,,
cultivar:guaruja|cucurbita_moschata,Cultivar,,,,,,GuarujÃ¡,,,,,cucurbita moschata,,
cultivar:ht_75|cucurbita_moschata,Cultivar,,,,,,HT 75,,,,,cucurbita moschata,,
cultivar:halloween|cucurbita_moschata,Cultivar,,,,,,Halloween,,,,,cucurbita moschata,,
cultivar:is_036|cucurbita_moschata,Cultivar,,,,,,IS 036,,,,,cucurbita moschata,,
cultivar:is_913|cucurbita_moschata,Cultivar,,,,,,IS 913,,,,,cucurbita moschata,,
cultivar:itapua_301|cucurbita_moschata,Cultivar,,,,,,ItapuÃ£ 301,,,,,cucurbita moschata,,
cultivar:jacarezinho|cucurbita_moschata,Cultivar,,,,,,Jacarezinho,,,,,cucurbita moschata,,
cultivar:jack|cucurbita_moschata,Cultivar,,,,,,Jack,,,,,cucurbita moschata,,
cultivar:lily|cucurbita_moschata,Cultivar,,,,,,LILY,,,,,cucurbita moschata,,
cultivar:landa|cucurbita_moschata,Cultivar,,,,,,Landa,,,,,cucurbita moschata,,
cultivar:leonis|cucurbita_moschata,Cultivar,,,,,,Leonis,,,,,cucurbita moschata,,
cultivar:luara|cucurbita_moschata,Cultivar,,,,,,Luara,,,,,cucurbita moschata,,
cultivar:maitaa|cucurbita_moschata,Cultivar,,,,,,MaitÃª,,,,,cucurbita moschata,,
cultivar:majestade|cucurbita_moschata,Cultivar,,,,,,Majestade,,,,,cucurbita moschata,,
cultivar:mama_tingo|cucurbita_moschata,Cultivar,,,,,,Mama Tingo,,,,,cucurbita moschata,,
cultivar:maranhao|cucurbita_moschata,Cultivar,,,,,,MaranhÃ£o,,,,,cucurbita moschata,,
cultivar:marieta|cucurbita_moschata,Cultivar,,,,,,Marieta,,,,,cucurbita moschata,,
cultivar:marte|cucurbita_moschata,Cultivar,,,,,,Marte,,,,,cucurbita moschata,,
cultivar:medelin|cucurbita_moschata,Cultivar,,,,,,Medelin,,,,,cucurbita moschata,,
cultivar:menina_brasileira|cucurbita_moschata,Cultivar,,,,,,Menina Brasileira,,,,,cucurbita moschata,,
cultivar:menina_brasileira_pescoao_torto|cucurbita_moschata,Cultivar,,,,,,Menina Brasileira PescoÃ§o Torto,,,,,cucurbita moschata,,
cultivar:menina_rajada_seca|cucurbita_moschata,Cultivar,,,,,,Menina Rajada (Seca),,,,,cucurbita moschata,,
cultivar:mini_decorativas|cucurbita_moschata,Cultivar,,,,,,Mini Decorativas,,,,,cucurbita moschata,,
cultivar:mini_jack|cucurbita_moschata,Cultivar,,,,,,Mini Jack,,,,,cucurbita moschata,,
cultivar:mini_paulista|cucurbita_moschata,Cultivar,,,,,,Mini Paulista,,,,,cucurbita moschata,,
cultivar:mini_paulista_isabella|cucurbita_moschata,Cultivar,,,,,,Mini Paulista Isabella,,,,,cucurbita moschata,,
cultivar:mirian|cucurbita_moschata,Cultivar,,,,,,Mirian,,,,,cucurbita moschata,,
cultivar:mogango_barao|cucurbita_moschata,Cultivar,,,,,,Mogango BarÃ£o,,,,,cucurbita moschata,,
cultivar:mogango_sul_mineiro|cucurbita_moschata,Cultivar,,,,,,Mogango Sul Mineiro,,,,,cucurbita moschata,,
cultivar:moranga|cucurbita_moschata,Cultivar,,,,,,Moranga,,,,,cucurbita moschata,,
cultivar:morena_ht|cucurbita_moschata,Cultivar,,,,,,Morena HT,,,,,cucurbita moschata,,
cultivar:morgana|cucurbita_moschata,Cultivar,,,,,,Morgana,,,,,cucurbita moschata,,
cultivar:nova_caravela|cucurbita_moschata,Cultivar,,,,,,Nova Caravela,,,,,cucurbita moschata,,
cultivar:para|cucurbita_moschata,Cultivar,,,,,,PARÃ,,,,,cucurbita moschata,,
cultivar:pluto|cucurbita_moschata,Cultivar,,,,,,Pluto,,,,,cucurbita moschata,,
cultivar:rajada_seca_melhorada|cucurbita_moschata,Cultivar,,,,,,Rajada Seca Melhorada,,,,,cucurbita moschata,,
cultivar:sandy|cucurbita_moschata,Cultivar,,,,,,Sandy,,,,,cucurbita moschata,,
cultivar:saudade|cucurbita_moschata,Cultivar,,,,,,Saudade,,,,,cucurbita moschata,,
cultivar:seca|cucurbita_moschata,Cultivar,,,,,,Seca,,,,,cucurbita moschata,,
cultivar:sergipana|cucurbita_moschata,Cultivar,,,,,,Sergipana,,,,,cucurbita moschata,,
cultivar:te_013|cucurbita_moschata,Cultivar,,,,,,TE 013,,,,,cucurbita moschata,,
cultivar:tropical|cucurbita_moschata,Cultivar,,,,,,Tropical,,,,,cucurbita moschata,,
cultivar:tropicana|cucurbita_moschata,Cultivar,,,,,,Tropicana,,,,,cucurbita moschata,,
cultivar:vsq_549|cucurbita_moschata,Cultivar,,,,,,VSQ 549,,,,,cucurbita moschata,,
cultivar:vsq_562|cucurbita_moschata,Cultivar,,,,,,VSQ 562,,,,,cucurbita moschata,,
cultivar:vsq_563|cucurbita_moschata,Cultivar,,,,,,VSQ 563,,,,,cucurbita moschata,,
cultivar:vsq_569|cucurbita_moschata,Cultivar,,,,,,VSQ 569,,,,,cucurbita moschata,,
cultivar:vsq_577|cucurbita_moschata,Cultivar,,,,,,VSQ 577,,,,,cucurbita moschata,,
cultivar:vsq_611|cucurbita_moschata,Cultivar,,,,,,VSQ 611,,,,,cucurbita moschata,,
cultivar:vsq044g|cucurbita_moschata,Cultivar,,,,,,VSQ044G,,,,,cucurbita moschata,,
cultivar:vsq045g|cucurbita_moschata,Cultivar,,,,,,VSQ045G,,,,,cucurbita moschata,,
cultivar:xinga3_jacarezinho_casca_grossa|cucurbita_moschata,Cultivar,,,,,,XingÃ³ Jacarezinho Casca Grossa,,,,,cucurbita moschata,,
cultivar:atila|cucurbita_moschata,Cultivar,,,,,,Ãtila,,,,,cucurbita moschata,,
species:cucurbita_pepo,Species,,,,,,,,,cucurbita pepo,Cucurbita pepo L.,,,
cultivar:10d2248|cucurbita_pepo,Cultivar,,,,,,10D2248,,,,,cucurbita pepo,,
cultivar:18abb10266|cucurbita_pepo,Cultivar,,,,,,18ABB10266,,,,,cucurbita pepo,,
cultivar:18abb10284|cucurbita_pepo,Cultivar,,,,,,18ABB10284,,,,,cucurbita pepo,,
cultivar:19abb10475|cucurbita_pepo,Cultivar,,,,,,19ABB10475,,,,,cucurbita pepo,,
cultivar:af_13733|cucurbita_pepo,Cultivar,,,,,,AF 13733,,,,,cucurbita pepo,,
cultivar:af_14511|cucurbita_pepo,Cultivar,,,,,,AF 14511,,,,,cucurbita pepo,,
cultivar:af_14795|cucurbita_pepo,Cultivar,,,,,,AF 14795,,,,,cucurbita pepo,,
cultivar:af_15724|cucurbita_pepo,Cultivar,,,,,,AF 15724,,,,,cucurbita pepo,,
cultivar:af_15725|cucurbita_pepo,Cultivar,,,,,,AF 15725,,,,,cucurbita pepo,,
cultivar:af_15726|cucurbita_pepo,Cultivar,,,,,,AF 15726,,,,,cucurbita pepo,,
cultivar:af_3477|cucurbita_pepo,Cultivar,,,,,,AF 3477,,,,,cucurbita pepo,,
cultivar:af_3479|cucurbita_pepo,Cultivar,,,,,,AF 3479,,,,,cucurbita pepo,,
cultivar:af1000|cucurbita_pepo,Cultivar,,,,,,AF1000,,,,,cucurbita pepo,,
cultivar:af1001|cucurbita_pepo,Cultivar,,,,,,AF1001,,,,,cucurbita pepo,,
cultivar:af1002|cucurbita_pepo,Cultivar,,,,,,AF1002,,,,,cucurbita pepo,,
cultivar:af1003|cucurbita_pepo,Cultivar,,,,,,AF1003,,,,,cucurbita pepo,,
cultivar:af1005|cucurbita_pepo,Cultivar,,,,,,AF1005,,,,,cucurbita pepo,,
cultivar:af1014|cucurbita_pepo,Cultivar,,,,,,AF1014,,,,,cucurbita pepo,,
cultivar:af1027|cucurbita_pepo,Cultivar,,,,,,AF1027,,,,,cucurbita pepo,,
cultivar:af1028|cucurbita_pepo,Cultivar,,,,,,AF1028,,,,,cucurbita pepo,,
cultivar:af1030|cucurbita_pepo,Cultivar,,,,,,AF1030,,,,,cucurbita pepo,,
cultivar:af1036|cucurbita_pepo,Cultivar,,,,,,AF1036,,,,,cucurbita pepo,,
cultivar:af13637|cucurbita_pepo,Cultivar,,,,,,AF13637,,,,,cucurbita pepo,,
cultivar:af14458|cucurbita_pepo,Cultivar,,,,,,AF14458,,,,,cucurbita pepo,,
cultivar:af15157|cucurbita_pepo,Cultivar,,,,,,AF15157,,,,,cucurbita pepo,,
cultivar:af16099|cucurbita_pepo,Cultivar,,,,,,AF16099,,,,,cucurbita pepo,,
cultivar:af16105|cucurbita_pepo,Cultivar,,,,,,AF16105,,,,,cucurbita pepo,,
cultivar:af16549|cucurbita_pepo,Cultivar,,,,,,AF16549,,,,,cucurbita pepo,,
cultivar:af16556|cucurbita_pepo,Cultivar,,,,,,AF16556,,,,,cucurbita pepo,,
cultivar:af16560|cucurbita_pepo,Cultivar,,,,,,AF16560,,,,,cucurbita pepo,,
cultivar:af16847|cucurbita_pepo,Cultivar,,,,,,AF16847,,,,,cucurbita pepo,,
cultivar:af17093|cucurbita_pepo,Cultivar,,,,,,AF17093,,,,,cucurbita pepo,,
cultivar:af17112|cucurbita_pepo,Cultivar,,,,,,AF17112,,,,,cucurbita pepo,,
cultivar:af17167|cucurbita_pepo,Cultivar,,,,,,AF17167,,,,,cucurbita pepo,,
cultivar:af18232|cucurbita_pepo,Cultivar,,,,,,AF18232,,,,,cucurbita pepo,,
cultivar:af18233|cucurbita_pepo,Cultivar,,,,,,AF18233,,,,,cucurbita pepo,,
cultivar:af18330|cucurbita_pepo,Cultivar,,,,,,AF18330,,,,,cucurbita pepo,,
cultivar:af18334|cucurbita_pepo,Cultivar,,,,,,AF18334,,,,,cucurbita pepo,,
cultivar:af18396|cucurbita_pepo,Cultivar,,,,,,AF18396,,,,,cucurbita pepo,,
cultivar:af18404|cucurbita_pepo,Cultivar,,,,,,AF18404,,,,,cucurbita pepo,,
cultivar:af18418|cucurbita_pepo,Cultivar,,,,,,AF18418,,,,,cucurbita pepo,,
cultivar:af18419|cucurbita_pepo,Cultivar,,,,,,AF18419,,,,,cucurbita pepo,,
cultivar:af18434|cucurbita_pepo,Cultivar,,,,,,AF18434,,,,,cucurbita pepo,,
cultivar:af18486|cucurbita_pepo,Cultivar,,,,,,AF18486,,,,,cucurbita pepo,,
cultivar:af18524|cucurbita_pepo,Cultivar,,,,,,AF18524,,,,,cucurbita pepo,,
cultivar:af19150|cucurbita_pepo,Cultivar,,,,,,AF19150,,,,,cucurbita pepo,,
cultivar:af19206|cucurbita_pepo,Cultivar,,,,,,AF19206,,,,,cucurbita pepo,,
cultivar:af19214|cucurbita_pepo,Cultivar,,,,,,AF19214,,,,,cucurbita pepo,,
cultivar:af19244|cucurbita_pepo,Cultivar,,,,,,AF19244,,,,,cucurbita pepo,,
cultivar:af19246|cucurbita_pepo,Cultivar,,,,,,AF19246,,,,,cucurbita pepo,,
cultivar:af19254|cucurbita_pepo,Cultivar,,,,,,AF19254,,,,,cucurbita pepo,,
cultivar:af19255|cucurbita_pepo,Cultivar,,,,,,AF19255,,,,,cucurbita pepo,,
cultivar:af19265|cucurbita_pepo,Cultivar,,,,,,AF19265,,,,,cucurbita pepo,,
cultivar:af19267|cucurbita_pepo,Cultivar,,,,,,AF19267,,,,,cucurbita pepo,,
cultivar:af19280|cucurbita_pepo,Cultivar,,,,,,AF19280,,,,,cucurbita pepo,,
cultivar:af19554|cucurbita_pepo,Cultivar,,,,,,AF19554,,,,,cucurbita pepo,,
cultivar:af20182|cucurbita_pepo,Cultivar,,,,,,AF20182,,,,,cucurbita pepo,,
cultivar:af20215|cucurbita_pepo,Cultivar,,,,,,AF20215,,,,,cucurbita pepo,,
cultivar:af24237|cucurbita_pepo,Cultivar,,,,,,AF24237,,,,,cucurbita pepo,,
cultivar:af25576|cucurbita_pepo,Cultivar,,,,,,AF25576,,,,,cucurbita pepo,,
cultivar:af25923|cucurbita_pepo,Cultivar,,,,,,AF25923,,,,,cucurbita pepo,,
cultivar:af25934|cucurbita_pepo,Cultivar,,,,,,AF25934,,,,,cucurbita pepo,,
cultivar:af25939|cucurbita_pepo,Cultivar,,,,,,AF25939,,,,,cucurbita pepo,,
cultivar:af25979|cucurbita_pepo,Cultivar,,,,,,AF25979,,,,,cucurbita pepo,,
cultivar:af25983|cucurbita_pepo,Cultivar,,,,,,AF25983,,,,,cucurbita pepo,,
cultivar:af25987|cucurbita_pepo,Cultivar,,,,,,AF25987,,,,,cucurbita pepo,,
cultivar:af29802|cucurbita_pepo,Cultivar,,,,,,AF29802,,,,,cucurbita pepo,,
cultivar:af30011|cucurbita_pepo,Cultivar,,,,,,AF30011,,,,,cucurbita pepo,,
cultivar:af30046|cucurbita_pepo,Cultivar,,,,,,AF30046,,,,,cucurbita pepo,,
cultivar:af33493|cucurbita_pepo,Cultivar,,,,,,AF33493,,,,,cucurbita pepo,,
cultivar:af34001|cucurbita_pepo,Cultivar,,,,,,AF34001,,,,,cucurbita pepo,,
cultivar:af34108|cucurbita_pepo,Cultivar,,,,,,AF34108,,,,,cucurbita pepo,,
cultivar:af35502|cucurbita_pepo,Cultivar,,,,,,AF35502,,,,,cucurbita pepo,,
cultivar:af35503|cucurbita_pepo,Cultivar,,,,,,AF35503,,,,,cucurbita pepo,,
cultivar:af35504|cucurbita_pepo,Cultivar,,,,,,AF35504,,,,,cucurbita pepo,,
cultivar:af36495|cucurbita_pepo,Cultivar,,,,,,AF36495,,,,,cucurbita pepo,,
cultivar:af36508|cucurbita_pepo,Cultivar,,,,,,AF36508,,,,,cucurbita pepo,,
cultivar:af36517|cucurbita_pepo,Cultivar,,,,,,AF36517,,,,,cucurbita pepo,,
cultivar:af38666|cucurbita_pepo,Cultivar,,,,,,AF38666,,,,,cucurbita pepo,,
cultivar:ascona|cucurbita_pepo,Cultivar,,,,,,ASCONA,,,,,cucurbita pepo,,
cultivar:adele|cucurbita_pepo,Cultivar,,,,,,Adele,,,,,cucurbita pepo,,
cultivar:alanis|cucurbita_pepo,Cultivar,,,,,,Alanis,,,,,cucurbita pepo,,
cultivar:alexa|cucurbita_pepo,Cultivar,,,,,,Alexa,,,,,cucurbita pepo,,
cultivar:aline|cucurbita_pepo,Cultivar,,,,,,Aline,,,,,cucurbita pepo,,
cultivar:alacia|cucurbita_pepo,Cultivar,,,,,,AlÃ­cia,,,,,cucurbita pepo,,
cultivar:anita|cucurbita_pepo,Cultivar,,,,,,Anita,,,,,cucurbita pepo,,
cultivar:asmara|cucurbita_pepo,Cultivar,,,,,,Asmara,,,,,cucurbita pepo,,
cultivar:atlanta|cucurbita_pepo,Cultivar,,,,,,Atlanta,,,,,cucurbita pepo,,
cultivar:aurora|cucurbita_pepo,Cultivar,,,,,,Aurora,,,,,cucurbita pepo,,
cultivar:brs_estrela|cucurbita_pepo,Cultivar,,,,,,BRS Estrela,,,,,cucurbita pepo,,
cultivar:brs_linda|cucurbita_pepo,Cultivar,,,,,,BRS Linda,,,,,cucurbita pepo,,
cultivar:bs_ab0183|cucurbita_pepo,Cultivar,,,,,,BS AB0183,,,,,cucurbita pepo,,
cultivar:bavette|cucurbita_pepo,Cultivar,,,,,,Bavette,,,,,cucurbita pepo,,
cultivar:caserta|cucurbita_pepo,Cultivar,,,,,,CASERTA,,,,,cucurbita pepo,,
cultivar:caserta_italiana|cucurbita_pepo,Cultivar,,,,,,Caserta Italiana,,,,,cucurbita pepo,,
cultivar:clara|cucurbita_pepo,Cultivar,,,,,,Clara,,,,,cucurbita pepo,,
cultivar:de_tronco_redonda|cucurbita_pepo,Cultivar,,,,,,DE TRONCO REDONDA,,,,,cucurbita pepo,,
cultivar:de_tronco_branca|cucurbita_pepo,Cultivar,,,,,,De Tronco Branca,,,,,cucurbita pepo,,
cultivar:de_tronco_caserta|cucurbita_pepo,Cultivar,,,,,,De Tronco Caserta,,,,,cucurbita pepo,,
cultivar:de_tronco_redonda_verde|cucurbita_pepo,Cultivar,,,,,,De Tronco Redonda Verde,,,,,cucurbita pepo,,
cultivar:decorativa_sortida|cucurbita_pepo,Cultivar,,,,,,Decorativa sortida,,,,,cucurbita pepo,,
cultivar:emanuela|cucurbita_pepo,Cultivar,,,,,,Emanuela,,,,,cucurbita pepo,,
cultivar:giovana|cucurbita_pepo,Cultivar,,,,,,Giovana,,,,,cucurbita pepo,,
cultivar:hilary|cucurbita_pepo,Cultivar,,,,,,HILARY,,,,,cucurbita pepo,,
cultivar:ht_25|cucurbita_pepo,Cultivar,,,,,,HT 25,,,,,cucurbita pepo,,
cultivar:jaqueline|cucurbita_pepo,Cultivar,,,,,,Jaqueline,,,,,cucurbita pepo,,
cultivar:joaquina|cucurbita_pepo,Cultivar,,,,,,Joaquina,,,,,cucurbita pepo,,
cultivar:juliete|cucurbita_pepo,Cultivar,,,,,,Juliete,,,,,cucurbita pepo,,
cultivar:kamileh|cucurbita_pepo,Cultivar,,,,,,Kamileh,,,,,cucurbita pepo,,
cultivar:la_belle|cucurbita_pepo,Cultivar,,,,,,La Belle,,,,,cucurbita pepo,,
cultivar:mammoth|cucurbita_pepo,Cultivar,,,,,,Mammoth,,,,,cucurbita pepo,,
cultivar:melissa|cucurbita_pepo,Cultivar,,,,,,Melissa,,,,,cucurbita pepo,,
cultivar:menina_brasileira_precoce|cucurbita_pepo,Cultivar,,,,,,Menina Brasileira Precoce,,,,,cucurbita pepo,,
cultivar:meteoro|cucurbita_pepo,Cultivar,,,,,,Meteoro,,,,,cucurbita pepo,,
cultivar:mogango|cucurbita_pepo,Cultivar,,,,,,Mogango,,,,,cucurbita pepo,,
cultivar:ouro_negro|cucurbita_pepo,Cultivar,,,,,,Ouro Negro,,,,,cucurbita pepo,,
cultivar:paola|cucurbita_pepo,Cultivar,,,,,,Paola,,,,,cucurbita pepo,,
cultivar:pira_moita|cucurbita_pepo,Cultivar,,,,,,Pira Moita,,,,,cucurbita pepo,,
cultivar:sc4_15|cucurbita_pepo,Cultivar,,,,,,SC4 15,,,,,cucurbita pepo,,
cultivar:sk2028|cucurbita_pepo,Cultivar,,,,,,SK2028,,,,,cucurbita pepo,,
cultivar:siena|cucurbita_pepo,Cultivar,,,,,,Siena,,,,,cucurbita pepo,,
cultivar:simone|cucurbita_pepo,Cultivar,,,,,,Simone,,,,,cucurbita pepo,,
cultivar:sumaia|cucurbita_pepo,Cultivar,,,,,,Sumaia,,,,,cucurbita pepo,,
cultivar:te_014|cucurbita_pepo,Cultivar,,,,,,TE 014,,,,,cucurbita pepo,,
cultivar:te_020|cucurbita_pepo,Cultivar,,,,,,TE 020,,,,,cucurbita pepo,,
cultivar:vpu519|cucurbita_pepo,Cultivar,,,,,,VPU519,,,,,cucurbita pepo,,
cultivar:vpu525|cucurbita_pepo,Cultivar,,,,,,VPU525,,,,,cucurbita pepo,,
cultivar:vpu526|cucurbita_pepo,Cultivar,,,,,,VPU526,,,,,cucurbita pepo,,
cultivar:vpu528|cucurbita_pepo,Cultivar,,,,,,VPU528,,,,,cucurbita pepo,,
cultivar:vpu531|cucurbita_pepo,Cultivar,,,,,,VPU531,,,,,cucurbita pepo,,
cultivar:vpu532|cucurbita_pepo,Cultivar,,,,,,VPU532,,,,,cucurbita pepo,,
cultivar:vpu533|cucurbita_pepo,Cultivar,,,,,,VPU533,,,,,cucurbita pepo,,
cultivar:vpu534|cucurbita_pepo,Cultivar,,,,,,VPU534,,,,,cucurbita pepo,,
cultivar:vpu536|cucurbita_pepo,Cultivar,,,,,,VPU536,,,,,cucurbita pepo,,
cultivar:vpu537|cucurbita_pepo,Cultivar,,,,,,VPU537,,,,,cucurbita pepo,,
cultivar:vsq_559|cucurbita_pepo,Cultivar,,,,,,VSQ 559,,,,,cucurbita pepo,,
cultivar:vsq_568|cucurbita_pepo,Cultivar,,,,,,VSQ 568,,,,,cucurbita pepo,,
cultivar:vsq_902|cucurbita_pepo,Cultivar,,,,,,VSQ 902,,,,,cucurbita pepo,,
cultivar:vsq_907|cucurbita_pepo,Cultivar,,,,,,VSQ 907,,,,,cucurbita pepo,,
cultivar:vsq_908|cucurbita_pepo,Cultivar,,,,,,VSQ 908,,,,,cucurbita pepo,,
cultivar:vsq_909|cucurbita_pepo,Cultivar,,,,,,VSQ 909,,,,,cucurbita pepo,,
cultivar:vsq_910|cucurbita_pepo,Cultivar,,,,,,VSQ 910,,,,,cucurbita pepo,,
cultivar:vsq_911|cucurbita_pepo,Cultivar,,,,,,VSQ 911,,,,,cucurbita pepo,,
cultivar:vsq013g|cucurbita_pepo,Cultivar,,,,,,VSQ013G,,,,,cucurbita pepo,,
cultivar:vsq039g|cucurbita_pepo,Cultivar,,,,,,VSQ039G,,,,,cucurbita pepo,,
cultivar:vsq564|cucurbita_pepo,Cultivar,,,,,,VSQ564,,,,,cucurbita pepo,,
cultivar:vsq905|cucurbita_pepo,Cultivar,,,,,,VSQ905,,,,,cucurbita pepo,,
cultivar:vsq923|cucurbita_pepo,Cultivar,,,,,,VSQ923,,,,,cucurbita pepo,,
cultivar:veneza|cucurbita_pepo,Cultivar,,,,,,Veneza,,,,,cucurbita pepo,,
cultivar:viena|cucurbita_pepo,Cultivar,,,,,,Viena,,,,,cucurbita pepo,,
cultivar:yasmin|cucurbita_pepo,Cultivar,,,,,,Yasmin,,,,,cucurbita pepo,,
cultivar:cibele|cucurbita_pepo,Cultivar,,,,,,Cibele,,,,,cucurbita pepo,,
cultivar:dany|cucurbita_pepo,Cultivar,,,,,,Dany,,,,,cucurbita pepo,,
cultivar:galicia|cucurbita_pepo,Cultivar,,,,,,Galicia,,,,,cucurbita pepo,,
cultivar:ht_57|cucurbita_pepo,Cultivar,,,,,,HT 57,,,,,cucurbita pepo,,
cultivar:ht_65|cucurbita_pepo,Cultivar,,,,,,HT 65,,,,,cucurbita pepo,,
cultivar:joyce|cucurbita_pepo,Cultivar,,,,,,Joyce,,,,,cucurbita pepo,,
cultivar:scv_2111|cucurbita_pepo,Cultivar,,,,,,SCV 2111,,,,,cucurbita pepo,,
cultivar:scv_2211|cucurbita_pepo,Cultivar,,,,,,SCV 2211,,,,,cucurbita pepo,,
cultivar:scv_2316|cucurbita_pepo,Cultivar,,,,,,SCV 2316,,,,,cucurbita pepo,,
cultivar:scv_2416|cucurbita_pepo,Cultivar,,,,,,SCV 2416,,,,,cucurbita pepo,,
species:daucus_carota,Species,,,,,,,,,daucus carota,Daucus carota L.,,,
cultivar:agr_123|daucus_carota,Cultivar,,,,,,AGR 123,,,,,daucus carota,,
cultivar:agr_125|daucus_carota,Cultivar,,,,,,AGR 125,,,,,daucus carota,,
cultivar:alvorada|daucus_carota,Cultivar,,,,,,Alvorada,,,,,daucus carota,,
cultivar:amanda|daucus_carota,Cultivar,,,,,,Amanda,,,,,daucus carota,,
region:rn,Region,,,,,,,,,,,,RN,Brasil
cultivar:andressa|daucus_carota,Cultivar,,,,,,Andressa,,,,,daucus carota,,
cultivar:ariele|daucus_carota,Cultivar,,,,,,Ariele,,,,,daucus carota,,
cultivar:bas_10739|daucus_carota,Cultivar,,,,,,BAS 10739,,,,,daucus carota,,
cultivar:bas_10745|daucus_carota,Cultivar,,,,,,BAS 10745,,,,,daucus carota,,
cultivar:bas_15275|daucus_carota,Cultivar,,,,,,BAS 15275,,,,,daucus carota,,
cultivar:bas_15282|daucus_carota,Cultivar,,,,,,BAS 15282,,,,,daucus carota,,
cultivar:bas_15288|daucus_carota,Cultivar,,,,,,BAS 15288,,,,,daucus carota,,
cultivar:bas_23098|daucus_carota,Cultivar,,,,,,BAS 23098,,,,,daucus carota,,
cultivar:bas_23099|daucus_carota,Cultivar,,,,,,BAS 23099,,,,,daucus carota,,
cultivar:brs_carmela|daucus_carota,Cultivar,,,,,,BRS Carmela,,,,,daucus carota,,
cultivar:brs_esplanada|daucus_carota,Cultivar,,,,,,BRS Esplanada,,,,,daucus carota,,
cultivar:brs_paranoa|daucus_carota,Cultivar,,,,,,BRS ParanoÃ¡,,,,,daucus carota,,
cultivar:brs_planalto|daucus_carota,Cultivar,,,,,,BRS Planalto,,,,,daucus carota,,
cultivar:brasilia_irecaa|daucus_carota,Cultivar,,,,,,Brasilia IrecÃª,,,,,daucus carota,,
cultivar:brasalia|daucus_carota,Cultivar,,,,,,BrasÃ­lia,,,,,daucus carota,,
cultivar:brazlandia|daucus_carota,Cultivar,,,,,,Brazlandia,,,,,daucus carota,,
cultivar:cen_01|daucus_carota,Cultivar,,,,,,CEN 01,,,,,daucus carota,,
cultivar:cristalina|daucus_carota,Cultivar,,,,,,CRISTALINA,,,,,daucus carota,,
cultivar:danvers_meio_comprida|daucus_carota,Cultivar,,,,,,Danvers Meio Comprida,,,,,daucus carota,,
cultivar:eloasa|daucus_carota,Cultivar,,,,,,EloÃ­sa,,,,,daucus carota,,
cultivar:erica|daucus_carota,Cultivar,,,,,,Erica,,,,,daucus carota,,
cultivar:francine|daucus_carota,Cultivar,,,,,,Francine,,,,,daucus carota,,
cultivar:gigante_de_flakker|daucus_carota,Cultivar,,,,,,Gigante de Flakker,,,,,daucus carota,,
cultivar:h12la|daucus_carota,Cultivar,,,,,,H12LA,,,,,daucus carota,,
cultivar:h12lb|daucus_carota,Cultivar,,,,,,H12LB,,,,,daucus carota,,
cultivar:h12lc|daucus_carota,Cultivar,,,,,,H12LC,,,,,daucus carota,,
cultivar:h8la|daucus_carota,Cultivar,,,,,,H8LA,,,,,daucus carota,,
cultivar:h8lb|daucus_carota,Cultivar,,,,,,H8LB,,,,,daucus carota,,
cultivar:h8lc|daucus_carota,Cultivar,,,,,,H8LC,,,,,daucus carota,,
cultivar:ht_2000|daucus_carota,Cultivar,,,,,,HT - 2000,,,,,daucus carota,,
cultivar:is_825|daucus_carota,Cultivar,,,,,,IS 825,,,,,daucus carota,,
cultivar:is_825a|daucus_carota,Cultivar,,,,,,IS 825A,,,,,daucus carota,,
cultivar:is_825c|daucus_carota,Cultivar,,,,,,IS 825C,,,,,daucus carota,,
cultivar:is_914a|daucus_carota,Cultivar,,,,,,IS 914A,,,,,daucus carota,,
cultivar:is_914c|daucus_carota,Cultivar,,,,,,IS 914C,,,,,daucus carota,,
cultivar:is_931|daucus_carota,Cultivar,,,,,,IS 931,,,,,daucus carota,,
cultivar:is_931a|daucus_carota,Cultivar,,,,,,IS 931A,,,,,daucus carota,,
cultivar:is_931c|daucus_carota,Cultivar,,,,,,IS 931C,,,,,daucus carota,,
cultivar:is_994|daucus_carota,Cultivar,,,,,,IS 994,,,,,daucus carota,,
cultivar:is_999a|daucus_carota,Cultivar,,,,,,IS 999A,,,,,daucus carota,,
cultivar:is_999c|daucus_carota,Cultivar,,,,,,IS 999C,,,,,daucus carota,,
cultivar:ingrid|daucus_carota,Cultivar,,,,,,Ingrid,,,,,daucus carota,,
cultivar:kuronan|daucus_carota,Cultivar,,,,,,Kuronan,,,,,daucus carota,,
cultivar:lilian|daucus_carota,Cultivar,,,,,,Lilian,,,,,daucus carota,,
cultivar:luiza|daucus_carota,Cultivar,,,,,,Luiza,,,,,daucus carota,,
cultivar:lagia|daucus_carota,Cultivar,,,,,,LÃ­gia,,,,,daucus carota,,
cultivar:lavia|daucus_carota,Cultivar,,,,,,LÃ­via,,,,,daucus carota,,
cultivar:melissa|daucus_carota,Cultivar,,,,,,MELISSA,,,,,daucus carota,,
cultivar:mariana|daucus_carota,Cultivar,,,,,,Mariana,,,,,daucus carota,,
cultivar:marly|daucus_carota,Cultivar,,,,,,Marly,,,,,daucus carota,,
cultivar:melinda|daucus_carota,Cultivar,,,,,,Melinda,,,,,daucus carota,,
cultivar:nadia|daucus_carota,Cultivar,,,,,,Nadia,,,,,daucus carota,,
cultivar:nancy|daucus_carota,Cultivar,,,,,,Nancy,,,,,daucus carota,,
cultivar:nantes|daucus_carota,Cultivar,,,,,,Nantes,,,,,daucus carota,,
cultivar:nantes_milena|daucus_carota,Cultivar,,,,,,Nantes Milena,,,,,daucus carota,,
cultivar:nantes_superior|daucus_carota,Cultivar,,,,,,Nantes Superior,,,,,daucus carota,,
cultivar:nimes|daucus_carota,Cultivar,,,,,,Nimes,,,,,daucus carota,,
cultivar:nova_kuroda|daucus_carota,Cultivar,,,,,,Nova Kuroda,,,,,daucus carota,,
cultivar:paloma|daucus_carota,Cultivar,,,,,,Paloma,,,,,daucus carota,,
cultivar:roterda|daucus_carota,Cultivar,,,,,,RoterdÃ£,,,,,daucus carota,,
cultivar:royal_kuroda|daucus_carota,Cultivar,,,,,,Royal Kuroda,,,,,daucus carota,,
cultivar:sertao|daucus_carota,Cultivar,,,,,,SertÃ£o,,,,,daucus carota,,
cultivar:solar|daucus_carota,Cultivar,,,,,,Solar,,,,,daucus carota,,
cultivar:suprema|daucus_carota,Cultivar,,,,,,Suprema,,,,,daucus carota,,
cultivar:tpc_18087|daucus_carota,Cultivar,,,,,,TPC 18087,,,,,daucus carota,,
cultivar:thais|daucus_carota,Cultivar,,,,,,Thais,,,,,daucus carota,,
cultivar:verao_ht|daucus_carota,Cultivar,,,,,,VerÃ£o - HT,,,,,daucus carota,,
cultivar:vitoria|daucus_carota,Cultivar,,,,,,Vitoria,,,,,daucus carota,,
cultivar:af3299|daucus_carota,Cultivar,,,,,,AF3299,,,,,daucus carota,,
species:lactuca_sativa,Species,,,,,,,,,lactuca sativa,Lactuca sativa L.,,,
cultivar:af_3918|lactuca_sativa,Cultivar,,,,,,AF 3918,,,,,lactuca sativa,,
cultivar:af_5007|lactuca_sativa,Cultivar,,,,,,AF 5007,,,,,lactuca sativa,,
cultivar:af_5010|lactuca_sativa,Cultivar,,,,,,AF 5010,,,,,lactuca sativa,,
cultivar:af_5137|lactuca_sativa,Cultivar,,,,,,AF 5137,,,,,lactuca sativa,,
cultivar:af_5254|lactuca_sativa,Cultivar,,,,,,AF 5254,,,,,lactuca sativa,,
cultivar:af_5267|lactuca_sativa,Cultivar,,,,,,AF 5267,,,,,lactuca sativa,,
cultivar:af_5345|lactuca_sativa,Cultivar,,,,,,AF 5345,,,,,lactuca sativa,,
cultivar:af_5542|lactuca_sativa,Cultivar,,,,,,AF 5542,,,,,lactuca sativa,,
cultivar:af_5547|lactuca_sativa,Cultivar,,,,,,AF 5547,,,,,lactuca sativa,,
cultivar:af_5627|lactuca_sativa,Cultivar,,,,,,AF 5627,,,,,lactuca sativa,,
cultivar:af12163|lactuca_sativa,Cultivar,,,,,,AF12163,,,,,lactuca sativa,,
cultivar:af12759|lactuca_sativa,Cultivar,,,,,,AF12759,,,,,lactuca sativa,,
cultivar:af13381|lactuca_sativa,Cultivar,,,,,,AF13381,,,,,lactuca sativa,,
cultivar:af15807|lactuca_sativa,Cultivar,,,,,,AF15807,,,,,lactuca sativa,,
cultivar:af15809|lactuca_sativa,Cultivar,,,,,,AF15809,,,,,lactuca sativa,,
cultivar:af17928|lactuca_sativa,Cultivar,,,,,,AF17928,,,,,lactuca sativa,,
cultivar:af18920|lactuca_sativa,Cultivar,,,,,,AF18920,,,,,lactuca sativa,,
cultivar:af18921|lactuca_sativa,Cultivar,,,,,,AF18921,,,,,lactuca sativa,,
cultivar:af7816|lactuca_sativa,Cultivar,,,,,,AF7816,,,,,lactuca sativa,,
cultivar:af7944|lactuca_sativa,Cultivar,,,,,,AF7944,,,,,lactuca sativa,,
cultivar:af7945|lactuca_sativa,Cultivar,,,,,,AF7945,,,,,lactuca sativa,,
cultivar:af9708|lactuca_sativa,Cultivar,,,,,,AF9708,,,,,lactuca sativa,,
cultivar:abarquina|lactuca_sativa,Cultivar,,,,,,Abarquina,,,,,lactuca sativa,,
cultivar:adely|lactuca_sativa,Cultivar,,,,,,Adely,,,,,lactuca sativa,,
cultivar:adriele|lactuca_sativa,Cultivar,,,,,,Adriele,,,,,lactuca sativa,,
cultivar:agnes|lactuca_sativa,Cultivar,,,,,,Agnes,,,,,lactuca sativa,,
cultivar:alana|lactuca_sativa,Cultivar,,,,,,Alana,,,,,lactuca sativa,,
cultivar:alcione|lactuca_sativa,Cultivar,,,,,,Alcione,,,,,lactuca sativa,,
cultivar:alice|lactuca_sativa,Cultivar,,,,,,Alice,,,,,lactuca sativa,,
cultivar:aline|lactuca_sativa,Cultivar,,,,,,Aline,,,,,lactuca sativa,,
cultivar:alioth|lactuca_sativa,Cultivar,,,,,,Alioth,,,,,lactuca sativa,,
cultivar:americana|lactuca_sativa,Cultivar,,,,,,Americana,,,,,lactuca sativa,,
cultivar:americana_grandes_lagos_659|lactuca_sativa,Cultivar,,,,,,Americana Grandes Lagos 659,,,,,lactuca sativa,,
cultivar:americana_lady|lactuca_sativa,Cultivar,,,,,,Americana Lady,,,,,lactuca sativa,,
cultivar:analu|lactuca_sativa,Cultivar,,,,,,Analu,,,,,lactuca sativa,,
cultivar:andressa|lactuca_sativa,Cultivar,,,,,,Andressa,,,,,lactuca sativa,,
cultivar:andriely|lactuca_sativa,Cultivar,,,,,,Andriely,,,,,lactuca sativa,,
cultivar:angelina|lactuca_sativa,Cultivar,,,,,,Angelina,,,,,lactuca sativa,,
cultivar:angra|lactuca_sativa,Cultivar,,,,,,Angra,,,,,lactuca sativa,,
cultivar:ariadne|lactuca_sativa,Cultivar,,,,,,Ariadne,,,,,lactuca sativa,,
cultivar:ariana|lactuca_sativa,Cultivar,,,,,,Ariana,,,,,lactuca sativa,,
cultivar:ariel|lactuca_sativa,Cultivar,,,,,,Ariel,,,,,lactuca sativa,,
cultivar:astra|lactuca_sativa,Cultivar,,,,,,Astra,,,,,lactuca sativa,,
cultivar:atalaia|lactuca_sativa,Cultivar,,,,,,Atalaia,,,,,lactuca sativa,,
cultivar:augusta|lactuca_sativa,Cultivar,,,,,,Augusta,,,,,lactuca sativa,,
cultivar:biof01|lactuca_sativa,Cultivar,,,,,,BIOF01,,,,,lactuca sativa,,
cultivar:biof04|lactuca_sativa,Cultivar,,,,,,BIOF04,,,,,lactuca sativa,,
cultivar:biof05|lactuca_sativa,Cultivar,,,,,,BIOF05,,,,,lactuca sativa,,
cultivar:biof06|lactuca_sativa,Cultivar,,,,,,BIOF06,,,,,lactuca sativa,,
cultivar:bolinha|lactuca_sativa,Cultivar,,,,,,BOLINHA,,,,,lactuca sativa,,
cultivar:brida|lactuca_sativa,Cultivar,,,,,,BRIDA,,,,,lactuca sativa,,
cultivar:brs_leila|lactuca_sativa,Cultivar,,,,,,BRS Leila,,,,,lactuca sativa,,
cultivar:brs_lelia|lactuca_sativa,Cultivar,,,,,,BRS Lelia,,,,,lactuca sativa,,
cultivar:brs_mediterranea|lactuca_sativa,Cultivar,,,,,,BRS MediterrÃ¢nea,,,,,lactuca sativa,,
cultivar:brunela|lactuca_sativa,Cultivar,,,,,,BRUNELA,,,,,lactuca sativa,,
cultivar:bs_am0074|lactuca_sativa,Cultivar,,,,,,BS AM0074,,,,,lactuca sativa,,
cultivar:bs_ambol0188|lactuca_sativa,Cultivar,,,,,,BS AMBOL0188,,,,,lactuca sativa,,
cultivar:bs_amr0075|lactuca_sativa,Cultivar,,,,,,BS AMR0075,,,,,lactuca sativa,,
cultivar:bs_amr0076|lactuca_sativa,Cultivar,,,,,,BS AMR0076,,,,,lactuca sativa,,
cultivar:bs_amr0077|lactuca_sativa,Cultivar,,,,,,BS AMR0077,,,,,lactuca sativa,,
cultivar:baba_de_verao|lactuca_sativa,Cultivar,,,,,,Baba de VerÃ£o,,,,,lactuca sativa,,
cultivar:baba_de_verao_manteiga|lactuca_sativa,Cultivar,,,,,,BabÃ¡ de VerÃ£o Manteiga,,,,,lactuca sativa,,
cultivar:bella_folha|lactuca_sativa,Cultivar,,,,,,Bella Folha,,,,,lactuca sativa,,
cultivar:betania|lactuca_sativa,Cultivar,,,,,,Betania,,,,,lactuca sativa,,
cultivar:bia|lactuca_sativa,Cultivar,,,,,,Bia,,,,,lactuca sativa,,
cultivar:black_seeded_simpson|lactuca_sativa,Cultivar,,,,,,Black Seeded Simpson,,,,,lactuca sativa,,
cultivar:branca_de_boston_manteiga|lactuca_sativa,Cultivar,,,,,,Branca de Boston Manteiga,,,,,lactuca sativa,,
cultivar:brasil_303|lactuca_sativa,Cultivar,,,,,,Brasil 303,,,,,lactuca sativa,,
cultivar:brava|lactuca_sativa,Cultivar,,,,,,Brava,,,,,lactuca sativa,,
cultivar:briana|lactuca_sativa,Cultivar,,,,,,Briana,,,,,lactuca sativa,,
cultivar:ceres|lactuca_sativa,Cultivar,,,,,,CERES,,,,,lactuca sativa,,
cultivar:crespa_olinda|lactuca_sativa,Cultivar,,,,,,CRESPA OLINDA,,,,,lactuca sativa,,
cultivar:crocantela|lactuca_sativa,Cultivar,,,,,,CROCANTELA,,,,,lactuca sativa,,
cultivar:cacimba|lactuca_sativa,Cultivar,,,,,,Cacimba,,,,,lactuca sativa,,
cultivar:camboriao|lactuca_sativa,Cultivar,,,,,,CamboriÃº,,,,,lactuca sativa,,
cultivar:camila|lactuca_sativa,Cultivar,,,,,,Camila,,,,,lactuca sativa,,
cultivar:caprice|lactuca_sativa,Cultivar,,,,,,Caprice,,,,,lactuca sativa,,
cultivar:carmela_crespa_roxa|lactuca_sativa,Cultivar,,,,,,Carmela Crespa Roxa,,,,,lactuca sativa,,
cultivar:carminia|lactuca_sativa,Cultivar,,,,,,Carminia,,,,,lactuca sativa,,
cultivar:ceci|lactuca_sativa,Cultivar,,,,,,Ceci,,,,,lactuca sativa,,
cultivar:cerbiatta|lactuca_sativa,Cultivar,,,,,,Cerbiatta,,,,,lactuca sativa,,
cultivar:cida|lactuca_sativa,Cultivar,,,,,,Cida,,,,,lactuca sativa,,
cultivar:cinderela|lactuca_sativa,Cultivar,,,,,,Cinderela,,,,,lactuca sativa,,
cultivar:coliseu|lactuca_sativa,Cultivar,,,,,,Coliseu,,,,,lactuca sativa,,
cultivar:condessa|lactuca_sativa,Cultivar,,,,,,Condessa,,,,,lactuca sativa,,
cultivar:corabela|lactuca_sativa,Cultivar,,,,,,Corabela,,,,,lactuca sativa,,
cultivar:crespa|lactuca_sativa,Cultivar,,,,,,Crespa,,,,,lactuca sativa,,
cultivar:crespa_cristina|lactuca_sativa,Cultivar,,,,,,Crespa Cristina,,,,,lactuca sativa,,
cultivar:crespa_hortencia|lactuca_sativa,Cultivar,,,,,,Crespa Hortencia,,,,,lactuca sativa,,
cultivar:crespa_repolhuda|lactuca_sativa,Cultivar,,,,,,Crespa Repolhuda,,,,,lactuca sativa,,
cultivar:crespa_para_verao|lactuca_sativa,Cultivar,,,,,,Crespa para VerÃ£o,,,,,lactuca sativa,,
cultivar:cris|lactuca_sativa,Cultivar,,,,,,Cris,,,,,lactuca sativa,,
cultivar:dalia|lactuca_sativa,Cultivar,,,,,,DALIA,,,,,lactuca sativa,,
cultivar:dandara|lactuca_sativa,Cultivar,,,,,,Dandara,,,,,lactuca sativa,,
cultivar:daniele|lactuca_sativa,Cultivar,,,,,,Daniele,,,,,lactuca sativa,,
cultivar:deisy|lactuca_sativa,Cultivar,,,,,,Deisy,,,,,lactuca sativa,,
cultivar:delicata|lactuca_sativa,Cultivar,,,,,,Delicata,,,,,lactuca sativa,,
cultivar:delicia|lactuca_sativa,Cultivar,,,,,,Delicia,,,,,lactuca sativa,,
cultivar:diva|lactuca_sativa,Cultivar,,,,,,Diva,,,,,lactuca sativa,,
cultivar:donna|lactuca_sativa,Cultivar,,,,,,Donna,,,,,lactuca sativa,,
cultivar:drika|lactuca_sativa,Cultivar,,,,,,Drika,,,,,lactuca sativa,,
cultivar:evely|lactuca_sativa,Cultivar,,,,,,EVELY,,,,,lactuca sativa,,
cultivar:elba|lactuca_sativa,Cultivar,,,,,,Elba,,,,,lactuca sativa,,
cultivar:elisa|lactuca_sativa,Cultivar,,,,,,Elisa,,,,,lactuca sativa,,
cultivar:elisabeth|lactuca_sativa,Cultivar,,,,,,Elisabeth,,,,,lactuca sativa,,
cultivar:elisangela|lactuca_sativa,Cultivar,,,,,,Elisangela,,,,,lactuca sativa,,
cultivar:embaao|lactuca_sativa,Cultivar,,,,,,EmbaÃº,,,,,lactuca sativa,,
cultivar:empire|lactuca_sativa,Cultivar,,,,,,Empire,,,,,lactuca sativa,,
cultivar:emalia|lactuca_sativa,Cultivar,,,,,,EmÃ­lia,,,,,lactuca sativa,,
cultivar:eneida|lactuca_sativa,Cultivar,,,,,,Eneida,,,,,lactuca sativa,,
cultivar:felacia|lactuca_sativa,Cultivar,,,,,,FELÃCIA,,,,,lactuca sativa,,
cultivar:fabi|lactuca_sativa,Cultivar,,,,,,Fabi,,,,,lactuca sativa,,
cultivar:fabiane|lactuca_sativa,Cultivar,,,,,,Fabiane,,,,,lactuca sativa,,
cultivar:fedra|lactuca_sativa,Cultivar,,,,,,Fedra,,,,,lactuca sativa,,
cultivar:fila3|lactuca_sativa,Cultivar,,,,,,FilÃ³,,,,,lactuca sativa,,
cultivar:fireball|lactuca_sativa,Cultivar,,,,,,Fireball,,,,,lactuca sativa,,
cultivar:florence|lactuca_sativa,Cultivar,,,,,,Florence,,,,,lactuca sativa,,
cultivar:frisby|lactuca_sativa,Cultivar,,,,,,Frisby,,,,,lactuca sativa,,
cultivar:graciosa|lactuca_sativa,Cultivar,,,,,,GRACIOSA,,,,,lactuca sativa,,
cultivar:gabi|lactuca_sativa,Cultivar,,,,,,Gabi,,,,,lactuca sativa,,
cultivar:gabriela|lactuca_sativa,Cultivar,,,,,,Gabriela,,,,,lactuca sativa,,
cultivar:gamboa|lactuca_sativa,Cultivar,,,,,,Gamboa,,,,,lactuca sativa,,
cultivar:garopaba|lactuca_sativa,Cultivar,,,,,,Garopaba,,,,,lactuca sativa,,
cultivar:giovana|lactuca_sativa,Cultivar,,,,,,Giovana,,,,,lactuca sativa,,
cultivar:gloriosa|lactuca_sativa,Cultivar,,,,,,Gloriosa,,,,,lactuca sativa,,
cultivar:graciela|lactuca_sativa,Cultivar,,,,,,Graciela,,,,,lactuca sativa,,
cultivar:grand_rapids|lactuca_sativa,Cultivar,,,,,,Grand Rapids,,,,,lactuca sativa,,
cultivar:grand_rapids_tbr|lactuca_sativa,Cultivar,,,,,,Grand Rapids TBR,,,,,lactuca sativa,,
cultivar:grandes_lagos|lactuca_sativa,Cultivar,,,,,,Grandes Lagos,,,,,lactuca sativa,,
cultivar:grandes_lagos_americana|lactuca_sativa,Cultivar,,,,,,Grandes Lagos Americana,,,,,lactuca sativa,,
cultivar:green_ball|lactuca_sativa,Cultivar,,,,,,Green Ball,,,,,lactuca sativa,,
cultivar:green_frizzly|lactuca_sativa,Cultivar,,,,,,Green Frizzly,,,,,lactuca sativa,,
cultivar:green_mary|lactuca_sativa,Cultivar,,,,,,Green Mary,,,,,lactuca sativa,,
cultivar:greicy|lactuca_sativa,Cultivar,,,,,,Greicy,,,,,lactuca sativa,,
cultivar:grumara|lactuca_sativa,Cultivar,,,,,,GrumarÃ­,,,,,lactuca sativa,,
cultivar:guilhermina|lactuca_sativa,Cultivar,,,,,,Guilhermina,,,,,lactuca sativa,,
cultivar:guria|lactuca_sativa,Cultivar,,,,,,Guria,,,,,lactuca sativa,,
cultivar:ht_622|lactuca_sativa,Cultivar,,,,,,HT 622,,,,,lactuca sativa,,
cultivar:htr_252|lactuca_sativa,Cultivar,,,,,,HTR 252,,,,,lactuca sativa,,
cultivar:hadar|lactuca_sativa,Cultivar,,,,,,Hadar,,,,,lactuca sativa,,
cultivar:hanson_crespa_repolhuda|lactuca_sativa,Cultivar,,,,,,Hanson Crespa Repolhuda,,,,,lactuca sativa,,
cultivar:hayane|lactuca_sativa,Cultivar,,,,,,Hayane,,,,,lactuca sativa,,
cultivar:hortaancia|lactuca_sativa,Cultivar,,,,,,HortÃªncia,,,,,lactuca sativa,,
cultivar:is_232|lactuca_sativa,Cultivar,,,,,,IS 232,,,,,lactuca sativa,,
cultivar:is_233|lactuca_sativa,Cultivar,,,,,,IS 233,,,,,lactuca sativa,,
cultivar:is_45|lactuca_sativa,Cultivar,,,,,,IS 45,,,,,lactuca sativa,,
cultivar:is_919|lactuca_sativa,Cultivar,,,,,,IS 919,,,,,lactuca sativa,,
cultivar:icebela|lactuca_sativa,Cultivar,,,,,,Icebela,,,,,lactuca sativa,,
cultivar:imbituba|lactuca_sativa,Cultivar,,,,,,Imbituba,,,,,lactuca sativa,,
cultivar:imperial|lactuca_sativa,Cultivar,,,,,,Imperial,,,,,lactuca sativa,,
cultivar:imperial_roxa|lactuca_sativa,Cultivar,,,,,,Imperial Roxa,,,,,lactuca sativa,,
cultivar:inaia|lactuca_sativa,Cultivar,,,,,,InaiÃ¡,,,,,lactuca sativa,,
cultivar:ipanema|lactuca_sativa,Cultivar,,,,,,Ipanema,,,,,lactuca sativa,,
cultivar:irene|lactuca_sativa,Cultivar,,,,,,Irene,,,,,lactuca sativa,,
cultivar:isabela|lactuca_sativa,Cultivar,,,,,,Isabela,,,,,lactuca sativa,,
cultivar:itapua_401|lactuca_sativa,Cultivar,,,,,,ItapuÃ£ 401,,,,,lactuca sativa,,
cultivar:itaaona|lactuca_sativa,Cultivar,,,,,,ItaÃºna,,,,,lactuca sativa,,
cultivar:ivy|lactuca_sativa,Cultivar,,,,,,Ivy,,,,,lactuca sativa,,
cultivar:janine|lactuca_sativa,Cultivar,,,,,,JANINE,,,,,lactuca sativa,,
cultivar:jaolia|lactuca_sativa,Cultivar,,,,,,JÃºlia,,,,,lactuca sativa,,
cultivar:keila|lactuca_sativa,Cultivar,,,,,,Keila,,,,,lactuca sativa,,
cultivar:latos|lactuca_sativa,Cultivar,,,,,,LATOS,,,,,lactuca sativa,,
cultivar:laas|lactuca_sativa,Cultivar,,,,,,LAÃS,,,,,lactuca sativa,,
cultivar:luara|lactuca_sativa,Cultivar,,,,,,LUARA,,,,,lactuca sativa,,
cultivar:luzia|lactuca_sativa,Cultivar,,,,,,LUZIA,,,,,lactuca sativa,,
cultivar:lavine_lollo_rossa|lactuca_sativa,Cultivar,,,,,,Lavine Lollo Rossa,,,,,lactuca sativa,,
cultivar:lavinia|lactuca_sativa,Cultivar,,,,,,Lavinia,,,,,lactuca sativa,,
cultivar:letacia|lactuca_sativa,Cultivar,,,,,,LetÃ­cia,,,,,lactuca sativa,,
cultivar:lia|lactuca_sativa,Cultivar,,,,,,Lia,,,,,lactuca sativa,,
cultivar:lidiane|lactuca_sativa,Cultivar,,,,,,Lidiane,,,,,lactuca sativa,,
cultivar:lisa_karla|lactuca_sativa,Cultivar,,,,,,Lisa Karla,,,,,lactuca sativa,,
cultivar:lisa_nacional_ht|lactuca_sativa,Cultivar,,,,,,Lisa Nacional - HT,,,,,lactuca sativa,,
cultivar:lisa_para_inverno|lactuca_sativa,Cultivar,,,,,,Lisa para Inverno,,,,,lactuca sativa,,
cultivar:lisa_para_verao|lactuca_sativa,Cultivar,,,,,,Lisa para VerÃ£o,,,,,lactuca sativa,,
cultivar:lisandra|lactuca_sativa,Cultivar,,,,,,Lisandra,,,,,lactuca sativa,,
cultivar:liz|lactuca_sativa,Cultivar,,,,,,Liz,,,,,lactuca sativa,,
cultivar:loreane|lactuca_sativa,Cultivar,,,,,,Loreane,,,,,lactuca sativa,,
cultivar:luisa|lactuca_sativa,Cultivar,,,,,,Luisa,,,,,lactuca sativa,,
cultivar:luiza|lactuca_sativa,Cultivar,,,,,,Luiza,,,,,lactuca sativa,,
cultivar:luminosa|lactuca_sativa,Cultivar,,,,,,Luminosa,,,,,lactuca sativa,,
cultivar:ladia|lactuca_sativa,Cultivar,,,,,,LÃ­dia,,,,,lactuca sativa,,
cultivar:maraisa|lactuca_sativa,Cultivar,,,,,,MARAISA,,,,,lactuca sativa,,
cultivar:marcela|lactuca_sativa,Cultivar,,,,,,MARCELA,,,,,lactuca sativa,,
cultivar:mimosa_salad_bowl|lactuca_sativa,Cultivar,,,,,,MIMOSA SALAD BOWL,,,,,lactuca sativa,,
cultivar:maraja3|lactuca_sativa,Cultivar,,,,,,MarajÃ³,,,,,lactuca sativa,,
cultivar:maravilha_quatro_estaaaes_roxa_manteiga|lactuca_sativa,Cultivar,,,,,,Maravilha Quatro EstaÃ§Ãµes Roxa Manteiga,,,,,lactuca sativa,,
cultivar:maravilha_de_inverno_manteiga|lactuca_sativa,Cultivar,,,,,,Maravilha de Inverno Manteiga,,,,,lactuca sativa,,
cultivar:maravilha_de_verao|lactuca_sativa,Cultivar,,,,,,Maravilha de VerÃ£o,,,,,lactuca sativa,,
cultivar:maresias|lactuca_sativa,Cultivar,,,,,,Maresias,,,,,lactuca sativa,,
cultivar:margarete|lactuca_sativa,Cultivar,,,,,,Margarete,,,,,lactuca sativa,,
cultivar:marianne|lactuca_sativa,Cultivar,,,,,,Marianne,,,,,lactuca sativa,,
cultivar:marisa|lactuca_sativa,Cultivar,,,,,,Marisa,,,,,lactuca sativa,,
cultivar:marli|lactuca_sativa,Cultivar,,,,,,Marli,,,,,lactuca sativa,,
cultivar:maui|lactuca_sativa,Cultivar,,,,,,Maui,,,,,lactuca sativa,,
cultivar:mauren|lactuca_sativa,Cultivar,,,,,,Mauren,,,,,lactuca sativa,,
cultivar:maara|lactuca_sativa,Cultivar,,,,,,MaÃ­ra,,,,,lactuca sativa,,
cultivar:megan|lactuca_sativa,Cultivar,,,,,,Megan,,,,,lactuca sativa,,
cultivar:meggy|lactuca_sativa,Cultivar,,,,,,Meggy,,,,,lactuca sativa,,
cultivar:melanie|lactuca_sativa,Cultivar,,,,,,Melanie,,,,,lactuca sativa,,
cultivar:melissa|lactuca_sativa,Cultivar,,,,,,Melissa,,,,,lactuca sativa,,
cultivar:menorca|lactuca_sativa,Cultivar,,,,,,Menorca,,,,,lactuca sativa,,
cultivar:mika|lactuca_sativa,Cultivar,,,,,,Mika,,,,,lactuca sativa,,
cultivar:mila|lactuca_sativa,Cultivar,,,,,,Mila,,,,,lactuca sativa,,
cultivar:milamil|lactuca_sativa,Cultivar,,,,,,Milamil,,,,,lactuca sativa,,
cultivar:milena|lactuca_sativa,Cultivar,,,,,,Milena,,,,,lactuca sativa,,
cultivar:mimosa|lactuca_sativa,Cultivar,,,,,,Mimosa,,,,,lactuca sativa,,
cultivar:mimosa_green_salad_bowl|lactuca_sativa,Cultivar,,,,,,Mimosa Green Salad Bowl,,,,,lactuca sativa,,
cultivar:mimosa_red_salad_bowl|lactuca_sativa,Cultivar,,,,,,Mimosa Red Salad Bowl,,,,,lactuca sativa,,
cultivar:mimosa_roxa_salad_bowl|lactuca_sativa,Cultivar,,,,,,Mimosa Roxa Salad Bowl,,,,,lactuca sativa,,
cultivar:mimosa_salad_bowl_roxo|lactuca_sativa,Cultivar,,,,,,Mimosa Salad Bowl Roxo,,,,,lactuca sativa,,
cultivar:mimosa_vermelha|lactuca_sativa,Cultivar,,,,,,Mimosa Vermelha,,,,,lactuca sativa,,
cultivar:mirella|lactuca_sativa,Cultivar,,,,,,Mirella,,,,,lactuca sativa,,
cultivar:moana|lactuca_sativa,Cultivar,,,,,,Moana,,,,,lactuca sativa,,
cultivar:moscou|lactuca_sativa,Cultivar,,,,,,Moscou,,,,,lactuca sativa,,
cultivar:mancora|lactuca_sativa,Cultivar,,,,,,MÃ¡ncora,,,,,lactuca sativa,,
cultivar:ma_nica_sf_31|lactuca_sativa,Cultivar,,,,,,MÃ´nica SF 31,,,,,lactuca sativa,,
cultivar:nbr_355|lactuca_sativa,Cultivar,,,,,,NBR 355,,,,,lactuca sativa,,
cultivar:nair|lactuca_sativa,Cultivar,,,,,,Nair,,,,,lactuca sativa,,
cultivar:nataly|lactuca_sativa,Cultivar,,,,,,Nataly,,,,,lactuca sativa,,
cultivar:natasha|lactuca_sativa,Cultivar,,,,,,Natasha,,,,,lactuca sativa,,
cultivar:neiva|lactuca_sativa,Cultivar,,,,,,Neiva,,,,,lactuca sativa,,
cultivar:orana|lactuca_sativa,Cultivar,,,,,,Orana,,,,,lactuca sativa,,
cultivar:pira_verde|lactuca_sativa,Cultivar,,,,,,PIRA VERDE,,,,,lactuca sativa,,
cultivar:palmas|lactuca_sativa,Cultivar,,,,,,Palmas,,,,,lactuca sativa,,
cultivar:paola|lactuca_sativa,Cultivar,,,,,,Paola,,,,,lactuca sativa,,
cultivar:peony|lactuca_sativa,Cultivar,,,,,,Peony,,,,,lactuca sativa,,
cultivar:pira_63|lactuca_sativa,Cultivar,,,,,,Pira 63,,,,,lactuca sativa,,
cultivar:pira_72|lactuca_sativa,Cultivar,,,,,,Pira 72,,,,,lactuca sativa,,
cultivar:prado|lactuca_sativa,Cultivar,,,,,,Prado,,,,,lactuca sativa,,
cultivar:psiquaa|lactuca_sativa,Cultivar,,,,,,PsiquÃª,,,,,lactuca sativa,,
cultivar:purpurita|lactuca_sativa,Cultivar,,,,,,Purpurita,,,,,lactuca sativa,,
cultivar:quatro_estaaaes|lactuca_sativa,Cultivar,,,,,,Quatro EstaÃ§Ãµes,,,,,lactuca sativa,,
cultivar:romanela|lactuca_sativa,Cultivar,,,,,,ROMANELA,,,,,lactuca sativa,,
cultivar:rubinela|lactuca_sativa,Cultivar,,,,,,RUBINELA,,,,,lactuca sativa,,
cultivar:rafaela_americana|lactuca_sativa,Cultivar,,,,,,Rafaela - Americana,,,,,lactuca sativa,,
cultivar:rainha_de_maio_manteiga|lactuca_sativa,Cultivar,,,,,,Rainha de Maio Manteiga,,,,,lactuca sativa,,
cultivar:raissa|lactuca_sativa,Cultivar,,,,,,Raissa,,,,,lactuca sativa,,
cultivar:red_star|lactuca_sativa,Cultivar,,,,,,Red Star,,,,,lactuca sativa,,
cultivar:regiane|lactuca_sativa,Cultivar,,,,,,Regiane,,,,,lactuca sativa,,
cultivar:regianemil|lactuca_sativa,Cultivar,,,,,,Regianemil,,,,,lactuca sativa,,
cultivar:regina|lactuca_sativa,Cultivar,,,,,,Regina,,,,,lactuca sativa,,
cultivar:regina_500|lactuca_sativa,Cultivar,,,,,,Regina 500,,,,,lactuca sativa,,
cultivar:regina_ht|lactuca_sativa,Cultivar,,,,,,Regina HT,,,,,lactuca sativa,,
cultivar:regina_de_verao|lactuca_sativa,Cultivar,,,,,,Regina de verÃ£o,,,,,lactuca sativa,,
cultivar:renata|lactuca_sativa,Cultivar,,,,,,Renata,,,,,lactuca sativa,,
cultivar:repolhuda_todo_ano|lactuca_sativa,Cultivar,,,,,,Repolhuda Todo Ano,,,,,lactuca sativa,,
cultivar:rosabela|lactuca_sativa,Cultivar,,,,,,Rosabela,,,,,lactuca sativa,,
cultivar:rosanna|lactuca_sativa,Cultivar,,,,,,Rosanna,,,,,lactuca sativa,,
cultivar:rosangela|lactuca_sativa,Cultivar,,,,,,RosÃ¢ngela,,,,,lactuca sativa,,
cultivar:roxane|lactuca_sativa,Cultivar,,,,,,Roxane,,,,,lactuca sativa,,
cultivar:rubi|lactuca_sativa,Cultivar,,,,,,Rubi,,,,,lactuca sativa,,
cultivar:rubia|lactuca_sativa,Cultivar,,,,,,Rubia,,,,,lactuca sativa,,
cultivar:rubra|lactuca_sativa,Cultivar,,,,,,Rubra,,,,,lactuca sativa,,
cultivar:saladela|lactuca_sativa,Cultivar,,,,,,SALADELA,,,,,lactuca sativa,,
cultivar:scs374_litoranea|lactuca_sativa,Cultivar,,,,,,SCS374 LitorÃ¢nea,,,,,lactuca sativa,,
cultivar:soraia|lactuca_sativa,Cultivar,,,,,,SORAIA,,,,,lactuca sativa,,
cultivar:saia_vaia|lactuca_sativa,Cultivar,,,,,,Saia VÃ©ia,,,,,lactuca sativa,,
cultivar:salad_bowl|lactuca_sativa,Cultivar,,,,,,Salad Bowl,,,,,lactuca sativa,,
cultivar:salete|lactuca_sativa,Cultivar,,,,,,Salete,,,,,lactuca sativa,,
cultivar:samira|lactuca_sativa,Cultivar,,,,,,Samira,,,,,lactuca sativa,,
cultivar:scarlet|lactuca_sativa,Cultivar,,,,,,Scarlet,,,,,lactuca sativa,,
cultivar:sibaria|lactuca_sativa,Cultivar,,,,,,SibÃ©ria,,,,,lactuca sativa,,
cultivar:silvana|lactuca_sativa,Cultivar,,,,,,Silvana,,,,,lactuca sativa,,
cultivar:simpson|lactuca_sativa,Cultivar,,,,,,Simpson,,,,,lactuca sativa,,
cultivar:simpson_sementes_pretas|lactuca_sativa,Cultivar,,,,,,Simpson Sementes Pretas,,,,,lactuca sativa,,
cultivar:siriao|lactuca_sativa,Cultivar,,,,,,SiriÃº,,,,,lactuca sativa,,
cultivar:sophia|lactuca_sativa,Cultivar,,,,,,Sophia,,,,,lactuca sativa,,
cultivar:stella_manteiga|lactuca_sativa,Cultivar,,,,,,Stella - Manteiga,,,,,lactuca sativa,,
cultivar:suely|lactuca_sativa,Cultivar,,,,,,Suely,,,,,lactuca sativa,,
cultivar:taciane|lactuca_sativa,Cultivar,,,,,,TACIANE,,,,,lactuca sativa,,
cultivar:te_112|lactuca_sativa,Cultivar,,,,,,TE 112,,,,,lactuca sativa,,
cultivar:te_70|lactuca_sativa,Cultivar,,,,,,TE 70,,,,,lactuca sativa,,
cultivar:tpc_33458|lactuca_sativa,Cultivar,,,,,,TPC 33458,,,,,lactuca sativa,,
cultivar:taina|lactuca_sativa,Cultivar,,,,,,TainÃ¡,,,,,lactuca sativa,,
cultivar:tamires|lactuca_sativa,Cultivar,,,,,,Tamires,,,,,lactuca sativa,,
cultivar:thaas|lactuca_sativa,Cultivar,,,,,,ThaÃ­s,,,,,lactuca sativa,,
cultivar:tieta|lactuca_sativa,Cultivar,,,,,,Tieta,,,,,lactuca sativa,,
cultivar:tiffany|lactuca_sativa,Cultivar,,,,,,Tiffany,,,,,lactuca sativa,,
cultivar:trindade|lactuca_sativa,Cultivar,,,,,,Trindade,,,,,lactuca sativa,,
cultivar:trixie|lactuca_sativa,Cultivar,,,,,,Trixie,,,,,lactuca sativa,,
cultivar:vle_042|lactuca_sativa,Cultivar,,,,,,VLE 042,,,,,lactuca sativa,,
cultivar:vle_047|lactuca_sativa,Cultivar,,,,,,VLE 047,,,,,lactuca sativa,,
cultivar:vle_073|lactuca_sativa,Cultivar,,,,,,VLE 073,,,,,lactuca sativa,,
cultivar:vle_075|lactuca_sativa,Cultivar,,,,,,VLE 075,,,,,lactuca sativa,,
cultivar:vle_091|lactuca_sativa,Cultivar,,,,,,VLE 091,,,,,lactuca sativa,,
cultivar:vle_092|lactuca_sativa,Cultivar,,,,,,VLE 092,,,,,lactuca sativa,,
cultivar:vle_106|lactuca_sativa,Cultivar,,,,,,VLE 106,,,,,lactuca sativa,,
cultivar:vle_107|lactuca_sativa,Cultivar,,,,,,VLE 107,,,,,lactuca sativa,,
cultivar:vle_108|lactuca_sativa,Cultivar,,,,,,VLE 108,,,,,lactuca sativa,,
cultivar:vle054|lactuca_sativa,Cultivar,,,,,,VLE054,,,,,lactuca sativa,,
cultivar:vle058|lactuca_sativa,Cultivar,,,,,,VLE058,,,,,lactuca sativa,,
cultivar:vanda|lactuca_sativa,Cultivar,,,,,,Vanda,,,,,lactuca sativa,,
cultivar:vega|lactuca_sativa,Cultivar,,,,,,Vega,,,,,lactuca sativa,,
cultivar:veneranda|lactuca_sativa,Cultivar,,,,,,Veneranda,,,,,lactuca sativa,,
cultivar:vera|lactuca_sativa,Cultivar,,,,,,Vera,,,,,lactuca sativa,,
cultivar:vera_nica|lactuca_sativa,Cultivar,,,,,,VerÃ´nica,,,,,lactuca sativa,,
cultivar:vitoria_de_sto_anta_nio|lactuca_sativa,Cultivar,,,,,,Vitoria de Sto AntÃ´nio,,,,,lactuca sativa,,
cultivar:vitalia|lactuca_sativa,Cultivar,,,,,,VitÃ¡lia,,,,,lactuca sativa,,
cultivar:vita3ria_verdinha|lactuca_sativa,Cultivar,,,,,,VitÃ³ria Verdinha,,,,,lactuca sativa,,
cultivar:vita3ria_de_santo_antao_verdinha|lactuca_sativa,Cultivar,,,,,,VitÃ³ria de Santo AntÃ£o - Verdinha,,,,,lactuca sativa,,
cultivar:yasmin|lactuca_sativa,Cultivar,,,,,,Yasmin,,,,,lactuca sativa,,
cultivar:bs_aa0056|lactuca_sativa,Cultivar,,,,,,BS AA0056,,,,,lactuca sativa,,
cultivar:bs_aa0062|lactuca_sativa,Cultivar,,,,,,BS AA0062,,,,,lactuca sativa,,
cultivar:bs_aa0064|lactuca_sativa,Cultivar,,,,,,BS AA0064,,,,,lactuca sativa,,
cultivar:bs_aa0065|lactuca_sativa,Cultivar,,,,,,BS AA0065,,,,,lactuca sativa,,
cultivar:bs_aa0067|lactuca_sativa,Cultivar,,,,,,BS AA0067,,,,,lactuca sativa,,
cultivar:bs_aa0106|lactuca_sativa,Cultivar,,,,,,BS AA0106,,,,,lactuca sativa,,
cultivar:bs_aa0159|lactuca_sativa,Cultivar,,,,,,BS AA0159,,,,,lactuca sativa,,
cultivar:bs_aa0167|lactuca_sativa,Cultivar,,,,,,BS AA0167,,,,,lactuca sativa,,
cultivar:bs_aa0185|lactuca_sativa,Cultivar,,,,,,BS AA0185,,,,,lactuca sativa,,
cultivar:bs_aa0187|lactuca_sativa,Cultivar,,,,,,BS AA0187,,,,,lactuca sativa,,
cultivar:bs_aa0200|lactuca_sativa,Cultivar,,,,,,BS AA0200,,,,,lactuca sativa,,
cultivar:bs_aa0201|lactuca_sativa,Cultivar,,,,,,BS AA0201,,,,,lactuca sativa,,
cultivar:bs_aa0206|lactuca_sativa,Cultivar,,,,,,BS AA0206,,,,,lactuca sativa,,
cultivar:bs_al0071|lactuca_sativa,Cultivar,,,,,,BS AL0071,,,,,lactuca sativa,,
cultivar:bs_al0072|lactuca_sativa,Cultivar,,,,,,BS AL0072,,,,,lactuca sativa,,
cultivar:bs_al0202|lactuca_sativa,Cultivar,,,,,,BS AL0202,,,,,lactuca sativa,,
cultivar:bs_ac0053|lactuca_sativa,Cultivar,,,,,,BS AC0053,,,,,lactuca sativa,,
cultivar:bs_ac0054|lactuca_sativa,Cultivar,,,,,,BS AC0054,,,,,lactuca sativa,,
cultivar:bs_ac0055|lactuca_sativa,Cultivar,,,,,,BS AC0055,,,,,lactuca sativa,,
cultivar:bs_ac0063|lactuca_sativa,Cultivar,,,,,,BS AC0063,,,,,lactuca sativa,,
cultivar:bs_ac0068|lactuca_sativa,Cultivar,,,,,,BS AC0068,,,,,lactuca sativa,,
cultivar:bs_ac0155|lactuca_sativa,Cultivar,,,,,,BS AC0155,,,,,lactuca sativa,,
cultivar:bs_ac0160|lactuca_sativa,Cultivar,,,,,,BS AC0160,,,,,lactuca sativa,,
cultivar:bs_ac0168|lactuca_sativa,Cultivar,,,,,,BS AC0168,,,,,lactuca sativa,,
cultivar:bs_ac0184|lactuca_sativa,Cultivar,,,,,,BS AC0184,,,,,lactuca sativa,,
cultivar:bs_ac0204|lactuca_sativa,Cultivar,,,,,,BS AC0204,,,,,lactuca sativa,,
cultivar:bs_ac0205|lactuca_sativa,Cultivar,,,,,,BS AC0205,,,,,lactuca sativa,,
cultivar:bs_accroc0163|lactuca_sativa,Cultivar,,,,,,BS ACCROC0163,,,,,lactuca sativa,,
cultivar:bs_acr0069|lactuca_sativa,Cultivar,,,,,,BS ACR0069,,,,,lactuca sativa,,
cultivar:bs_acr0070|lactuca_sativa,Cultivar,,,,,,BS ACR0070,,,,,lactuca sativa,,
cultivar:bs_acr0169|lactuca_sativa,Cultivar,,,,,,BS ACR0169,,,,,lactuca sativa,,
cultivar:bs_acr0203|lactuca_sativa,Cultivar,,,,,,BS ACR0203,,,,,lactuca sativa,,
cultivar:cristal|lactuca_sativa,Cultivar,,,,,,CRISTAL,,,,,lactuca sativa,,
cultivar:bs_ar0073|lactuca_sativa,Cultivar,,,,,,BS AR0073,,,,,lactuca sativa,,
cultivar:bs_ar0126|lactuca_sativa,Cultivar,,,,,,BS AR0126,,,,,lactuca sativa,,
cultivar:bs_armini0157|lactuca_sativa,Cultivar,,,,,,BS ARMINI0157,,,,,lactuca sativa,,
cultivar:bs_arrmini0158|lactuca_sativa,Cultivar,,,,,,BS ARRMINI0158,,,,,lactuca sativa,,
species:phaseolus_vulgaris,Species,,,,,,,,,phaseolus vulgaris,Phaseolus vulgaris L.,,,
cultivar:af329|phaseolus_vulgaris,Cultivar,,,,,,AF329,,,,,phaseolus vulgaris,,
cultivar:af749|phaseolus_vulgaris,Cultivar,,,,,,AF749,,,,,phaseolus vulgaris,,
cultivar:anfc_5|phaseolus_vulgaris,Cultivar,,,,,,ANFC 5,,,,,phaseolus vulgaris,,
cultivar:anfc_9|phaseolus_vulgaris,Cultivar,,,,,,ANFC 9,,,,,phaseolus vulgaris,,
region:ms,Region,,,,,,,,,,,,MS,Brasil
cultivar:anfc_22|phaseolus_vulgaris,Cultivar,,,,,,ANfc 22,,,,,phaseolus vulgaris,,
cultivar:anfc_29|phaseolus_vulgaris,Cultivar,,,,,,ANfc 29,,,,,phaseolus vulgaris,,
cultivar:anfp_110|phaseolus_vulgaris,Cultivar,,,,,,ANfp 110,,,,,phaseolus vulgaris,,
cultivar:anfp_119|phaseolus_vulgaris,Cultivar,,,,,,ANfp 119,,,,,phaseolus vulgaris,,
cultivar:adventure|phaseolus_vulgaris,Cultivar,,,,,,Adventure,,,,,phaseolus vulgaris,,
cultivar:amarelo_baixo|phaseolus_vulgaris,Cultivar,,,,,,Amarelo Baixo,,,,,phaseolus vulgaris,,
cultivar:br_ipa_10|phaseolus_vulgaris,Cultivar,,,,,,BR IPA 10,,,,,phaseolus vulgaris,,
cultivar:br_ipagro_44_guapo_brilhante|phaseolus_vulgaris,Cultivar,,,,,,BR Ipagro 44 (Guapo Brilhante),,,,,phaseolus vulgaris,,
cultivar:brs_10408|phaseolus_vulgaris,Cultivar,,,,,,BRS 10408,,,,,phaseolus vulgaris,,
cultivar:brs_7762|phaseolus_vulgaris,Cultivar,,,,,,BRS 7762,,,,,phaseolus vulgaris,,
cultivar:brs_9435_cometa|phaseolus_vulgaris,Cultivar,,,,,,BRS 9435 Cometa,,,,,phaseolus vulgaris,,
cultivar:brs_agreste|phaseolus_vulgaris,Cultivar,,,,,,BRS Agreste,,,,,phaseolus vulgaris,,
cultivar:brs_ametista|phaseolus_vulgaris,Cultivar,,,,,,BRS Ametista,,,,,phaseolus vulgaris,,
cultivar:brs_campeiro|phaseolus_vulgaris,Cultivar,,,,,,BRS Campeiro,,,,,phaseolus vulgaris,,
cultivar:brs_embaixador|phaseolus_vulgaris,Cultivar,,,,,,BRS Embaixador,,,,,phaseolus vulgaris,,
cultivar:brs_esplendor|phaseolus_vulgaris,Cultivar,,,,,,BRS Esplendor,,,,,phaseolus vulgaris,,
cultivar:brs_esteio|phaseolus_vulgaris,Cultivar,,,,,,BRS Esteio,,,,,phaseolus vulgaris,,
cultivar:brs_estilo|phaseolus_vulgaris,Cultivar,,,,,,BRS Estilo,,,,,phaseolus vulgaris,,
cultivar:brs_executivo|phaseolus_vulgaris,Cultivar,,,,,,BRS Executivo,,,,,phaseolus vulgaris,,
cultivar:brs_expedito|phaseolus_vulgaris,Cultivar,,,,,,BRS Expedito,,,,,phaseolus vulgaris,,
cultivar:brs_fc104|phaseolus_vulgaris,Cultivar,,,,,,BRS FC104,,,,,phaseolus vulgaris,,
cultivar:brs_fc310|phaseolus_vulgaris,Cultivar,,,,,,BRS FC310,,,,,phaseolus vulgaris,,
cultivar:brs_fc333|phaseolus_vulgaris,Cultivar,,,,,,BRS FC333,,,,,phaseolus vulgaris,,
cultivar:brs_fc401_rmd|phaseolus_vulgaris,Cultivar,,,,,,BRS FC401 RMD,,,,,phaseolus vulgaris,,
cultivar:brs_fc402|phaseolus_vulgaris,Cultivar,,,,,,BRS FC402,,,,,phaseolus vulgaris,,
cultivar:brs_fc406|phaseolus_vulgaris,Cultivar,,,,,,BRS FC406,,,,,phaseolus vulgaris,,
cultivar:brs_fc409|phaseolus_vulgaris,Cultivar,,,,,,BRS FC409,,,,,phaseolus vulgaris,,
cultivar:brs_fc414|phaseolus_vulgaris,Cultivar,,,,,,BRS FC414,,,,,phaseolus vulgaris,,
cultivar:brs_fc415|phaseolus_vulgaris,Cultivar,,,,,,BRS FC415,,,,,phaseolus vulgaris,,
cultivar:brs_fc420_rmd|phaseolus_vulgaris,Cultivar,,,,,,BRS FC420 RMD,,,,,phaseolus vulgaris,,
cultivar:brs_fc422|phaseolus_vulgaris,Cultivar,,,,,,BRS FC422,,,,,phaseolus vulgaris,,
cultivar:brs_fc423|phaseolus_vulgaris,Cultivar,,,,,,BRS FC423,,,,,phaseolus vulgaris,,
cultivar:brs_fc424|phaseolus_vulgaris,Cultivar,,,,,,BRS FC424,,,,,phaseolus vulgaris,,
cultivar:brs_fc425|phaseolus_vulgaris,Cultivar,,,,,,BRS FC425,,,,,phaseolus vulgaris,,
cultivar:brs_fc429|phaseolus_vulgaris,Cultivar,,,,,,BRS FC429,,,,,phaseolus vulgaris,,
cultivar:brs_fc431|phaseolus_vulgaris,Cultivar,,,,,,BRS FC431,,,,,phaseolus vulgaris,,
cultivar:brs_fp327|phaseolus_vulgaris,Cultivar,,,,,,BRS FP327,,,,,phaseolus vulgaris,,
cultivar:brs_fp403|phaseolus_vulgaris,Cultivar,,,,,,BRS FP403,,,,,phaseolus vulgaris,,
cultivar:brs_fp417|phaseolus_vulgaris,Cultivar,,,,,,BRS FP417,,,,,phaseolus vulgaris,,
cultivar:brs_fp426|phaseolus_vulgaris,Cultivar,,,,,,BRS FP426,,,,,phaseolus vulgaris,,
cultivar:brs_fs212|phaseolus_vulgaris,Cultivar,,,,,,BRS FS212,,,,,phaseolus vulgaris,,
cultivar:brs_fs228|phaseolus_vulgaris,Cultivar,,,,,,BRS FS228,,,,,phaseolus vulgaris,,
cultivar:brs_fs305|phaseolus_vulgaris,Cultivar,,,,,,BRS FS305,,,,,phaseolus vulgaris,,
cultivar:brs_fs307|phaseolus_vulgaris,Cultivar,,,,,,BRS FS307,,,,,phaseolus vulgaris,,
cultivar:brs_fs308|phaseolus_vulgaris,Cultivar,,,,,,BRS FS308,,,,,phaseolus vulgaris,,
cultivar:brs_fs311|phaseolus_vulgaris,Cultivar,,,,,,BRS FS311,,,,,phaseolus vulgaris,,
cultivar:brs_fs313|phaseolus_vulgaris,Cultivar,,,,,,BRS FS313,,,,,phaseolus vulgaris,,
cultivar:brs_fs318|phaseolus_vulgaris,Cultivar,,,,,,BRS FS318,,,,,phaseolus vulgaris,,
cultivar:brs_fs319|phaseolus_vulgaris,Cultivar,,,,,,BRS FS319,,,,,phaseolus vulgaris,,
cultivar:brs_intrapido|phaseolus_vulgaris,Cultivar,,,,,,BRS IntrÃ©pido,,,,,phaseolus vulgaris,,
cultivar:brs_paisano|phaseolus_vulgaris,Cultivar,,,,,,BRS Paisano,,,,,phaseolus vulgaris,,
cultivar:brs_pitanga|phaseolus_vulgaris,Cultivar,,,,,,BRS Pitanga,,,,,phaseolus vulgaris,,
cultivar:brs_pontal|phaseolus_vulgaris,Cultivar,,,,,,BRS Pontal,,,,,phaseolus vulgaris,,
cultivar:brs_radiante|phaseolus_vulgaris,Cultivar,,,,,,BRS Radiante,,,,,phaseolus vulgaris,,
cultivar:brs_requinte|phaseolus_vulgaris,Cultivar,,,,,,BRS Requinte,,,,,phaseolus vulgaris,,
cultivar:brs_sublime|phaseolus_vulgaris,Cultivar,,,,,,BRS Sublime,,,,,phaseolus vulgaris,,
cultivar:brs_artico|phaseolus_vulgaris,Cultivar,,,,,,BRS Ãrtico,,,,,phaseolus vulgaris,,
cultivar:brsgo_fc421|phaseolus_vulgaris,Cultivar,,,,,,BRSGO FC421,,,,,phaseolus vulgaris,,
cultivar:brsmg_amuleto|phaseolus_vulgaris,Cultivar,,,,,,BRSMG Amuleto,,,,,phaseolus vulgaris,,
cultivar:brsmg_madreparola|phaseolus_vulgaris,Cultivar,,,,,,BRSMG MadrepÃ©rola,,,,,phaseolus vulgaris,,
cultivar:brsmg_majestoso|phaseolus_vulgaris,Cultivar,,,,,,BRSMG Majestoso,,,,,phaseolus vulgaris,,
cultivar:brsmg_marte|phaseolus_vulgaris,Cultivar,,,,,,BRSMG Marte,,,,,phaseolus vulgaris,,
cultivar:brsmg_realce|phaseolus_vulgaris,Cultivar,,,,,,BRSMG Realce,,,,,phaseolus vulgaris,,
cultivar:brsmg_tesouro|phaseolus_vulgaris,Cultivar,,,,,,BRSMG Tesouro,,,,,phaseolus vulgaris,,
cultivar:brsmg_uai|phaseolus_vulgaris,Cultivar,,,,,,BRSMG Uai,,,,,phaseolus vulgaris,,
cultivar:brsmg_uniao|phaseolus_vulgaris,Cultivar,,,,,,BRSMG UniÃ£o,,,,,phaseolus vulgaris,,
cultivar:belo|phaseolus_vulgaris,Cultivar,,,,,,Belo,,,,,phaseolus vulgaris,,
cultivar:celta|phaseolus_vulgaris,Cultivar,,,,,,CELTA,,,,,phaseolus vulgaris,,
cultivar:cnfc_15038|phaseolus_vulgaris,Cultivar,,,,,,CNFC 15038,,,,,phaseolus vulgaris,,
cultivar:cnfc_16564|phaseolus_vulgaris,Cultivar,,,,,,CNFC 16564,,,,,phaseolus vulgaris,,
cultivar:cnfc_16567|phaseolus_vulgaris,Cultivar,,,,,,CNFC 16567,,,,,phaseolus vulgaris,,
cultivar:cnfc_16709|phaseolus_vulgaris,Cultivar,,,,,,CNFC 16709,,,,,phaseolus vulgaris,,
cultivar:cnfc_16876|phaseolus_vulgaris,Cultivar,,,,,,CNFC 16876,,,,,phaseolus vulgaris,,
cultivar:cnfc_16902|phaseolus_vulgaris,Cultivar,,,,,,CNFC 16902,,,,,phaseolus vulgaris,,
cultivar:cnfc15853|phaseolus_vulgaris,Cultivar,,,,,,CNFC15853,,,,,phaseolus vulgaris,,
cultivar:cnfp_16380|phaseolus_vulgaris,Cultivar,,,,,,CNFP 16380,,,,,phaseolus vulgaris,,
cultivar:carioca_precoce|phaseolus_vulgaris,Cultivar,,,,,,Carioca Precoce,,,,,phaseolus vulgaris,,
cultivar:conquista|phaseolus_vulgaris,Cultivar,,,,,,Conquista,,,,,phaseolus vulgaris,,
cultivar:de_metro_slin|phaseolus_vulgaris,Cultivar,,,,,,De Metro Slin,,,,,phaseolus vulgaris,,
cultivar:dynamo|phaseolus_vulgaris,Cultivar,,,,,,Dynamo,,,,,phaseolus vulgaris,,
cultivar:estilo_brs|phaseolus_vulgaris,Cultivar,,,,,,Estilo BRS,,,,,phaseolus vulgaris,,
cultivar:fb_022|phaseolus_vulgaris,Cultivar,,,,,,FB 022,,,,,phaseolus vulgaris,,
cultivar:fepagro_26|phaseolus_vulgaris,Cultivar,,,,,,FEPAGRO 26,,,,,phaseolus vulgaris,,
cultivar:fepagro_garapia|phaseolus_vulgaris,Cultivar,,,,,,FEPAGRO GarapiÃ¡,,,,,phaseolus vulgaris,,
cultivar:fepagro_triunfo|phaseolus_vulgaris,Cultivar,,,,,,FEPAGRO Triunfo,,,,,phaseolus vulgaris,,
cultivar:fts_41|phaseolus_vulgaris,Cultivar,,,,,,FTS 41,,,,,phaseolus vulgaris,,
cultivar:fts_65|phaseolus_vulgaris,Cultivar,,,,,,FTS 65,,,,,phaseolus vulgaris,,
cultivar:fts_soberano|phaseolus_vulgaris,Cultivar,,,,,,FTS Soberano,,,,,phaseolus vulgaris,,
cultivar:fv_01|phaseolus_vulgaris,Cultivar,,,,,,FV 01,,,,,phaseolus vulgaris,,
cultivar:fv_02|phaseolus_vulgaris,Cultivar,,,,,,FV 02,,,,,phaseolus vulgaris,,
cultivar:gisele|phaseolus_vulgaris,Cultivar,,,,,,Gisele,,,,,phaseolus vulgaris,,
cultivar:grazi|phaseolus_vulgaris,Cultivar,,,,,,Grazi,,,,,phaseolus vulgaris,,
cultivar:ht_30|phaseolus_vulgaris,Cultivar,,,,,,HT 30,,,,,phaseolus vulgaris,,
cultivar:iac_1849_polaco|phaseolus_vulgaris,Cultivar,,,,,,IAC 1849 Polaco,,,,,phaseolus vulgaris,,
cultivar:iac_1850|phaseolus_vulgaris,Cultivar,,,,,,IAC 1850,,,,,phaseolus vulgaris,,
cultivar:iac_2051|phaseolus_vulgaris,Cultivar,,,,,,IAC 2051,,,,,phaseolus vulgaris,,
cultivar:iac_2152|phaseolus_vulgaris,Cultivar,,,,,,IAC 2152,,,,,phaseolus vulgaris,,
cultivar:iac_2153|phaseolus_vulgaris,Cultivar,,,,,,IAC 2153,,,,,phaseolus vulgaris,,
cultivar:iac_2154|phaseolus_vulgaris,Cultivar,,,,,,IAC 2154,,,,,phaseolus vulgaris,,
cultivar:iac_2155|phaseolus_vulgaris,Cultivar,,,,,,IAC 2155,,,,,phaseolus vulgaris,,
cultivar:iac_2156|phaseolus_vulgaris,Cultivar,,,,,,IAC 2156,,,,,phaseolus vulgaris,,
cultivar:iac_2157|phaseolus_vulgaris,Cultivar,,,,,,IAC 2157,,,,,phaseolus vulgaris,,
cultivar:iac_2358_unamax|phaseolus_vulgaris,Cultivar,,,,,,IAC 2358 Unamax,,,,,phaseolus vulgaris,,
cultivar:iac_2459_navy|phaseolus_vulgaris,Cultivar,,,,,,IAC 2459 Navy,,,,,phaseolus vulgaris,,
cultivar:iac_2560_nelore|phaseolus_vulgaris,Cultivar,,,,,,IAC 2560 Nelore,,,,,phaseolus vulgaris,,
cultivar:iac_2561_tiger|phaseolus_vulgaris,Cultivar,,,,,,IAC 2561 Tiger,,,,,phaseolus vulgaris,,
cultivar:iac_alvorada|phaseolus_vulgaris,Cultivar,,,,,,IAC Alvorada,,,,,phaseolus vulgaris,,
region:pb,Region,,,,,,,,,,,,PB,Brasil
cultivar:iac_boreal|phaseolus_vulgaris,Cultivar,,,,,,IAC Boreal,,,,,phaseolus vulgaris,,
cultivar:iac_esperanaa|phaseolus_vulgaris,Cultivar,,,,,,IAC EsperanÃ§a,,,,,phaseolus vulgaris,,
cultivar:iac_formoso|phaseolus_vulgaris,Cultivar,,,,,,IAC Formoso,,,,,phaseolus vulgaris,,
cultivar:iac_galante|phaseolus_vulgaris,Cultivar,,,,,,IAC Galante,,,,,phaseolus vulgaris,,
cultivar:iac_harmonia|phaseolus_vulgaris,Cultivar,,,,,,IAC Harmonia,,,,,phaseolus vulgaris,,
cultivar:iac_imperador|phaseolus_vulgaris,Cultivar,,,,,,IAC Imperador,,,,,phaseolus vulgaris,,
cultivar:iac_milaanio|phaseolus_vulgaris,Cultivar,,,,,,IAC MilÃªnio,,,,,phaseolus vulgaris,,
cultivar:iac_netuno|phaseolus_vulgaris,Cultivar,,,,,,IAC Netuno,,,,,phaseolus vulgaris,,
cultivar:iac_nuance|phaseolus_vulgaris,Cultivar,,,,,,IAC Nuance,,,,,phaseolus vulgaris,,
cultivar:iac_sintonia|phaseolus_vulgaris,Cultivar,,,,,,IAC Sintonia,,,,,phaseolus vulgaris,,
cultivar:iac_veloz|phaseolus_vulgaris,Cultivar,,,,,,IAC Veloz,,,,,phaseolus vulgaris,,
cultivar:ipr_139|phaseolus_vulgaris,Cultivar,,,,,,IPR 139,,,,,phaseolus vulgaris,,
cultivar:ipr_andorinha|phaseolus_vulgaris,Cultivar,,,,,,IPR Andorinha,,,,,phaseolus vulgaris,,
cultivar:ipr_bem_te_vi|phaseolus_vulgaris,Cultivar,,,,,,IPR BEM-TE-VI,,,,,phaseolus vulgaris,,
cultivar:ipr_celeiro|phaseolus_vulgaris,Cultivar,,,,,,IPR CELEIRO,,,,,phaseolus vulgaris,,
cultivar:ipr_curia|phaseolus_vulgaris,Cultivar,,,,,,IPR CURIÃ,,,,,phaseolus vulgaris,,
cultivar:ipr_campos_gerais|phaseolus_vulgaris,Cultivar,,,,,,IPR Campos Gerais,,,,,phaseolus vulgaris,,
cultivar:ipr_cardeal|phaseolus_vulgaris,Cultivar,,,,,,IPR Cardeal,,,,,phaseolus vulgaris,,
cultivar:ipr_colibri|phaseolus_vulgaris,Cultivar,,,,,,IPR Colibri,,,,,phaseolus vulgaris,,
cultivar:ipr_curio|phaseolus_vulgaris,Cultivar,,,,,,IPR Curio,,,,,phaseolus vulgaris,,
cultivar:ipr_eldorado|phaseolus_vulgaris,Cultivar,,,,,,IPR Eldorado,,,,,phaseolus vulgaris,,
cultivar:ipr_garaa|phaseolus_vulgaris,Cultivar,,,,,,IPR GarÃ§a,,,,,phaseolus vulgaris,,
cultivar:ipr_gralha|phaseolus_vulgaris,Cultivar,,,,,,IPR Gralha,,,,,phaseolus vulgaris,,
cultivar:ipr_juriti|phaseolus_vulgaris,Cultivar,,,,,,IPR Juriti,,,,,phaseolus vulgaris,,
cultivar:ipr_maracana|phaseolus_vulgaris,Cultivar,,,,,,IPR MaracanÃ£,,,,,phaseolus vulgaris,,
cultivar:ipr_nhambu|phaseolus_vulgaris,Cultivar,,,,,,IPR Nhambu,,,,,phaseolus vulgaris,,
cultivar:ipr_quero_quero|phaseolus_vulgaris,Cultivar,,,,,,IPR Quero-quero,,,,,phaseolus vulgaris,,
cultivar:ipr_quiriquiri|phaseolus_vulgaris,Cultivar,,,,,,IPR Quiriquiri,,,,,phaseolus vulgaris,,
cultivar:ipr_sabia|phaseolus_vulgaris,Cultivar,,,,,,IPR Sabia,,,,,phaseolus vulgaris,,
cultivar:ipr_tangara|phaseolus_vulgaris,Cultivar,,,,,,IPR TangarÃ¡,,,,,phaseolus vulgaris,,
cultivar:ipr_tapicuru|phaseolus_vulgaris,Cultivar,,,,,,IPR Tapicuru,,,,,phaseolus vulgaris,,
cultivar:ipr_tuiuiao|phaseolus_vulgaris,Cultivar,,,,,,IPR TuiuiÃº,,,,,phaseolus vulgaris,,
cultivar:ipr_uirapuru|phaseolus_vulgaris,Cultivar,,,,,,IPR Uirapuru,,,,,phaseolus vulgaris,,
cultivar:ipr_urutau|phaseolus_vulgaris,Cultivar,,,,,,IPR Urutau,,,,,phaseolus vulgaris,,
cultivar:ipr_aguia|phaseolus_vulgaris,Cultivar,,,,,,IPR Ãguia,,,,,phaseolus vulgaris,,
cultivar:iapar_81|phaseolus_vulgaris,Cultivar,,,,,,Iapar 81,,,,,phaseolus vulgaris,,
cultivar:imperial|phaseolus_vulgaris,Cultivar,,,,,,Imperial,,,,,phaseolus vulgaris,,
cultivar:itatiba_ii|phaseolus_vulgaris,Cultivar,,,,,,Itatiba II,,,,,phaseolus vulgaris,,
cultivar:jalo_eep_558|phaseolus_vulgaris,Cultivar,,,,,,Jalo EEP 558,,,,,phaseolus vulgaris,,
cultivar:jalo_precoce|phaseolus_vulgaris,Cultivar,,,,,,Jalo Precoce,,,,,phaseolus vulgaris,,
cultivar:lider|phaseolus_vulgaris,Cultivar,,,,,,Lider,,,,,phaseolus vulgaris,,
cultivar:macarrao_atibaia_ht|phaseolus_vulgaris,Cultivar,,,,,,MacarrÃ£o Atibaia - HT,,,,,phaseolus vulgaris,,
cultivar:macarrao_baixo|phaseolus_vulgaris,Cultivar,,,,,,MacarrÃ£o Baixo,,,,,phaseolus vulgaris,,
cultivar:macarrao_brasalia|phaseolus_vulgaris,Cultivar,,,,,,MacarrÃ£o BrasÃ­lia,,,,,phaseolus vulgaris,,
cultivar:macarrao_favorito|phaseolus_vulgaris,Cultivar,,,,,,MacarrÃ£o Favorito,,,,,phaseolus vulgaris,,
cultivar:macarrao_rasteiro_napoli|phaseolus_vulgaris,Cultivar,,,,,,MacarrÃ£o Rasteiro Napoli,,,,,phaseolus vulgaris,,
cultivar:macarrao_trepador|phaseolus_vulgaris,Cultivar,,,,,,MacarrÃ£o Trepador,,,,,phaseolus vulgaris,,
cultivar:macarrao_trepador_favorito|phaseolus_vulgaris,Cultivar,,,,,,MacarrÃ£o Trepador (Favorito),,,,,phaseolus vulgaris,,
cultivar:macarrao_trepador_teresa3polis|phaseolus_vulgaris,Cultivar,,,,,,MacarrÃ£o Trepador TeresÃ³polis,,,,,phaseolus vulgaris,,
cultivar:macarrao_trepador_torino|phaseolus_vulgaris,Cultivar,,,,,,MacarrÃ£o Trepador Torino,,,,,phaseolus vulgaris,,
cultivar:manteiga_baixo|phaseolus_vulgaris,Cultivar,,,,,,Manteiga Baixo,,,,,phaseolus vulgaris,,
cultivar:manteiga_teresopolis|phaseolus_vulgaris,Cultivar,,,,,,Manteiga Teresopolis,,,,,phaseolus vulgaris,,
cultivar:maravilha_de_veneza|phaseolus_vulgaris,Cultivar,,,,,,Maravilha de Veneza,,,,,phaseolus vulgaris,,
cultivar:max|phaseolus_vulgaris,Cultivar,,,,,,Max,,,,,phaseolus vulgaris,,
cultivar:mimoso_rasteiro|phaseolus_vulgaris,Cultivar,,,,,,Mimoso Rasteiro,,,,,phaseolus vulgaris,,
cultivar:ouro_negro|phaseolus_vulgaris,Cultivar,,,,,,Ouro Negro,,,,,phaseolus vulgaris,,
cultivar:ouro_vermelho|phaseolus_vulgaris,Cultivar,,,,,,Ouro vermelho,,,,,phaseolus vulgaris,,
cultivar:padova_trepador|phaseolus_vulgaris,Cultivar,,,,,,Padova Trepador,,,,,phaseolus vulgaris,,
cultivar:potaancia_scs206|phaseolus_vulgaris,Cultivar,,,,,,PotÃªncia SCS206,,,,,phaseolus vulgaris,,
cultivar:preferido|phaseolus_vulgaris,Cultivar,,,,,,Preferido,,,,,phaseolus vulgaris,,
cultivar:princesa|phaseolus_vulgaris,Cultivar,,,,,,Princesa,,,,,phaseolus vulgaris,,
cultivar:parola|phaseolus_vulgaris,Cultivar,,,,,,PÃ©rola,,,,,phaseolus vulgaris,,
cultivar:rasteiro_fartura|phaseolus_vulgaris,Cultivar,,,,,,RASTEIRO FARTURA,,,,,phaseolus vulgaris,,
cultivar:rs_gaaocho|phaseolus_vulgaris,Cultivar,,,,,,RS GaÃºcho,,,,,phaseolus vulgaris,,
cultivar:rajado|phaseolus_vulgaris,Cultivar,,,,,,Rajado,,,,,phaseolus vulgaris,,
cultivar:scs202_guara|phaseolus_vulgaris,Cultivar,,,,,,SCS202 GUARÃ,,,,,phaseolus vulgaris,,
cultivar:scs204_predileto|phaseolus_vulgaris,Cultivar,,,,,,SCS204 Predileto,,,,,phaseolus vulgaris,,
cultivar:scs205_riqueza|phaseolus_vulgaris,Cultivar,,,,,,SCS205 Riqueza,,,,,phaseolus vulgaris,,
cultivar:scs206_potaancia|phaseolus_vulgaris,Cultivar,,,,,,SCS206 PotÃªncia,,,,,phaseolus vulgaris,,
cultivar:scs207_queraancia|phaseolus_vulgaris,Cultivar,,,,,,SCS207 QuerÃªncia,,,,,phaseolus vulgaris,,
cultivar:scs208_cronos|phaseolus_vulgaris,Cultivar,,,,,,SCS208 Cronos,,,,,phaseolus vulgaris,,
cultivar:scv_3111|phaseolus_vulgaris,Cultivar,,,,,,SCV 3111,,,,,phaseolus vulgaris,,
cultivar:serrata|phaseolus_vulgaris,Cultivar,,,,,,Serrata,,,,,phaseolus vulgaris,,
cultivar:solar|phaseolus_vulgaris,Cultivar,,,,,,Solar,,,,,phaseolus vulgaris,,
cultivar:strada|phaseolus_vulgaris,Cultivar,,,,,,Strada,,,,,phaseolus vulgaris,,
cultivar:suzy|phaseolus_vulgaris,Cultivar,,,,,,Suzy,,,,,phaseolus vulgaris,,
cultivar:taa_bola_cheia|phaseolus_vulgaris,Cultivar,,,,,,TAA Bola Cheia,,,,,phaseolus vulgaris,,
cultivar:taa_dama|phaseolus_vulgaris,Cultivar,,,,,,TAA DAMA,,,,,phaseolus vulgaris,,
cultivar:taa_gol|phaseolus_vulgaris,Cultivar,,,,,,TAA GOL,,,,,phaseolus vulgaris,,
cultivar:taa_marhe|phaseolus_vulgaris,Cultivar,,,,,,TAA Marhe,,,,,phaseolus vulgaris,,
cultivar:tsv_1613|phaseolus_vulgaris,Cultivar,,,,,,TSV 1613,,,,,phaseolus vulgaris,,
cultivar:tsv_1614|phaseolus_vulgaris,Cultivar,,,,,,TSV 1614,,,,,phaseolus vulgaris,,
cultivar:tempesta|phaseolus_vulgaris,Cultivar,,,,,,Tempesta,,,,,phaseolus vulgaris,,
cultivar:tradiaao|phaseolus_vulgaris,Cultivar,,,,,,TradiÃ§Ã£o,,,,,phaseolus vulgaris,,
cultivar:uenf_2014|phaseolus_vulgaris,Cultivar,,,,,,UENF 2014,,,,,phaseolus vulgaris,,
region:rj,Region,,,,,,,,,,,,RJ,Brasil
cultivar:uenf_rioparaaba|phaseolus_vulgaris,Cultivar,,,,,,UENF RioparaÃ­ba,,,,,phaseolus vulgaris,,
cultivar:versalhes|phaseolus_vulgaris,Cultivar,,,,,,Versalhes,,,,,phaseolus vulgaris,,
cultivar:vicenza_amarelo_baixo|phaseolus_vulgaris,Cultivar,,,,,,Vicenza Amarelo Baixo,,,,,phaseolus vulgaris,,
cultivar:xapeca3|phaseolus_vulgaris,Cultivar,,,,,,XapecÃ³,,,,,phaseolus vulgaris,,
cultivar:xaxa|phaseolus_vulgaris,Cultivar,,,,,,Xaxa,,,,,phaseolus vulgaris,,
cultivar:xexau|phaseolus_vulgaris,Cultivar,,,,,,XexÃ©u,,,,,phaseolus vulgaris,,
cultivar:xingao|phaseolus_vulgaris,Cultivar,,,,,,XingÃº,,,,,phaseolus vulgaris,,
cultivar:xirao|phaseolus_vulgaris,Cultivar,,,,,,XirÃº,,,,,phaseolus vulgaris,,
cultivar:zigane|phaseolus_vulgaris,Cultivar,,,,,,Zigane,,,,,phaseolus vulgaris,,
species:pisum_sativum,Species,,,,,,,,,pisum sativum,Pisum sativum L.,,,
cultivar:alpina|pisum_sativum,Cultivar,,,,,,Alpina,,,,,pisum sativum,,
cultivar:apiaa|pisum_sativum,Cultivar,,,,,,ApiaÃ­,,,,,pisum sativum,,
cultivar:canoa|pisum_sativum,Cultivar,,,,,,CANOA,,,,,pisum sativum,,
cultivar:catarina|pisum_sativum,Cultivar,,,,,,Catarina,,,,,pisum sativum,,
cultivar:dg_50|pisum_sativum,Cultivar,,,,,,DG - 50,,,,,pisum sativum,,
cultivar:de_grao_luciana_sf_nr_50|pisum_sativum,Cultivar,,,,,,De GrÃ£o Luciana SF Nr. 50,,,,,pisum sativum,,
cultivar:doce_japonesa|pisum_sativum,Cultivar,,,,,,Doce Japonesa,,,,,pisum sativum,,
cultivar:er_021|pisum_sativum,Cultivar,,,,,,ER 021,,,,,pisum sativum,,
cultivar:eloa|pisum_sativum,Cultivar,,,,,,EloÃ¡,,,,,pisum sativum,,
cultivar:g_40|pisum_sativum,Cultivar,,,,,,G 40,,,,,pisum sativum,,
cultivar:gallant|pisum_sativum,Cultivar,,,,,,GALLANT,,,,,pisum sativum,,
cultivar:grao_40p_debrulhar|pisum_sativum,Cultivar,,,,,,GrÃ£o 40p / Debrulhar,,,,,pisum sativum,,
cultivar:iapar_74|pisum_sativum,Cultivar,,,,,,Iapar 74,,,,,pisum sativum,,
cultivar:iapar_83|pisum_sativum,Cultivar,,,,,,Iapar 83,,,,,pisum sativum,,
cultivar:itapua_600|pisum_sativum,Cultivar,,,,,,ItapuÃ£ 600,,,,,pisum sativum,,
cultivar:itapua_601|pisum_sativum,Cultivar,,,,,,ItapuÃ£ 601,,,,,pisum sativum,,
cultivar:lincoln|pisum_sativum,Cultivar,,,,,,Lincoln,,,,,pisum sativum,,
cultivar:mk_13|pisum_sativum,Cultivar,,,,,,MK 13,,,,,pisum sativum,,
cultivar:max_40|pisum_sativum,Cultivar,,,,,,Max 40,,,,,pisum sativum,,
cultivar:mikado|pisum_sativum,Cultivar,,,,,,Mikado,,,,,pisum sativum,,
cultivar:obigo|pisum_sativum,Cultivar,,,,,,OBIGO,,,,,pisum sativum,,
cultivar:relva|pisum_sativum,Cultivar,,,,,,Relva,,,,,pisum sativum,,
cultivar:reta_de_flor_roxa|pisum_sativum,Cultivar,,,,,,Reta de Flor Roxa,,,,,pisum sativum,,
cultivar:ruthless|pisum_sativum,Cultivar,,,,,,Ruthless,,,,,pisum sativum,,
cultivar:selecta|pisum_sativum,Cultivar,,,,,,Selecta,,,,,pisum sativum,,
cultivar:telefone_alta_alderman|pisum_sativum,Cultivar,,,,,,Telefone Alta (Alderman),,,,,pisum sativum,,
cultivar:telefone_alta_vereador|pisum_sativum,Cultivar,,,,,,Telefone Alta (Vereador),,,,,pisum sativum,,
cultivar:torta_flor_roxa|pisum_sativum,Cultivar,,,,,,Torta Flor Roxa,,,,,pisum sativum,,
cultivar:torta_flor_roxa_ht|pisum_sativum,Cultivar,,,,,,Torta Flor Roxa HT,,,,,pisum sativum,,
cultivar:torta_gigante_flor_roxa|pisum_sativum,Cultivar,,,,,,Torta Gigante Flor Roxa,,,,,pisum sativum,,
cultivar:torta_tt|pisum_sativum,Cultivar,,,,,,Torta TT,,,,,pisum sativum,,
cultivar:torta_de_flor_roxa|pisum_sativum,Cultivar,,,,,,Torta de Flor Roxa,,,,,pisum sativum,,
cultivar:brs_sulina|pisum_sativum,Cultivar,,,,,,BRS Sulina,,,,,pisum sativum,,
species:raphanus_sativus,Species,,,,,,,,,raphanus sativus,Raphanus sativus L.,,,
cultivar:alegro|raphanus_sativus,Cultivar,,,,,,ALEGRO,,,,,raphanus sativus,,
cultivar:amager|raphanus_sativus,Cultivar,,,,,,Amager,,,,,raphanus sativus,,
cultivar:apolo|raphanus_sativus,Cultivar,,,,,,Apolo,,,,,raphanus sativus,,
cultivar:ares|raphanus_sativus,Cultivar,,,,,,Ares,,,,,raphanus sativus,,
cultivar:branco_comprido|raphanus_sativus,Cultivar,,,,,,Branco Comprido,,,,,raphanus sativus,,
cultivar:branco_de_colo_roxo|raphanus_sativus,Cultivar,,,,,,Branco de Colo Roxo,,,,,raphanus sativus,,
cultivar:cati_al_1000|raphanus_sativus,Cultivar,,,,,,CATI - AL 1000,,,,,raphanus sativus,,
cultivar:cometa|raphanus_sativus,Cultivar,,,,,,Cometa,,,,,raphanus sativus,,
cultivar:comprido_vermelho|raphanus_sativus,Cultivar,,,,,,Comprido Vermelho,,,,,raphanus sativus,,
cultivar:comum|raphanus_sativus,Cultivar,,,,,,Comum,,,,,raphanus sativus,,
cultivar:coral|raphanus_sativus,Cultivar,,,,,,Coral,,,,,raphanus sativus,,
cultivar:crimsom_gigante|raphanus_sativus,Cultivar,,,,,,Crimsom Gigante,,,,,raphanus sativus,,
cultivar:crimson_gigante|raphanus_sativus,Cultivar,,,,,,Crimson Gigante,,,,,raphanus sativus,,
cultivar:crimson_viper|raphanus_sativus,Cultivar,,,,,,Crimson Viper,,,,,raphanus sativus,,
cultivar:crinson_gigante|raphanus_sativus,Cultivar,,,,,,Crinson Gigante,,,,,raphanus sativus,,
cultivar:dionasio|raphanus_sativus,Cultivar,,,,,,DionÃ­sio,,,,,raphanus sativus,,
cultivar:flex|raphanus_sativus,Cultivar,,,,,,FLEX,,,,,raphanus sativus,,
cultivar:ganga|raphanus_sativus,Cultivar,,,,,,Ganga,,,,,raphanus sativus,,
cultivar:gigante_japonaas_minowase|raphanus_sativus,Cultivar,,,,,,Gigante JaponÃªs Minowase,,,,,raphanus sativus,,
cultivar:gigante_siculo|raphanus_sativus,Cultivar,,,,,,Gigante Siculo,,,,,raphanus sativus,,
cultivar:hades|raphanus_sativus,Cultivar,,,,,,Hades,,,,,raphanus sativus,,
cultivar:jolly_red_vermelho|raphanus_sativus,Cultivar,,,,,,Jolly Red Vermelho,,,,,raphanus sativus,,
cultivar:kiran|raphanus_sativus,Cultivar,,,,,,Kiran,,,,,raphanus sativus,,
cultivar:nascente|raphanus_sativus,Cultivar,,,,,,Nascente,,,,,raphanus sativus,,
cultivar:ponta_branca|raphanus_sativus,Cultivar,,,,,,Ponta Branca,,,,,raphanus sativus,,
cultivar:poseidon|raphanus_sativus,Cultivar,,,,,,Poseidon,,,,,raphanus sativus,,
cultivar:quaron|raphanus_sativus,Cultivar,,,,,,QuÃ­ron,,,,,raphanus sativus,,
cultivar:sarvesh|raphanus_sativus,Cultivar,,,,,,Sarvesh,,,,,raphanus sativus,,
cultivar:saxa|raphanus_sativus,Cultivar,,,,,,Saxa,,,,,raphanus sativus,,
cultivar:scarlet_globe|raphanus_sativus,Cultivar,,,,,,Scarlet Globe,,,,,raphanus sativus,,
cultivar:selene|raphanus_sativus,Cultivar,,,,,,Selene,,,,,raphanus sativus,,
cultivar:serrano|raphanus_sativus,Cultivar,,,,,,Serrano,,,,,raphanus sativus,,
cultivar:sparkler|raphanus_sativus,Cultivar,,,,,,Sparkler,,,,,raphanus sativus,,
cultivar:telma|raphanus_sativus,Cultivar,,,,,,Telma,,,,,raphanus sativus,,
cultivar:ulisses|raphanus_sativus,Cultivar,,,,,,Ulisses,,,,,raphanus sativus,,
cultivar:vip_crimson_seleaao_especial|raphanus_sativus,Cultivar,,,,,,Vip Crimson SeleÃ§Ã£o Especial,,,,,raphanus sativus,,
cultivar:zapp|raphanus_sativus,Cultivar,,,,,,Zapp,,,,,raphanus sativus,,
cultivar:japones|raphanus_sativus,Cultivar,,,,,,Japones,,,,,raphanus sativus,,
cultivar:gmx_tatu|raphanus_sativus,Cultivar,,,,,,GMX TATU,,,,,raphanus sativus,,
cultivar:ipr_116|raphanus_sativus,Cultivar,,,,,,IPR 116,,,,,raphanus sativus,,
cultivar:ipr_210|raphanus_sativus,Cultivar,,,,,,IPR 210,,,,,raphanus sativus,,
cultivar:pgr_aurora|raphanus_sativus,Cultivar,,,,,,PGR Aurora,,,,,raphanus sativus,,
cultivar:pa_de_pato|raphanus_sativus,Cultivar,,,,,,PÃ DE PATO,,,,,raphanus sativus,,
cultivar:trado|raphanus_sativus,Cultivar,,,,,,TRADO,,,,,raphanus sativus,,
species:solanum_lycopersicum,Species,,,,,,,,,solanum lycopersicum,Solanum lycopersicum L. = Lycopersicon esculentum Mill.,,,
cultivar:16tom00688|solanum_lycopersicum,Cultivar,,,,,,16TOM00688,,,,,solanum lycopersicum,,
cultivar:16tom00710|solanum_lycopersicum,Cultivar,,,,,,16TOM00710,,,,,solanum lycopersicum,,
cultivar:18tom11060|solanum_lycopersicum,Cultivar,,,,,,18TOM11060,,,,,solanum lycopersicum,,
cultivar:18tom11079|solanum_lycopersicum,Cultivar,,,,,,18TOM11079,,,,,solanum lycopersicum,,
cultivar:21tom13300|solanum_lycopersicum,Cultivar,,,,,,21TOM13300,,,,,solanum lycopersicum,,
cultivar:21tom13328|solanum_lycopersicum,Cultivar,,,,,,21TOM13328,,,,,solanum lycopersicum,,
cultivar:af1000|solanum_lycopersicum,Cultivar,,,,,,AF1000,,,,,solanum lycopersicum,,
cultivar:af1001|solanum_lycopersicum,Cultivar,,,,,,AF1001,,,,,solanum lycopersicum,,
cultivar:af1003|solanum_lycopersicum,Cultivar,,,,,,AF1003,,,,,solanum lycopersicum,,
cultivar:af1004|solanum_lycopersicum,Cultivar,,,,,,AF1004,,,,,solanum lycopersicum,,
cultivar:af1006|solanum_lycopersicum,Cultivar,,,,,,AF1006,,,,,solanum lycopersicum,,
cultivar:af1009|solanum_lycopersicum,Cultivar,,,,,,AF1009,,,,,solanum lycopersicum,,
cultivar:af1010|solanum_lycopersicum,Cultivar,,,,,,AF1010,,,,,solanum lycopersicum,,
cultivar:af1012|solanum_lycopersicum,Cultivar,,,,,,AF1012,,,,,solanum lycopersicum,,
cultivar:af1029|solanum_lycopersicum,Cultivar,,,,,,AF1029,,,,,solanum lycopersicum,,
cultivar:af1032|solanum_lycopersicum,Cultivar,,,,,,AF1032,,,,,solanum lycopersicum,,
cultivar:af11877|solanum_lycopersicum,Cultivar,,,,,,AF11877,,,,,solanum lycopersicum,,
cultivar:af14086|solanum_lycopersicum,Cultivar,,,,,,AF14086,,,,,solanum lycopersicum,,
cultivar:af14239|solanum_lycopersicum,Cultivar,,,,,,AF14239,,,,,solanum lycopersicum,,
cultivar:af17865|solanum_lycopersicum,Cultivar,,,,,,AF17865,,,,,solanum lycopersicum,,
cultivar:af20607|solanum_lycopersicum,Cultivar,,,,,,AF20607,,,,,solanum lycopersicum,,
cultivar:af20648|solanum_lycopersicum,Cultivar,,,,,,AF20648,,,,,solanum lycopersicum,,
cultivar:af21460|solanum_lycopersicum,Cultivar,,,,,,AF21460,,,,,solanum lycopersicum,,
cultivar:af21462|solanum_lycopersicum,Cultivar,,,,,,AF21462,,,,,solanum lycopersicum,,
cultivar:af21743|solanum_lycopersicum,Cultivar,,,,,,AF21743,,,,,solanum lycopersicum,,
cultivar:af21985|solanum_lycopersicum,Cultivar,,,,,,AF21985,,,,,solanum lycopersicum,,
cultivar:af22475|solanum_lycopersicum,Cultivar,,,,,,AF22475,,,,,solanum lycopersicum,,
cultivar:af22741|solanum_lycopersicum,Cultivar,,,,,,AF22741,,,,,solanum lycopersicum,,
cultivar:af22783|solanum_lycopersicum,Cultivar,,,,,,AF22783,,,,,solanum lycopersicum,,
cultivar:af23329|solanum_lycopersicum,Cultivar,,,,,,AF23329,,,,,solanum lycopersicum,,
cultivar:af23439|solanum_lycopersicum,Cultivar,,,,,,AF23439,,,,,solanum lycopersicum,,
cultivar:af23872|solanum_lycopersicum,Cultivar,,,,,,AF23872,,,,,solanum lycopersicum,,
cultivar:af24431|solanum_lycopersicum,Cultivar,,,,,,AF24431,,,,,solanum lycopersicum,,
cultivar:af24736|solanum_lycopersicum,Cultivar,,,,,,AF24736,,,,,solanum lycopersicum,,
cultivar:af26016|solanum_lycopersicum,Cultivar,,,,,,AF26016,,,,,solanum lycopersicum,,
cultivar:af27645|solanum_lycopersicum,Cultivar,,,,,,AF27645,,,,,solanum lycopersicum,,
cultivar:af27743|solanum_lycopersicum,Cultivar,,,,,,AF27743,,,,,solanum lycopersicum,,
cultivar:af28435|solanum_lycopersicum,Cultivar,,,,,,AF28435,,,,,solanum lycopersicum,,
cultivar:af28440|solanum_lycopersicum,Cultivar,,,,,,AF28440,,,,,solanum lycopersicum,,
cultivar:af28510|solanum_lycopersicum,Cultivar,,,,,,AF28510,,,,,solanum lycopersicum,,
cultivar:af32492|solanum_lycopersicum,Cultivar,,,,,,AF32492,,,,,solanum lycopersicum,,
cultivar:af35044|solanum_lycopersicum,Cultivar,,,,,,AF35044,,,,,solanum lycopersicum,,
cultivar:af35127|solanum_lycopersicum,Cultivar,,,,,,AF35127,,,,,solanum lycopersicum,,
cultivar:af35864|solanum_lycopersicum,Cultivar,,,,,,AF35864,,,,,solanum lycopersicum,,
cultivar:af36064|solanum_lycopersicum,Cultivar,,,,,,AF36064,,,,,solanum lycopersicum,,
cultivar:af36766|solanum_lycopersicum,Cultivar,,,,,,AF36766,,,,,solanum lycopersicum,,
cultivar:af36770|solanum_lycopersicum,Cultivar,,,,,,AF36770,,,,,solanum lycopersicum,,
cultivar:af40413|solanum_lycopersicum,Cultivar,,,,,,AF40413,,,,,solanum lycopersicum,,
cultivar:af40415|solanum_lycopersicum,Cultivar,,,,,,AF40415,,,,,solanum lycopersicum,,
cultivar:af42668|solanum_lycopersicum,Cultivar,,,,,,AF42668,,,,,solanum lycopersicum,,
cultivar:af44935|solanum_lycopersicum,Cultivar,,,,,,AF44935,,,,,solanum lycopersicum,,
cultivar:af44937|solanum_lycopersicum,Cultivar,,,,,,AF44937,,,,,solanum lycopersicum,,
cultivar:atualle_scv_952|solanum_lycopersicum,Cultivar,,,,,,ATUALLE SCV 952,,,,,solanum lycopersicum,,
cultivar:atyna|solanum_lycopersicum,Cultivar,,,,,,ATYNA,,,,,solanum lycopersicum,,
cultivar:absoluto|solanum_lycopersicum,Cultivar,,,,,,Absoluto,,,,,solanum lycopersicum,,
cultivar:adriel|solanum_lycopersicum,Cultivar,,,,,,Adriel,,,,,solanum lycopersicum,,
cultivar:afonso|solanum_lycopersicum,Cultivar,,,,,,Afonso,,,,,solanum lycopersicum,,
cultivar:alani|solanum_lycopersicum,Cultivar,,,,,,Alani,,,,,solanum lycopersicum,,
cultivar:alianaa|solanum_lycopersicum,Cultivar,,,,,,AlianÃ§a,,,,,solanum lycopersicum,,
cultivar:andes|solanum_lycopersicum,Cultivar,,,,,,Andes,,,,,solanum lycopersicum,,
cultivar:asti|solanum_lycopersicum,Cultivar,,,,,,Asti,,,,,solanum lycopersicum,,
cultivar:brs_laterrot|solanum_lycopersicum,Cultivar,,,,,,BRS Laterrot,,,,,solanum lycopersicum,,
cultivar:brs_nagai|solanum_lycopersicum,Cultivar,,,,,,BRS Nagai,,,,,solanum lycopersicum,,
cultivar:brs_tospodoro_pto|solanum_lycopersicum,Cultivar,,,,,,BRS Tospodoro Pto,,,,,solanum lycopersicum,,
cultivar:brs_zamir|solanum_lycopersicum,Cultivar,,,,,,BRS Zamir,,,,,solanum lycopersicum,,
cultivar:bvc27661|solanum_lycopersicum,Cultivar,,,,,,BVC27661,,,,,solanum lycopersicum,,
cultivar:bvc27672|solanum_lycopersicum,Cultivar,,,,,,BVC27672,,,,,solanum lycopersicum,,
cultivar:bvc27677|solanum_lycopersicum,Cultivar,,,,,,BVC27677,,,,,solanum lycopersicum,,
cultivar:bvc27760|solanum_lycopersicum,Cultivar,,,,,,BVC27760,,,,,solanum lycopersicum,,
cultivar:baga|solanum_lycopersicum,Cultivar,,,,,,BagÃ©,,,,,solanum lycopersicum,,
cultivar:barta|solanum_lycopersicum,Cultivar,,,,,,BartÃ´,,,,,solanum lycopersicum,,
cultivar:bento|solanum_lycopersicum,Cultivar,,,,,,Bento,,,,,solanum lycopersicum,,
cultivar:bio_feliciana|solanum_lycopersicum,Cultivar,,,,,,Bio Feliciana,,,,,solanum lycopersicum,,
cultivar:cintya|solanum_lycopersicum,Cultivar,,,,,,CINTYA,,,,,solanum lycopersicum,,
cultivar:comandante_scv_984|solanum_lycopersicum,Cultivar,,,,,,COMANDANTE SCV 984,,,,,solanum lycopersicum,,
cultivar:cvr_2909|solanum_lycopersicum,Cultivar,,,,,,CVR 2909,,,,,solanum lycopersicum,,
cultivar:cvr_5718|solanum_lycopersicum,Cultivar,,,,,,CVR 5718,,,,,solanum lycopersicum,,
cultivar:cvr_8161|solanum_lycopersicum,Cultivar,,,,,,CVR 8161,,,,,solanum lycopersicum,,
cultivar:caline_ipa_7|solanum_lycopersicum,Cultivar,,,,,,Caline IPA 7,,,,,solanum lycopersicum,,
cultivar:caline_ipa_6|solanum_lycopersicum,Cultivar,,,,,,Caline IPA-6,,,,,solanum lycopersicum,,
cultivar:caliper|solanum_lycopersicum,Cultivar,,,,,,Caliper,,,,,solanum lycopersicum,,
cultivar:camaqua_vermelho|solanum_lycopersicum,Cultivar,,,,,,CamaquÃ£ Vermelho,,,,,solanum lycopersicum,,
cultivar:carina_golden|solanum_lycopersicum,Cultivar,,,,,,Carina Golden,,,,,solanum lycopersicum,,
cultivar:carina_star|solanum_lycopersicum,Cultivar,,,,,,Carina Star,,,,,solanum lycopersicum,,
cultivar:carina_ty|solanum_lycopersicum,Cultivar,,,,,,Carina TY,,,,,solanum lycopersicum,,
cultivar:cariri|solanum_lycopersicum,Cultivar,,,,,,Cariri,,,,,solanum lycopersicum,,
cultivar:carolina|solanum_lycopersicum,Cultivar,,,,,,Carolina,,,,,solanum lycopersicum,,
cultivar:carrara|solanum_lycopersicum,Cultivar,,,,,,Carrara,,,,,solanum lycopersicum,,
cultivar:cassio|solanum_lycopersicum,Cultivar,,,,,,Cassio,,,,,solanum lycopersicum,,
cultivar:cereja_cascade|solanum_lycopersicum,Cultivar,,,,,,Cereja Cascade,,,,,solanum lycopersicum,,
cultivar:cereja_laranja|solanum_lycopersicum,Cultivar,,,,,,Cereja Laranja,,,,,solanum lycopersicum,,
cultivar:cereja_samambaia|solanum_lycopersicum,Cultivar,,,,,,Cereja Samambaia,,,,,solanum lycopersicum,,
cultivar:cereja_vermelho|solanum_lycopersicum,Cultivar,,,,,,Cereja Vermelho,,,,,solanum lycopersicum,,
cultivar:colono|solanum_lycopersicum,Cultivar,,,,,,Colono,,,,,solanum lycopersicum,,
cultivar:coloso|solanum_lycopersicum,Cultivar,,,,,,Coloso,,,,,solanum lycopersicum,,
cultivar:colossus|solanum_lycopersicum,Cultivar,,,,,,Colossus,,,,,solanum lycopersicum,,
cultivar:conquistador|solanum_lycopersicum,Cultivar,,,,,,Conquistador,,,,,solanum lycopersicum,,
cultivar:contrattack|solanum_lycopersicum,Cultivar,,,,,,Contrattack,,,,,solanum lycopersicum,,
cultivar:coraaao_de_boi|solanum_lycopersicum,Cultivar,,,,,,CoraÃ§Ã£o de Boi,,,,,solanum lycopersicum,,
cultivar:cordillera|solanum_lycopersicum,Cultivar,,,,,,Cordillera,,,,,solanum lycopersicum,,
cultivar:cynthia|solanum_lycopersicum,Cultivar,,,,,,Cynthia,,,,,solanum lycopersicum,,
cultivar:danona|solanum_lycopersicum,Cultivar,,,,,,DANONA,,,,,solanum lycopersicum,,
cultivar:delta|solanum_lycopersicum,Cultivar,,,,,,DELTA,,,,,solanum lycopersicum,,
cultivar:da_vinci|solanum_lycopersicum,Cultivar,,,,,,Da Vinci,,,,,solanum lycopersicum,,
cultivar:dalva|solanum_lycopersicum,Cultivar,,,,,,Dalva,,,,,solanum lycopersicum,,
cultivar:danilo|solanum_lycopersicum,Cultivar,,,,,,Danilo,,,,,solanum lycopersicum,,
cultivar:debora_victory|solanum_lycopersicum,Cultivar,,,,,,Debora Victory,,,,,solanum lycopersicum,,
cultivar:diamante_negro|solanum_lycopersicum,Cultivar,,,,,,Diamante Negro,,,,,solanum lycopersicum,,
cultivar:dionisio|solanum_lycopersicum,Cultivar,,,,,,Dionisio,,,,,solanum lycopersicum,,
cultivar:durino|solanum_lycopersicum,Cultivar,,,,,,Durino,,,,,solanum lycopersicum,,
cultivar:dyra|solanum_lycopersicum,Cultivar,,,,,,Dyra,,,,,solanum lycopersicum,,
cultivar:el_paya|solanum_lycopersicum,Cultivar,,,,,,El PayÃ©,,,,,solanum lycopersicum,,
cultivar:ellen_f1|solanum_lycopersicum,Cultivar,,,,,,Ellen F1,,,,,solanum lycopersicum,,
cultivar:ernesto|solanum_lycopersicum,Cultivar,,,,,,Ernesto,,,,,solanum lycopersicum,,
cultivar:evelyn|solanum_lycopersicum,Cultivar,,,,,,Evelyn,,,,,solanum lycopersicum,,
cultivar:faro|solanum_lycopersicum,Cultivar,,,,,,FARO,,,,,solanum lycopersicum,,
cultivar:flex_scv_0416|solanum_lycopersicum,Cultivar,,,,,,FLEX SCV 0416,,,,,solanum lycopersicum,,
cultivar:faraon|solanum_lycopersicum,Cultivar,,,,,,Faraon,,,,,solanum lycopersicum,,
cultivar:fascanio|solanum_lycopersicum,Cultivar,,,,,,FascÃ­nio,,,,,solanum lycopersicum,,
cultivar:ferraz_ipa_8|solanum_lycopersicum,Cultivar,,,,,,Ferraz IPA 8,,,,,solanum lycopersicum,,
cultivar:flavus|solanum_lycopersicum,Cultivar,,,,,,Flavus,,,,,solanum lycopersicum,,
cultivar:floradade|solanum_lycopersicum,Cultivar,,,,,,Floradade,,,,,solanum lycopersicum,,
cultivar:gavi|solanum_lycopersicum,Cultivar,,,,,,GAVI,,,,,solanum lycopersicum,,
cultivar:genlavir_6|solanum_lycopersicum,Cultivar,,,,,,GENLAVIR 6,,,,,solanum lycopersicum,,
cultivar:gyottone|solanum_lycopersicum,Cultivar,,,,,,GYOTTONE,,,,,solanum lycopersicum,,
cultivar:gaucho|solanum_lycopersicum,Cultivar,,,,,,Gaucho,,,,,solanum lycopersicum,,
cultivar:gaaocho_melhorado_nova_geraaao|solanum_lycopersicum,Cultivar,,,,,,GaÃºcho Melhorado Nova GeraÃ§Ã£o,,,,,solanum lycopersicum,,
cultivar:gaaocho_melhorado_nova_seleaao|solanum_lycopersicum,Cultivar,,,,,,GaÃºcho Melhorado Nova SeleÃ§Ã£o,,,,,solanum lycopersicum,,
cultivar:georgina|solanum_lycopersicum,Cultivar,,,,,,Georgina,,,,,solanum lycopersicum,,
cultivar:gislani|solanum_lycopersicum,Cultivar,,,,,,Gislani,,,,,solanum lycopersicum,,
cultivar:giuliana|solanum_lycopersicum,Cultivar,,,,,,Giuliana,,,,,solanum lycopersicum,,
cultivar:htv_mercato|solanum_lycopersicum,Cultivar,,,,,,HTV MERCATO,,,,,solanum lycopersicum,,
cultivar:ibiza|solanum_lycopersicum,Cultivar,,,,,,IBIZA,,,,,solanum lycopersicum,,
cultivar:invictus_scv_0316|solanum_lycopersicum,Cultivar,,,,,,INVICTUS SCV 0316,,,,,solanum lycopersicum,,
cultivar:ipa_6|solanum_lycopersicum,Cultivar,,,,,,IPA 6,,,,,solanum lycopersicum,,
cultivar:indio|solanum_lycopersicum,Cultivar,,,,,,Indio,,,,,solanum lycopersicum,,
cultivar:ivety|solanum_lycopersicum,Cultivar,,,,,,Ivety,,,,,solanum lycopersicum,,
cultivar:jessica_plus|solanum_lycopersicum,Cultivar,,,,,,Jessica Plus,,,,,solanum lycopersicum,,
cultivar:jessica_star|solanum_lycopersicum,Cultivar,,,,,,Jessica Star,,,,,solanum lycopersicum,,
cultivar:jonatas|solanum_lycopersicum,Cultivar,,,,,,Jonatas,,,,,solanum lycopersicum,,
cultivar:kelen|solanum_lycopersicum,Cultivar,,,,,,KELEN,,,,,solanum lycopersicum,,
cultivar:kenny|solanum_lycopersicum,Cultivar,,,,,,Kenny,,,,,solanum lycopersicum,,
cultivar:king_rock|solanum_lycopersicum,Cultivar,,,,,,King Rock,,,,,solanum lycopersicum,,
cultivar:kombat|solanum_lycopersicum,Cultivar,,,,,,Kombat,,,,,solanum lycopersicum,,
cultivar:lai_049|solanum_lycopersicum,Cultivar,,,,,,LAI 049,,,,,solanum lycopersicum,,
cultivar:lam_147|solanum_lycopersicum,Cultivar,,,,,,LAM 147,,,,,solanum lycopersicum,,
cultivar:lam_156|solanum_lycopersicum,Cultivar,,,,,,LAM 156,,,,,solanum lycopersicum,,
cultivar:lam_162ty|solanum_lycopersicum,Cultivar,,,,,,LAM 162TY,,,,,solanum lycopersicum,,
cultivar:lam_183|solanum_lycopersicum,Cultivar,,,,,,LAM 183,,,,,solanum lycopersicum,,
cultivar:lam_205|solanum_lycopersicum,Cultivar,,,,,,LAM 205,,,,,solanum lycopersicum,,
cultivar:lam_221|solanum_lycopersicum,Cultivar,,,,,,LAM 221,,,,,solanum lycopersicum,,
cultivar:lam_233|solanum_lycopersicum,Cultivar,,,,,,LAM 233,,,,,solanum lycopersicum,,
cultivar:lam_259|solanum_lycopersicum,Cultivar,,,,,,LAM 259,,,,,solanum lycopersicum,,
cultivar:lam_270|solanum_lycopersicum,Cultivar,,,,,,LAM 270,,,,,solanum lycopersicum,,
cultivar:lam_288|solanum_lycopersicum,Cultivar,,,,,,LAM 288,,,,,solanum lycopersicum,,
cultivar:lam_319|solanum_lycopersicum,Cultivar,,,,,,LAM 319,,,,,solanum lycopersicum,,
cultivar:lam_320|solanum_lycopersicum,Cultivar,,,,,,LAM 320,,,,,solanum lycopersicum,,
cultivar:lam_321|solanum_lycopersicum,Cultivar,,,,,,LAM 321,,,,,solanum lycopersicum,,
cultivar:lam_322|solanum_lycopersicum,Cultivar,,,,,,LAM 322,,,,,solanum lycopersicum,,
cultivar:lam_339|solanum_lycopersicum,Cultivar,,,,,,LAM 339,,,,,solanum lycopersicum,,
cultivar:lam_374|solanum_lycopersicum,Cultivar,,,,,,LAM 374,,,,,solanum lycopersicum,,
cultivar:lam_375|solanum_lycopersicum,Cultivar,,,,,,LAM 375,,,,,solanum lycopersicum,,
cultivar:logusto|solanum_lycopersicum,Cultivar,,,,,,LOGUSTO,,,,,solanum lycopersicum,,
cultivar:laranja_para_salada|solanum_lycopersicum,Cultivar,,,,,,Laranja para Salada,,,,,solanum lycopersicum,,
cultivar:le_petit|solanum_lycopersicum,Cultivar,,,,,,Le Petit,,,,,solanum lycopersicum,,
cultivar:leblon|solanum_lycopersicum,Cultivar,,,,,,Leblon,,,,,solanum lycopersicum,,
cultivar:libertador|solanum_lycopersicum,Cultivar,,,,,,Libertador,,,,,solanum lycopersicum,,
cultivar:linda|solanum_lycopersicum,Cultivar,,,,,,Linda,,,,,solanum lycopersicum,,
cultivar:lino|solanum_lycopersicum,Cultivar,,,,,,Lino,,,,,solanum lycopersicum,,
cultivar:luan|solanum_lycopersicum,Cultivar,,,,,,Luan,,,,,solanum lycopersicum,,
cultivar:lumen|solanum_lycopersicum,Cultivar,,,,,,Lumen,,,,,solanum lycopersicum,,
cultivar:magna|solanum_lycopersicum,Cultivar,,,,,,MAGNA,,,,,solanum lycopersicum,,
cultivar:mangiato|solanum_lycopersicum,Cultivar,,,,,,MANGIATO,,,,,solanum lycopersicum,,
cultivar:marioto|solanum_lycopersicum,Cultivar,,,,,,MARIOTO,,,,,solanum lycopersicum,,
cultivar:marruaz_scv_945|solanum_lycopersicum,Cultivar,,,,,,MARRUAZ SCV 945,,,,,solanum lycopersicum,,
cultivar:milla|solanum_lycopersicum,Cultivar,,,,,,MILLA,,,,,solanum lycopersicum,,
cultivar:monte_mor|solanum_lycopersicum,Cultivar,,,,,,MONTE MOR,,,,,solanum lycopersicum,,
cultivar:macizo|solanum_lycopersicum,Cultivar,,,,,,Macizo,,,,,solanum lycopersicum,,
cultivar:mandalah|solanum_lycopersicum,Cultivar,,,,,,Mandalah,,,,,solanum lycopersicum,,
cultivar:marguerita|solanum_lycopersicum,Cultivar,,,,,,Marguerita,,,,,solanum lycopersicum,,
cultivar:mariana|solanum_lycopersicum,Cultivar,,,,,,Mariana,,,,,solanum lycopersicum,,
cultivar:martina|solanum_lycopersicum,Cultivar,,,,,,Martina,,,,,solanum lycopersicum,,
cultivar:matinella|solanum_lycopersicum,Cultivar,,,,,,Matinella,,,,,solanum lycopersicum,,
cultivar:michelangelo|solanum_lycopersicum,Cultivar,,,,,,Michelangelo,,,,,solanum lycopersicum,,
cultivar:milagros|solanum_lycopersicum,Cultivar,,,,,,Milagros,,,,,solanum lycopersicum,,
cultivar:napolitano|solanum_lycopersicum,Cultivar,,,,,,NAPOLITANO,,,,,solanum lycopersicum,,
cultivar:napoleao|solanum_lycopersicum,Cultivar,,,,,,NapoleÃ£o,,,,,solanum lycopersicum,,
cultivar:nicolas|solanum_lycopersicum,Cultivar,,,,,,Nicolas,,,,,solanum lycopersicum,,
cultivar:ocean|solanum_lycopersicum,Cultivar,,,,,,OCEAN,,,,,solanum lycopersicum,,
cultivar:odete|solanum_lycopersicum,Cultivar,,,,,,Odete,,,,,solanum lycopersicum,,
cultivar:p52|solanum_lycopersicum,Cultivar,,,,,,P52,,,,,solanum lycopersicum,,
cultivar:paraty|solanum_lycopersicum,Cultivar,,,,,,PARATY,,,,,solanum lycopersicum,,
cultivar:pisaneso|solanum_lycopersicum,Cultivar,,,,,,PISANESO,,,,,solanum lycopersicum,,
cultivar:pleno|solanum_lycopersicum,Cultivar,,,,,,PLENO,,,,,solanum lycopersicum,,
cultivar:pollo_scv_0214|solanum_lycopersicum,Cultivar,,,,,,POLLO SCV 0214,,,,,solanum lycopersicum,,
cultivar:pxt_601|solanum_lycopersicum,Cultivar,,,,,,PXT 601,,,,,solanum lycopersicum,,
cultivar:paola|solanum_lycopersicum,Cultivar,,,,,,Paola,,,,,solanum lycopersicum,,
cultivar:pietra|solanum_lycopersicum,Cultivar,,,,,,Pietra,,,,,solanum lycopersicum,,
cultivar:popuri|solanum_lycopersicum,Cultivar,,,,,,Popuri,,,,,solanum lycopersicum,,
cultivar:poweroot|solanum_lycopersicum,Cultivar,,,,,,Poweroot,,,,,solanum lycopersicum,,
cultivar:paara_amarelo|solanum_lycopersicum,Cultivar,,,,,,PÃªra Amarelo,,,,,solanum lycopersicum,,
cultivar:rasteiro_rio_grande|solanum_lycopersicum,Cultivar,,,,,,Rasteiro Rio Grande,,,,,solanum lycopersicum,,
cultivar:ravena|solanum_lycopersicum,Cultivar,,,,,,Ravena,,,,,solanum lycopersicum,,
cultivar:ricardo|solanum_lycopersicum,Cultivar,,,,,,Ricardo,,,,,solanum lycopersicum,,
cultivar:rio_grande|solanum_lycopersicum,Cultivar,,,,,,Rio Grande,,,,,solanum lycopersicum,,
cultivar:robusto|solanum_lycopersicum,Cultivar,,,,,,Robusto,,,,,solanum lycopersicum,,
cultivar:roma|solanum_lycopersicum,Cultivar,,,,,,Roma,,,,,solanum lycopersicum,,
cultivar:roma_vfn|solanum_lycopersicum,Cultivar,,,,,,Roma VFN,,,,,solanum lycopersicum,,
cultivar:romero|solanum_lycopersicum,Cultivar,,,,,,Romero,,,,,solanum lycopersicum,,
cultivar:santanna_scv_988|solanum_lycopersicum,Cultivar,,,,,,SANTANNA SCV 988,,,,,solanum lycopersicum,,
cultivar:sc1_023|solanum_lycopersicum,Cultivar,,,,,,SC1 023,,,,,solanum lycopersicum,,
cultivar:scs375_kaiaara|solanum_lycopersicum,Cultivar,,,,,,SCS375 KaiÃ§ara,,,,,solanum lycopersicum,,
cultivar:scv_707|solanum_lycopersicum,Cultivar,,,,,,SCV 707,,,,,solanum lycopersicum,,
cultivar:sollar_scv_831|solanum_lycopersicum,Cultivar,,,,,,SOLLAR SCV 831,,,,,solanum lycopersicum,,
cultivar:san_marzano|solanum_lycopersicum,Cultivar,,,,,,San Marzano,,,,,solanum lycopersicum,,
cultivar:santa_clara|solanum_lycopersicum,Cultivar,,,,,,Santa Clara,,,,,solanum lycopersicum,,
cultivar:santa_clara_5_800|solanum_lycopersicum,Cultivar,,,,,,Santa Clara 5.800,,,,,solanum lycopersicum,,
cultivar:santa_clara_ht|solanum_lycopersicum,Cultivar,,,,,,Santa Clara HT,,,,,solanum lycopersicum,,
cultivar:santa_clara_kada_gigante|solanum_lycopersicum,Cultivar,,,,,,Santa Clara Kada Gigante,,,,,solanum lycopersicum,,
cultivar:santa_cruz_kada_paulista|solanum_lycopersicum,Cultivar,,,,,,Santa Cruz Kada (Paulista),,,,,solanum lycopersicum,,
cultivar:santa_cruz_kada_gigante|solanum_lycopersicum,Cultivar,,,,,,Santa Cruz Kada Gigante,,,,,solanum lycopersicum,,
cultivar:santamalia|solanum_lycopersicum,Cultivar,,,,,,SantamÃ©lia,,,,,solanum lycopersicum,,
cultivar:sardenha|solanum_lycopersicum,Cultivar,,,,,,Sardenha,,,,,solanum lycopersicum,,
cultivar:scooby|solanum_lycopersicum,Cultivar,,,,,,Scooby,,,,,solanum lycopersicum,,
cultivar:senninha|solanum_lycopersicum,Cultivar,,,,,,Senninha,,,,,solanum lycopersicum,,
cultivar:serena|solanum_lycopersicum,Cultivar,,,,,,Serena,,,,,solanum lycopersicum,,
cultivar:sheila_n|solanum_lycopersicum,Cultivar,,,,,,Sheila N,,,,,solanum lycopersicum,,
cultivar:sheila_victory|solanum_lycopersicum,Cultivar,,,,,,Sheila Victory,,,,,solanum lycopersicum,,
cultivar:soberano|solanum_lycopersicum,Cultivar,,,,,,Soberano,,,,,solanum lycopersicum,,
cultivar:sophia|solanum_lycopersicum,Cultivar,,,,,,Sophia,,,,,solanum lycopersicum,,
cultivar:sotero|solanum_lycopersicum,Cultivar,,,,,,Sotero,,,,,solanum lycopersicum,,
cultivar:super_marmande|solanum_lycopersicum,Cultivar,,,,,,Super Marmande,,,,,solanum lycopersicum,,
cultivar:supera|solanum_lycopersicum,Cultivar,,,,,,Supera,,,,,solanum lycopersicum,,
cultivar:sweet_dreams|solanum_lycopersicum,Cultivar,,,,,,Sweet Dreams,,,,,solanum lycopersicum,,
cultivar:sweet_heaven|solanum_lycopersicum,Cultivar,,,,,,Sweet Heaven,,,,,solanum lycopersicum,,
cultivar:sweet_vita|solanum_lycopersicum,Cultivar,,,,,,Sweet Vita,,,,,solanum lycopersicum,,
cultivar:taciane|solanum_lycopersicum,Cultivar,,,,,,TACIANE,,,,,solanum lycopersicum,,
cultivar:te_200|solanum_lycopersicum,Cultivar,,,,,,TE 200,,,,,solanum lycopersicum,,
cultivar:te201|solanum_lycopersicum,Cultivar,,,,,,TE201,,,,,solanum lycopersicum,,
cultivar:tgr_sw|solanum_lycopersicum,Cultivar,,,,,,TGR SW,,,,,solanum lycopersicum,,
cultivar:tigustoso|solanum_lycopersicum,Cultivar,,,,,,TIGUSTOSO,,,,,solanum lycopersicum,,
cultivar:tmzz406|solanum_lycopersicum,Cultivar,,,,,,TMZZ406,,,,,solanum lycopersicum,,
cultivar:tom_01|solanum_lycopersicum,Cultivar,,,,,,TOM 01,,,,,solanum lycopersicum,,
cultivar:tom202301|solanum_lycopersicum,Cultivar,,,,,,TOM202301,,,,,solanum lycopersicum,,
cultivar:tywana|solanum_lycopersicum,Cultivar,,,,,,TYWANA,,,,,solanum lycopersicum,,
cultivar:taormina|solanum_lycopersicum,Cultivar,,,,,,Taormina,,,,,solanum lycopersicum,,
cultivar:templario|solanum_lycopersicum,Cultivar,,,,,,Templario,,,,,solanum lycopersicum,,
cultivar:tempra|solanum_lycopersicum,Cultivar,,,,,,Tempra,,,,,solanum lycopersicum,,
cultivar:titan|solanum_lycopersicum,Cultivar,,,,,,Titan,,,,,solanum lycopersicum,,
cultivar:tomini|solanum_lycopersicum,Cultivar,,,,,,Tomini,,,,,solanum lycopersicum,,
cultivar:top_100|solanum_lycopersicum,Cultivar,,,,,,Top 100,,,,,solanum lycopersicum,,
cultivar:top_86|solanum_lycopersicum,Cultivar,,,,,,Top 86,,,,,solanum lycopersicum,,
cultivar:totty|solanum_lycopersicum,Cultivar,,,,,,Totty,,,,,solanum lycopersicum,,
cultivar:treviso|solanum_lycopersicum,Cultivar,,,,,,Treviso,,,,,solanum lycopersicum,,
cultivar:tropic|solanum_lycopersicum,Cultivar,,,,,,Tropic,,,,,solanum lycopersicum,,
cultivar:tyane|solanum_lycopersicum,Cultivar,,,,,,Tyane,,,,,solanum lycopersicum,,
cultivar:tyfane|solanum_lycopersicum,Cultivar,,,,,,Tyfane,,,,,solanum lycopersicum,,
cultivar:tyna|solanum_lycopersicum,Cultivar,,,,,,Tyna,,,,,solanum lycopersicum,,
cultivar:tyral|solanum_lycopersicum,Cultivar,,,,,,Tyral,,,,,solanum lycopersicum,,
cultivar:ulises|solanum_lycopersicum,Cultivar,,,,,,Ulises,,,,,solanum lycopersicum,,
cultivar:verano|solanum_lycopersicum,Cultivar,,,,,,VERANO,,,,,solanum lycopersicum,,
cultivar:vpb13113|solanum_lycopersicum,Cultivar,,,,,,VPB13113,,,,,solanum lycopersicum,,
cultivar:vpb13120|solanum_lycopersicum,Cultivar,,,,,,VPB13120,,,,,solanum lycopersicum,,
cultivar:vtm_538|solanum_lycopersicum,Cultivar,,,,,,VTM 538,,,,,solanum lycopersicum,,
cultivar:vtm_552|solanum_lycopersicum,Cultivar,,,,,,VTM 552,,,,,solanum lycopersicum,,
cultivar:vtm_558|solanum_lycopersicum,Cultivar,,,,,,VTM 558,,,,,solanum lycopersicum,,
cultivar:vtm_564|solanum_lycopersicum,Cultivar,,,,,,VTM 564,,,,,solanum lycopersicum,,
cultivar:vtm_572|solanum_lycopersicum,Cultivar,,,,,,VTM 572,,,,,solanum lycopersicum,,
cultivar:vtm_573|solanum_lycopersicum,Cultivar,,,,,,VTM 573,,,,,solanum lycopersicum,,
cultivar:vtm_615|solanum_lycopersicum,Cultivar,,,,,,VTM 615,,,,,solanum lycopersicum,,
cultivar:vtm_621|solanum_lycopersicum,Cultivar,,,,,,VTM 621,,,,,solanum lycopersicum,,
cultivar:vtm_622|solanum_lycopersicum,Cultivar,,,,,,VTM 622,,,,,solanum lycopersicum,,
cultivar:vtm_628|solanum_lycopersicum,Cultivar,,,,,,VTM 628,,,,,solanum lycopersicum,,
cultivar:vtm_631|solanum_lycopersicum,Cultivar,,,,,,VTM 631,,,,,solanum lycopersicum,,
cultivar:vtm_638|solanum_lycopersicum,Cultivar,,,,,,VTM 638,,,,,solanum lycopersicum,,
cultivar:vtm_642|solanum_lycopersicum,Cultivar,,,,,,VTM 642,,,,,solanum lycopersicum,,
cultivar:vtm_649|solanum_lycopersicum,Cultivar,,,,,,VTM 649,,,,,solanum lycopersicum,,
cultivar:vtm_650|solanum_lycopersicum,Cultivar,,,,,,VTM 650,,,,,solanum lycopersicum,,
cultivar:vtm_660|solanum_lycopersicum,Cultivar,,,,,,VTM 660,,,,,solanum lycopersicum,,
cultivar:vtm_663|solanum_lycopersicum,Cultivar,,,,,,VTM 663,,,,,solanum lycopersicum,,
cultivar:vtm_675|solanum_lycopersicum,Cultivar,,,,,,VTM 675,,,,,solanum lycopersicum,,
cultivar:vtm_677|solanum_lycopersicum,Cultivar,,,,,,VTM 677,,,,,solanum lycopersicum,,
cultivar:vtm_678|solanum_lycopersicum,Cultivar,,,,,,VTM 678,,,,,solanum lycopersicum,,
cultivar:vtm_679|solanum_lycopersicum,Cultivar,,,,,,VTM 679,,,,,solanum lycopersicum,,
cultivar:vtm_681|solanum_lycopersicum,Cultivar,,,,,,VTM 681,,,,,solanum lycopersicum,,
cultivar:vtm_693|solanum_lycopersicum,Cultivar,,,,,,VTM 693,,,,,solanum lycopersicum,,
cultivar:vtm_695|solanum_lycopersicum,Cultivar,,,,,,VTM 695,,,,,solanum lycopersicum,,
cultivar:vtm_702|solanum_lycopersicum,Cultivar,,,,,,VTM 702,,,,,solanum lycopersicum,,
cultivar:vtm_710|solanum_lycopersicum,Cultivar,,,,,,VTM 710,,,,,solanum lycopersicum,,
cultivar:vtm_713|solanum_lycopersicum,Cultivar,,,,,,VTM 713,,,,,solanum lycopersicum,,
cultivar:vtm_714|solanum_lycopersicum,Cultivar,,,,,,VTM 714,,,,,solanum lycopersicum,,
cultivar:vtm_720|solanum_lycopersicum,Cultivar,,,,,,VTM 720,,,,,solanum lycopersicum,,
cultivar:vtm_721|solanum_lycopersicum,Cultivar,,,,,,VTM 721,,,,,solanum lycopersicum,,
cultivar:vtm_727|solanum_lycopersicum,Cultivar,,,,,,VTM 727,,,,,solanum lycopersicum,,
cultivar:vtm_731|solanum_lycopersicum,Cultivar,,,,,,VTM 731,,,,,solanum lycopersicum,,
cultivar:vtm_737|solanum_lycopersicum,Cultivar,,,,,,VTM 737,,,,,solanum lycopersicum,,
cultivar:vtm_738|solanum_lycopersicum,Cultivar,,,,,,VTM 738,,,,,solanum lycopersicum,,
cultivar:vtm_739|solanum_lycopersicum,Cultivar,,,,,,VTM 739,,,,,solanum lycopersicum,,
cultivar:vtm_749|solanum_lycopersicum,Cultivar,,,,,,VTM 749,,,,,solanum lycopersicum,,
cultivar:vtm_752|solanum_lycopersicum,Cultivar,,,,,,VTM 752,,,,,solanum lycopersicum,,
cultivar:vtm_758|solanum_lycopersicum,Cultivar,,,,,,VTM 758,,,,,solanum lycopersicum,,
cultivar:vtm_760|solanum_lycopersicum,Cultivar,,,,,,VTM 760,,,,,solanum lycopersicum,,
cultivar:vtm_763|solanum_lycopersicum,Cultivar,,,,,,VTM 763,,,,,solanum lycopersicum,,
cultivar:vtm_767|solanum_lycopersicum,Cultivar,,,,,,VTM 767,,,,,solanum lycopersicum,,
cultivar:vtm_768|solanum_lycopersicum,Cultivar,,,,,,VTM 768,,,,,solanum lycopersicum,,
cultivar:vtm_770|solanum_lycopersicum,Cultivar,,,,,,VTM 770,,,,,solanum lycopersicum,,
cultivar:vtm_784|solanum_lycopersicum,Cultivar,,,,,,VTM 784,,,,,solanum lycopersicum,,
cultivar:vtm_791|solanum_lycopersicum,Cultivar,,,,,,VTM 791,,,,,solanum lycopersicum,,
cultivar:vtm_793|solanum_lycopersicum,Cultivar,,,,,,VTM 793,,,,,solanum lycopersicum,,
cultivar:vtm_798|solanum_lycopersicum,Cultivar,,,,,,VTM 798,,,,,solanum lycopersicum,,
cultivar:vtm_801|solanum_lycopersicum,Cultivar,,,,,,VTM 801,,,,,solanum lycopersicum,,
cultivar:vtm_803|solanum_lycopersicum,Cultivar,,,,,,VTM 803,,,,,solanum lycopersicum,,
cultivar:vtm_804|solanum_lycopersicum,Cultivar,,,,,,VTM 804,,,,,solanum lycopersicum,,
cultivar:vtm_805|solanum_lycopersicum,Cultivar,,,,,,VTM 805,,,,,solanum lycopersicum,,
cultivar:vtm_806|solanum_lycopersicum,Cultivar,,,,,,VTM 806,,,,,solanum lycopersicum,,
cultivar:vtm_807|solanum_lycopersicum,Cultivar,,,,,,VTM 807,,,,,solanum lycopersicum,,
cultivar:vtm_808|solanum_lycopersicum,Cultivar,,,,,,VTM 808,,,,,solanum lycopersicum,,
cultivar:vtm_809|solanum_lycopersicum,Cultivar,,,,,,VTM 809,,,,,solanum lycopersicum,,
cultivar:vtm_814|solanum_lycopersicum,Cultivar,,,,,,VTM 814,,,,,solanum lycopersicum,,
cultivar:vtm_817|solanum_lycopersicum,Cultivar,,,,,,VTM 817,,,,,solanum lycopersicum,,
cultivar:vtm_830|solanum_lycopersicum,Cultivar,,,,,,VTM 830,,,,,solanum lycopersicum,,
cultivar:vtm_831|solanum_lycopersicum,Cultivar,,,,,,VTM 831,,,,,solanum lycopersicum,,
cultivar:vtm_834|solanum_lycopersicum,Cultivar,,,,,,VTM 834,,,,,solanum lycopersicum,,
cultivar:vtm_837|solanum_lycopersicum,Cultivar,,,,,,VTM 837,,,,,solanum lycopersicum,,
cultivar:vtm_839|solanum_lycopersicum,Cultivar,,,,,,VTM 839,,,,,solanum lycopersicum,,
cultivar:vtm_842|solanum_lycopersicum,Cultivar,,,,,,VTM 842,,,,,solanum lycopersicum,,
cultivar:vtm_845|solanum_lycopersicum,Cultivar,,,,,,VTM 845,,,,,solanum lycopersicum,,
cultivar:vtm_848|solanum_lycopersicum,Cultivar,,,,,,VTM 848,,,,,solanum lycopersicum,,
cultivar:vtm_855|solanum_lycopersicum,Cultivar,,,,,,VTM 855,,,,,solanum lycopersicum,,
cultivar:vtm_858|solanum_lycopersicum,Cultivar,,,,,,VTM 858,,,,,solanum lycopersicum,,
cultivar:vtm_859|solanum_lycopersicum,Cultivar,,,,,,VTM 859,,,,,solanum lycopersicum,,
cultivar:vtm_862|solanum_lycopersicum,Cultivar,,,,,,VTM 862,,,,,solanum lycopersicum,,
cultivar:vtm_865|solanum_lycopersicum,Cultivar,,,,,,VTM 865,,,,,solanum lycopersicum,,
cultivar:vtm_868|solanum_lycopersicum,Cultivar,,,,,,VTM 868,,,,,solanum lycopersicum,,
cultivar:vtm_872|solanum_lycopersicum,Cultivar,,,,,,VTM 872,,,,,solanum lycopersicum,,
cultivar:vtm_873|solanum_lycopersicum,Cultivar,,,,,,VTM 873,,,,,solanum lycopersicum,,
cultivar:vtm_875|solanum_lycopersicum,Cultivar,,,,,,VTM 875,,,,,solanum lycopersicum,,
cultivar:vtm_877|solanum_lycopersicum,Cultivar,,,,,,VTM 877,,,,,solanum lycopersicum,,
cultivar:vtm_901|solanum_lycopersicum,Cultivar,,,,,,VTM 901,,,,,solanum lycopersicum,,
cultivar:vtm_904|solanum_lycopersicum,Cultivar,,,,,,VTM 904,,,,,solanum lycopersicum,,
cultivar:vtm_919|solanum_lycopersicum,Cultivar,,,,,,VTM 919,,,,,solanum lycopersicum,,
cultivar:vtm_920|solanum_lycopersicum,Cultivar,,,,,,VTM 920,,,,,solanum lycopersicum,,
cultivar:vtm_921|solanum_lycopersicum,Cultivar,,,,,,VTM 921,,,,,solanum lycopersicum,,
cultivar:vtm_931|solanum_lycopersicum,Cultivar,,,,,,VTM 931,,,,,solanum lycopersicum,,
cultivar:vtm_950|solanum_lycopersicum,Cultivar,,,,,,VTM 950,,,,,solanum lycopersicum,,
cultivar:vtm_951|solanum_lycopersicum,Cultivar,,,,,,VTM 951,,,,,solanum lycopersicum,,
cultivar:vtm_952|solanum_lycopersicum,Cultivar,,,,,,VTM 952,,,,,solanum lycopersicum,,
cultivar:vtm_967|solanum_lycopersicum,Cultivar,,,,,,VTM 967,,,,,solanum lycopersicum,,
cultivar:vtm_968|solanum_lycopersicum,Cultivar,,,,,,VTM 968,,,,,solanum lycopersicum,,
cultivar:vtm03kg|solanum_lycopersicum,Cultivar,,,,,,VTM03KG,,,,,solanum lycopersicum,,
cultivar:vtm1002|solanum_lycopersicum,Cultivar,,,,,,VTM1002,,,,,solanum lycopersicum,,
cultivar:vtm1004|solanum_lycopersicum,Cultivar,,,,,,VTM1004,,,,,solanum lycopersicum,,
cultivar:vtm1009|solanum_lycopersicum,Cultivar,,,,,,VTM1009,,,,,solanum lycopersicum,,
cultivar:vtm1016|solanum_lycopersicum,Cultivar,,,,,,VTM1016,,,,,solanum lycopersicum,,
cultivar:vtm1024|solanum_lycopersicum,Cultivar,,,,,,VTM1024,,,,,solanum lycopersicum,,
cultivar:vtm1029|solanum_lycopersicum,Cultivar,,,,,,VTM1029,,,,,solanum lycopersicum,,
cultivar:vtm1030|solanum_lycopersicum,Cultivar,,,,,,VTM1030,,,,,solanum lycopersicum,,
cultivar:vtm1033|solanum_lycopersicum,Cultivar,,,,,,VTM1033,,,,,solanum lycopersicum,,
cultivar:vtm1035|solanum_lycopersicum,Cultivar,,,,,,VTM1035,,,,,solanum lycopersicum,,
cultivar:vtm1040|solanum_lycopersicum,Cultivar,,,,,,VTM1040,,,,,solanum lycopersicum,,
cultivar:vtm1044|solanum_lycopersicum,Cultivar,,,,,,VTM1044,,,,,solanum lycopersicum,,
cultivar:vtm1052|solanum_lycopersicum,Cultivar,,,,,,VTM1052,,,,,solanum lycopersicum,,
cultivar:vtm1068|solanum_lycopersicum,Cultivar,,,,,,VTM1068,,,,,solanum lycopersicum,,
cultivar:vtm1071|solanum_lycopersicum,Cultivar,,,,,,VTM1071,,,,,solanum lycopersicum,,
cultivar:vtm1072|solanum_lycopersicum,Cultivar,,,,,,VTM1072,,,,,solanum lycopersicum,,
cultivar:vtm1073|solanum_lycopersicum,Cultivar,,,,,,VTM1073,,,,,solanum lycopersicum,,
cultivar:vtm1074|solanum_lycopersicum,Cultivar,,,,,,VTM1074,,,,,solanum lycopersicum,,
cultivar:vtm1075|solanum_lycopersicum,Cultivar,,,,,,VTM1075,,,,,solanum lycopersicum,,
cultivar:vtm1076|solanum_lycopersicum,Cultivar,,,,,,VTM1076,,,,,solanum lycopersicum,,
cultivar:vtm1077|solanum_lycopersicum,Cultivar,,,,,,VTM1077,,,,,solanum lycopersicum,,
cultivar:vtm1091|solanum_lycopersicum,Cultivar,,,,,,VTM1091,,,,,solanum lycopersicum,,
cultivar:vtm1098|solanum_lycopersicum,Cultivar,,,,,,VTM1098,,,,,solanum lycopersicum,,
cultivar:vtm1099|solanum_lycopersicum,Cultivar,,,,,,VTM1099,,,,,solanum lycopersicum,,
cultivar:vtm1101|solanum_lycopersicum,Cultivar,,,,,,VTM1101,,,,,solanum lycopersicum,,
cultivar:vtm1113|solanum_lycopersicum,Cultivar,,,,,,VTM1113,,,,,solanum lycopersicum,,
cultivar:vtm1115|solanum_lycopersicum,Cultivar,,,,,,VTM1115,,,,,solanum lycopersicum,,
cultivar:vtm1116|solanum_lycopersicum,Cultivar,,,,,,VTM1116,,,,,solanum lycopersicum,,
cultivar:vtm1117|solanum_lycopersicum,Cultivar,,,,,,VTM1117,,,,,solanum lycopersicum,,
cultivar:vtm1120|solanum_lycopersicum,Cultivar,,,,,,VTM1120,,,,,solanum lycopersicum,,
cultivar:vtm1123|solanum_lycopersicum,Cultivar,,,,,,VTM1123,,,,,solanum lycopersicum,,
cultivar:vtm1125|solanum_lycopersicum,Cultivar,,,,,,VTM1125,,,,,solanum lycopersicum,,
cultivar:vtm1127|solanum_lycopersicum,Cultivar,,,,,,VTM1127,,,,,solanum lycopersicum,,
cultivar:vtm1132|solanum_lycopersicum,Cultivar,,,,,,VTM1132,,,,,solanum lycopersicum,,
cultivar:vtm1138|solanum_lycopersicum,Cultivar,,,,,,VTM1138,,,,,solanum lycopersicum,,
cultivar:vtm1151|solanum_lycopersicum,Cultivar,,,,,,VTM1151,,,,,solanum lycopersicum,,
cultivar:vtm1159|solanum_lycopersicum,Cultivar,,,,,,VTM1159,,,,,solanum lycopersicum,,
cultivar:vtm2013|solanum_lycopersicum,Cultivar,,,,,,VTM2013,,,,,solanum lycopersicum,,
cultivar:vtm636|solanum_lycopersicum,Cultivar,,,,,,VTM636,,,,,solanum lycopersicum,,
cultivar:vtm810|solanum_lycopersicum,Cultivar,,,,,,VTM810,,,,,solanum lycopersicum,,
cultivar:vtm883|solanum_lycopersicum,Cultivar,,,,,,VTM883,,,,,solanum lycopersicum,,
cultivar:vtm905|solanum_lycopersicum,Cultivar,,,,,,VTM905,,,,,solanum lycopersicum,,
cultivar:vtm907|solanum_lycopersicum,Cultivar,,,,,,VTM907,,,,,solanum lycopersicum,,
cultivar:vtm932|solanum_lycopersicum,Cultivar,,,,,,VTM932,,,,,solanum lycopersicum,,
cultivar:vtm933|solanum_lycopersicum,Cultivar,,,,,,VTM933,,,,,solanum lycopersicum,,
cultivar:vtm940|solanum_lycopersicum,Cultivar,,,,,,VTM940,,,,,solanum lycopersicum,,
cultivar:vtm956|solanum_lycopersicum,Cultivar,,,,,,VTM956,,,,,solanum lycopersicum,,
cultivar:vtm961|solanum_lycopersicum,Cultivar,,,,,,VTM961,,,,,solanum lycopersicum,,
cultivar:veloster|solanum_lycopersicum,Cultivar,,,,,,Veloster,,,,,solanum lycopersicum,,
cultivar:venetto|solanum_lycopersicum,Cultivar,,,,,,Venetto,,,,,solanum lycopersicum,,
cultivar:victory|solanum_lycopersicum,Cultivar,,,,,,Victory,,,,,solanum lycopersicum,,
cultivar:volt|solanum_lycopersicum,Cultivar,,,,,,Volt,,,,,solanum lycopersicum,,
cultivar:woodstock|solanum_lycopersicum,Cultivar,,,,,,Woodstock,,,,,solanum lycopersicum,,
cultivar:xtm_2804|solanum_lycopersicum,Cultivar,,,,,,XTM 2804,,,,,solanum lycopersicum,,
cultivar:xanthus|solanum_lycopersicum,Cultivar,,,,,,Xanthus,,,,,solanum lycopersicum,,
cultivar:yashi|solanum_lycopersicum,Cultivar,,,,,,Yashi,,,,,solanum lycopersicum,,
cultivar:yubi|solanum_lycopersicum,Cultivar,,,,,,Yubi,,,,,solanum lycopersicum,,
cultivar:avora|solanum_lycopersicum,Cultivar,,,,,,ÃVORA,,,,,solanum lycopersicum,,
cultivar:acaro|solanum_lycopersicum,Cultivar,,,,,,Ãcaro,,,,,solanum lycopersicum,,
cultivar:amega|solanum_lycopersicum,Cultivar,,,,,,Ãmega,,,,,solanum lycopersicum,,
